{
  "resourceType" : "Bundle",
  "id" : "312d0bfe-f81e-4dc9-b894-b474b0648476",
  "meta" : {
    "lastUpdated" : "2021-06-19T17:13:08.647+00:00"
  },
  "type" : "collection",
  "entry" : [{
    "fullUrl" : "https://www.hl7belgium.be/fhir/ValueSet/be-vs-medication-summary-types",
    "resource" : {
      "resourceType" : "ValueSet",
      "id" : "be-vs-medication-summary-types",
      "text" : {
        "status" : "generated",
        "div" : "<div xmlns=\"http://www.w3.org/1999/xhtml\"><p>This value set contains 2 concepts</p><p style=\"border: black 1px dotted; background-color: #EEEEEE; padding: 8px; margin-bottom: 8px\">Expansion based on <a href=\"CodeSystem-be-cs-medication-summary-types.html\">Medication Summary types v0.2.0 (CodeSystem)</a></p><p>All codes from system <a href=\"CodeSystem-be-cs-medication-summary-types.html\"><code>https://www.hl7belgium.be/fhir/CodeSystem/be-cs-medication-summary-types</code></a></p><table class=\"codes\"><tr><td style=\"white-space:nowrap\"><b>Code</b></td><td><b>Display</b></td><td><b>Definition</b></td></tr><tr><td style=\"white-space:nowrap\"><a name=\"https---www.hl7belgium.be-fhir-CodeSystem-be-cs-medication-summary-types-kmehr-ms-5.6\"> </a><a href=\"CodeSystem-be-cs-medication-summary-types.html#be-cs-medication-summary-types-kmehr-ms-5.466\">kmehr-ms-5.6</a></td><td>Belgian Medication Schema v5.6 - 09/2018</td><td/></tr><tr><td style=\"white-space:nowrap\"><a name=\"https---www.hl7belgium.be-fhir-CodeSystem-be-cs-medication-summary-types-kmehr-ms-5.5\"> </a><a href=\"CodeSystem-be-cs-medication-summary-types.html#be-cs-medication-summary-types-kmehr-ms-5.465\">kmehr-ms-5.5</a></td><td>Belgian Medication Schema v5.5 - 12-2017</td><td/></tr></table></div>"
      },
      "url" : "https://www.hl7belgium.be/fhir/ValueSet/be-vs-medication-summary-types",
      "version" : "0.2.0",
      "name" : "BeVSMedicationSummaryTypes",
      "title" : "Medication Summary types",
      "status" : "active",
      "date" : "2021-06-19T17:13:08+00:00",
      "publisher" : "HL7 Belgium",
      "contact" : [{
        "telecom" : [{
          "system" : "url",
          "value" : "http://hl7belgium.org"
        }]
      }],
      "description" : "Valueset -  Medication Summary types",
      "jurisdiction" : [{
        "coding" : [{
          "system" : "http://unstats.un.org/unsd/methods/m49/m49.htm",
          "code" : "056"
        }],
        "text" : "Belgium"
      }],
      "expansion" : {
        "identifier" : "urn:uuid:e79b9f88-c2c6-4744-9e0d-b688ffc0f296",
        "timestamp" : "2021-06-19T17:13:29+00:00",
        "total" : 2,
        "parameter" : [{
          "name" : "excludeNested",
          "valueBoolean" : false
        },
        {
          "name" : "version",
          "valueUri" : "https://www.hl7belgium.be/fhir/CodeSystem/be-cs-medication-summary-types|0.2.0"
        }],
        "contains" : [{
          "system" : "https://www.hl7belgium.be/fhir/CodeSystem/be-cs-medication-summary-types",
          "code" : "kmehr-ms-5.6",
          "display" : "Belgian Medication Schema v5.6 - 09/2018"
        },
        {
          "system" : "https://www.hl7belgium.be/fhir/CodeSystem/be-cs-medication-summary-types",
          "code" : "kmehr-ms-5.5",
          "display" : "Belgian Medication Schema v5.5 - 12-2017"
        }]
      }
    }
  }]
}