[
  {
    "id" : "medication-exposuretype",
    "type" : "CodeSystem",
    "url" : "https://www.ehealth.fgov.be/standards/fhir/medication/CodeSystem/medication-exposuretype",
    "version" : "1.0.1",
    "name" : "BEMLMExposureType"
  },
  {
    "id" : "medication-type",
    "type" : "CodeSystem",
    "url" : "https://www.ehealth.fgov.be/standards/fhir/medication/CodeSystem/medication-type",
    "version" : "1.0.1",
    "name" : "BEMLMedicationType"
  },
  {
    "id" : "hl7.fhir.be.medication",
    "type" : "ImplementationGuide",
    "url" : "https://www.ehealth.fgov.be/standards/fhir/medication/ImplementationGuide/hl7.fhir.be.medication",
    "version" : "1.0.1",
    "name" : "Medication"
  },
  {
    "id" : "be-ns-cnk-codes",
    "type" : "NamingSystem",
    "url" : "https://www.ehealth.fgov.be/standards/fhir/medication/NamingSystem/be-ns-cnk-codes",
    "version" : "1.0.1",
    "name" : "BeNSCNK"
  },
  {
    "id" : "be-ns-cti-extended-code",
    "type" : "NamingSystem",
    "url" : "https://www.ehealth.fgov.be/standards/fhir/medication/NamingSystem/be-ns-cti-extended-code",
    "version" : "1.0.1",
    "name" : "BeNSCTIExtended"
  },
  {
    "id" : "be-ns-prescription-ids",
    "type" : "NamingSystem",
    "url" : "https://www.ehealth.fgov.be/standards/fhir/medication/NamingSystem/be-ns-prescription-ids",
    "version" : "1.0.1",
    "name" : "BeNSPrescriptions"
  },
  {
    "id" : "be-ns-product-package-type",
    "type" : "NamingSystem",
    "url" : "https://www.ehealth.fgov.be/standards/fhir/medication/NamingSystem/be-ns-product-package-type",
    "version" : "1.0.1",
    "name" : "BeNSProductPackage"
  },
  {
    "id" : "AD",
    "type" : "StructureDefinition",
    "url" : "https://www.ehealth.fgov.be/standards/fhir/medication/StructureDefinition/AD",
    "version" : "1.0.1",
    "name" : "AD"
  },
  {
    "id" : "ANY",
    "type" : "StructureDefinition",
    "url" : "https://www.ehealth.fgov.be/standards/fhir/medication/StructureDefinition/ANY",
    "version" : "1.0.1",
    "name" : "ANY"
  },
  {
    "id" : "BELMMedProduct",
    "type" : "StructureDefinition",
    "url" : "https://www.ehealth.fgov.be/standards/fhir/medication/StructureDefinition/BELMMedProduct",
    "version" : "1.0.1",
    "name" : "BELMMedProduct"
  },
  {
    "id" : "BELMMedicationLine",
    "type" : "StructureDefinition",
    "url" : "https://www.ehealth.fgov.be/standards/fhir/medication/StructureDefinition/BELMMedicationLine",
    "version" : "1.0.1",
    "name" : "MedicationLine"
  },
  {
    "id" : "BEMedicationLine",
    "type" : "StructureDefinition",
    "url" : "https://www.ehealth.fgov.be/standards/fhir/medication/StructureDefinition/BEMedicationLine",
    "version" : "1.0.1",
    "name" : "BEMedicationLine"
  },
  {
    "id" : "BL",
    "type" : "StructureDefinition",
    "url" : "https://www.ehealth.fgov.be/standards/fhir/medication/StructureDefinition/BL",
    "version" : "1.0.1",
    "name" : "BL"
  },
  {
    "id" : "CD",
    "type" : "StructureDefinition",
    "url" : "https://www.ehealth.fgov.be/standards/fhir/medication/StructureDefinition/CD",
    "version" : "1.0.1",
    "name" : "CD"
  },
  {
    "id" : "Class",
    "type" : "StructureDefinition",
    "url" : "https://www.ehealth.fgov.be/standards/fhir/medication/StructureDefinition/Class",
    "version" : "1.0.1",
    "name" : "Class"
  },
  {
    "id" : "DT",
    "type" : "StructureDefinition",
    "url" : "https://www.ehealth.fgov.be/standards/fhir/medication/StructureDefinition/DT",
    "version" : "1.0.1",
    "name" : "DT"
  },
  {
    "id" : "EN",
    "type" : "StructureDefinition",
    "url" : "https://www.ehealth.fgov.be/standards/fhir/medication/StructureDefinition/EN",
    "version" : "1.0.1",
    "name" : "EN"
  },
  {
    "id" : "II",
    "type" : "StructureDefinition",
    "url" : "https://www.ehealth.fgov.be/standards/fhir/medication/StructureDefinition/II",
    "version" : "1.0.1",
    "name" : "II"
  },
  {
    "id" : "INT",
    "type" : "StructureDefinition",
    "url" : "https://www.ehealth.fgov.be/standards/fhir/medication/StructureDefinition/INT",
    "version" : "1.0.1",
    "name" : "INT"
  },
  {
    "id" : "KMEHRMS",
    "type" : "StructureDefinition",
    "url" : "https://www.ehealth.fgov.be/standards/fhir/medication/StructureDefinition/KMEHRMS",
    "version" : "1.0.1",
    "name" : "KMEHRMS"
  },
  {
    "id" : "PQ",
    "type" : "StructureDefinition",
    "url" : "https://www.ehealth.fgov.be/standards/fhir/medication/StructureDefinition/PQ",
    "version" : "1.0.1",
    "name" : "PQ"
  },
  {
    "id" : "REAL",
    "type" : "StructureDefinition",
    "url" : "https://www.ehealth.fgov.be/standards/fhir/medication/StructureDefinition/REAL",
    "version" : "1.0.1",
    "name" : "REAL"
  },
  {
    "id" : "RTO",
    "type" : "StructureDefinition",
    "url" : "https://www.ehealth.fgov.be/standards/fhir/medication/StructureDefinition/RTO",
    "version" : "1.0.1",
    "name" : "RTO"
  },
  {
    "id" : "ST",
    "type" : "StructureDefinition",
    "url" : "https://www.ehealth.fgov.be/standards/fhir/medication/StructureDefinition/ST",
    "version" : "1.0.1",
    "name" : "ST"
  },
  {
    "id" : "TS",
    "type" : "StructureDefinition",
    "url" : "https://www.ehealth.fgov.be/standards/fhir/medication/StructureDefinition/TS",
    "version" : "1.0.1",
    "name" : "TS"
  },
  {
    "id" : "Untyped",
    "type" : "StructureDefinition",
    "url" : "https://www.ehealth.fgov.be/standards/fhir/medication/StructureDefinition/Untyped",
    "version" : "1.0.1",
    "name" : "Untyped"
  },
  {
    "id" : "be-medicationdispense",
    "type" : "StructureDefinition",
    "url" : "https://www.ehealth.fgov.be/standards/fhir/medication/StructureDefinition/be-medicationdispense",
    "version" : "1.0.1",
    "name" : "BeMedicationDispense"
  },
  {
    "id" : "BeModelMedicationDispense",
    "type" : "StructureDefinition",
    "url" : "https://www.ehealth.fgov.be/standards/fhir/medication/StructureDefinition/be-model-medication-dispense",
    "version" : "1.0.1",
    "name" : "BeModelMedicationDispense"
  },
  {
    "id" : "be-vs-dispenser-types",
    "type" : "ValueSet",
    "url" : "https://www.ehealth.fgov.be/standards/fhir/medication/ValueSet/be-vs-dispenser-types",
    "version" : "1.0.1",
    "name" : "DispenserTypes"
  },
  {
    "id" : "medication-exposuretype-vs",
    "type" : "ValueSet",
    "url" : "https://www.ehealth.fgov.be/standards/fhir/medication/ValueSet/medication-exposuretype-vs",
    "version" : "1.0.1",
    "name" : "BEMLMExposureTypeVS"
  },
  {
    "id" : "medication-type-vs",
    "type" : "ValueSet",
    "url" : "https://www.ehealth.fgov.be/standards/fhir/medication/ValueSet/medication-type-vs",
    "version" : "1.0.1",
    "name" : "BEMLMedicationTypeVS"
  }
]
