URL,Version,Status,OIDs,Name,Title,Descriptino,Used
http://snomed.info/sct,null,active,"2.16.840.1.113883.6.96",SNOMED_CT,SNOMED CT (all versions),"SNOMED CT is the most comprehensive and precise clinical health terminology product in the world, owned and distributed around the world by The International Health Terminology Standards Development Organisation (IHTSDO).","ValueSet/medication-codes,ValueSet/medication-exposure-category-vs"
https://www.ehealth.fgov.be/standards/fhir/core/CodeSystem/cd-hcparty,2.0.0,active,,HCParty,null,"healthcare party in Belgium.","ValueSet/be-vs-dispenser-types"
https://www.ehealth.fgov.be/standards/fhir/medication/CodeSystem/medication-exposuretype,1.0.1,draft,,BEMLMExposureType,Medication exposure purpose,"Medication exposure purpose","ValueSet/medication-exposuretype-vs"
https://www.ehealth.fgov.be/standards/fhir/medication/CodeSystem/medication-type,1.0.1,draft,,BEMLMedicationType,Medication preparation Type,"Medication preparation type","ValueSet/medication-type-vs"
