<?xml version="1.0" encoding="UTF-8"?>

<ImplementationGuide xmlns="http://hl7.org/fhir">
  <id value="hl7.be.fhir.medicationig"/>
  <text>
    <status value="extensions"/><div xmlns="http://www.w3.org/1999/xhtml"><h2>BEMedicationIG</h2><p>The official URL for this implementation guide is: </p><pre>https://www.hl7belgium.be/fhir/ImplementationGuide/hl7.be.fhir.medicationig</pre><div><p>ImplementationGuide for HL7 Belgium Medication Work Group</p>
</div></div>
  </text>
  <url value="https://www.hl7belgium.be/fhir/ImplementationGuide/hl7.be.fhir.medicationig"/>
  <version value="0.2.0"/>
  <name value="BEMedicationIG"/>
  <title value="HL7 Belgium Medication Implementation Guide"/>
  <status value="draft"/>
  <experimental value="false"/>
  <date value="2021-06-19T17:18:58+00:00"/>
  <publisher value="HL7 Belgium"/>
  <contact>
    <telecom>
      <system value="url"/>
      <value value="http://hl7belgium.org"/>
    </telecom>
  </contact>
  <description value="ImplementationGuide for HL7 Belgium Medication Work Group"/>
  <jurisdiction>
    <coding>
      <system value="http://unstats.un.org/unsd/methods/m49/m49.htm"/>
      <code value="056"/>
    </coding>
    <text value="Belgium"/>
  </jurisdiction>
  <packageId value="hl7.be.fhir.medicationig"/>
  <license value="CC0-1.0"/>
  <fhirVersion value="4.0.1"/>
  <dependsOn id="fedbecore">
    <uri value="https://www.ehealth.fgov.be/standards/fhir/ImplementationGuide/fed-be-core"/>
    <packageId value="fed.be.core"/>
    <version value="dev"/>
  </dependsOn>
  <definition>
    <extension url="http://hl7.org/fhir/tools/StructureDefinition/ig-parameter">
      <extension url="code">
        <valueString value="copyrightyear"/>
      </extension>
      <extension url="value">
        <valueString value="2019+"/>
      </extension>
    </extension>
    <extension url="http://hl7.org/fhir/tools/StructureDefinition/ig-parameter">
      <extension url="code">
        <valueString value="releaselabel"/>
      </extension>
      <extension url="value">
        <valueString value="CI Build"/>
      </extension>
    </extension>
    <extension url="http://hl7.org/fhir/tools/StructureDefinition/ig-parameter">
      <extension url="code">
        <valueString value="path-binary"/>
      </extension>
      <extension url="value">
        <valueString value="input\cql"/>
      </extension>
    </extension>
    <extension url="http://hl7.org/fhir/tools/StructureDefinition/ig-parameter">
      <extension url="code">
        <valueString value="excludettl"/>
      </extension>
      <extension url="value">
        <valueString value="true"/>
      </extension>
    </extension>
    <extension url="http://hl7.org/fhir/tools/StructureDefinition/ig-parameter">
      <extension url="code">
        <valueString value="show-inherited-invariants"/>
      </extension>
      <extension url="value">
        <valueString value="false"/>
      </extension>
    </extension>
    <extension url="http://hl7.org/fhir/tools/StructureDefinition/ig-parameter">
      <extension url="code">
        <valueString value="autoload-resources"/>
      </extension>
      <extension url="value">
        <valueString value="true"/>
      </extension>
    </extension>
    <extension url="http://hl7.org/fhir/tools/StructureDefinition/ig-parameter">
      <extension url="code">
        <valueString value="path-liquid"/>
      </extension>
      <extension url="value">
        <valueString value="template/liquid"/>
      </extension>
    </extension>
    <extension url="http://hl7.org/fhir/tools/StructureDefinition/ig-parameter">
      <extension url="code">
        <valueString value="path-liquid"/>
      </extension>
      <extension url="value">
        <valueString value="input/liquid"/>
      </extension>
    </extension>
    <extension url="http://hl7.org/fhir/tools/StructureDefinition/ig-parameter">
      <extension url="code">
        <valueString value="path-qa"/>
      </extension>
      <extension url="value">
        <valueString value="temp/qa"/>
      </extension>
    </extension>
    <extension url="http://hl7.org/fhir/tools/StructureDefinition/ig-parameter">
      <extension url="code">
        <valueString value="path-temp"/>
      </extension>
      <extension url="value">
        <valueString value="temp/pages"/>
      </extension>
    </extension>
    <extension url="http://hl7.org/fhir/tools/StructureDefinition/ig-parameter">
      <extension url="code">
        <valueString value="path-output"/>
      </extension>
      <extension url="value">
        <valueString value="output"/>
      </extension>
    </extension>
    <extension url="http://hl7.org/fhir/tools/StructureDefinition/ig-parameter">
      <extension url="code">
        <valueString value="path-suppressed-warnings"/>
      </extension>
      <extension url="value">
        <valueString value="input/ignoreWarnings.txt"/>
      </extension>
    </extension>
    <extension url="http://hl7.org/fhir/tools/StructureDefinition/ig-parameter">
      <extension url="code">
        <valueString value="path-history"/>
      </extension>
      <extension url="value">
        <valueString value="https://www.hl7belgium.be/fhir/history.html"/>
      </extension>
    </extension>
    <extension url="http://hl7.org/fhir/tools/StructureDefinition/ig-parameter">
      <extension url="code">
        <valueString value="template-html"/>
      </extension>
      <extension url="value">
        <valueString value="template-page.html"/>
      </extension>
    </extension>
    <extension url="http://hl7.org/fhir/tools/StructureDefinition/ig-parameter">
      <extension url="code">
        <valueString value="template-md"/>
      </extension>
      <extension url="value">
        <valueString value="template-page-md.html"/>
      </extension>
    </extension>
    <extension url="http://hl7.org/fhir/tools/StructureDefinition/ig-parameter">
      <extension url="code">
        <valueString value="apply-contact"/>
      </extension>
      <extension url="value">
        <valueString value="true"/>
      </extension>
    </extension>
    <extension url="http://hl7.org/fhir/tools/StructureDefinition/ig-parameter">
      <extension url="code">
        <valueString value="apply-context"/>
      </extension>
      <extension url="value">
        <valueString value="true"/>
      </extension>
    </extension>
    <extension url="http://hl7.org/fhir/tools/StructureDefinition/ig-parameter">
      <extension url="code">
        <valueString value="apply-copyright"/>
      </extension>
      <extension url="value">
        <valueString value="true"/>
      </extension>
    </extension>
    <extension url="http://hl7.org/fhir/tools/StructureDefinition/ig-parameter">
      <extension url="code">
        <valueString value="apply-jurisdiction"/>
      </extension>
      <extension url="value">
        <valueString value="true"/>
      </extension>
    </extension>
    <extension url="http://hl7.org/fhir/tools/StructureDefinition/ig-parameter">
      <extension url="code">
        <valueString value="apply-license"/>
      </extension>
      <extension url="value">
        <valueString value="true"/>
      </extension>
    </extension>
    <extension url="http://hl7.org/fhir/tools/StructureDefinition/ig-parameter">
      <extension url="code">
        <valueString value="apply-publisher"/>
      </extension>
      <extension url="value">
        <valueString value="true"/>
      </extension>
    </extension>
    <extension url="http://hl7.org/fhir/tools/StructureDefinition/ig-parameter">
      <extension url="code">
        <valueString value="apply-version"/>
      </extension>
      <extension url="value">
        <valueString value="true"/>
      </extension>
    </extension>
    <extension url="http://hl7.org/fhir/tools/StructureDefinition/ig-parameter">
      <extension url="code">
        <valueString value="active-tables"/>
      </extension>
      <extension url="value">
        <valueString value="true"/>
      </extension>
    </extension>
    <grouping id="medicationdispense">
      <name value="Medication Dispense"/>
      <description value="Medication Dispense"/>
    </grouping>
    <grouping id="medicationrecord">
      <name value="Medication Record"/>
      <description value="Medication Record / Medication Schema"/>
    </grouping>
    <grouping id="vocabulary">
      <name value="Vocabulary"/>
      <description value="Terminology and Vocabulary"/>
    </grouping>
    <resource>
      <extension url="http://hl7.org/fhir/tools/StructureDefinition/resource-information">
        <valueString value="StructureDefinition:logical"/>
      </extension>
      <reference>
        <reference value="StructureDefinition/be-model-medication-dispense"/>
      </reference>
      <fhirVersion value="4.0.1"/>
      <name value="Logical Model Medication Dispense"/>
      <description value="Medication Dispense entry - information captured when dispensing medication e.g. in pharmacies and hospitals"/>
      <groupingId value="medicationdispense"/>
    </resource>
    <resource>
      <extension url="http://hl7.org/fhir/tools/StructureDefinition/resource-information">
        <valueString value="StructureDefinition:resource"/>
      </extension>
      <reference>
        <reference value="StructureDefinition/be-medicationdispense"/>
      </reference>
      <fhirVersion value="4.0.1"/>
      <name value="Profile - Medication Dispense"/>
      <description value="Medication Dispense entry - information captured when dispensing medication e.g. in pharmacies and hospitals"/>
      <groupingId value="medicationdispense"/>
    </resource>
    <resource>
      <extension url="http://hl7.org/fhir/tools/StructureDefinition/resource-information">
        <valueString value="StructureDefinition:logical"/>
      </extension>
      <reference>
        <reference value="StructureDefinition/be-model-medication-record"/>
      </reference>
      <fhirVersion value="4.0.1"/>
      <name value="Logical Model Medication Record"/>
      <description value="Medication Record - summary or detailed information about the usage of medication by a patient"/>
      <groupingId value="medicationrecord"/>
    </resource>
    <resource>
      <extension url="http://hl7.org/fhir/tools/StructureDefinition/resource-information">
        <valueString value="NamingSystem"/>
      </extension>
      <reference>
        <reference value="NamingSystem/be-ns-nihdi-organization"/>
      </reference>
      <fhirVersion value="4.0.1"/>
      <name value="NamingSystem - NIHDI Organization"/>
      <description value="NIHDI identifier for care organizations"/>
      <groupingId value="terminology"/>
    </resource>
    <resource>
      <extension url="http://hl7.org/fhir/tools/StructureDefinition/resource-information">
        <valueString value="NamingSystem"/>
      </extension>
      <reference>
        <reference value="NamingSystem/be-ns-nihdi-professional"/>
      </reference>
      <fhirVersion value="4.0.1"/>
      <name value="NamingSystem - NIHDI Professional"/>
      <description value="NIHDI identifier for care professionals"/>
      <groupingId value="terminology"/>
    </resource>
    <resource>
      <extension url="http://hl7.org/fhir/tools/StructureDefinition/resource-information">
        <valueString value="MedicationDispense"/>
      </extension>
      <reference>
        <reference value="MedicationDispense/medication-dispense-example-1"/>
      </reference>
      <fhirVersion value="4.0.1"/>
      <name value="Medication Dispense Example 1"/>
      <description value="Medication Dispense Example 1 - a simple example of a dispensation in a pharmacy"/>
      <exampleCanonical value="https://www.hl7belgium.be/fhir/StructureDefinition/be-medicationdispense"/>
      <groupingId value="medicationdispense"/>
    </resource>
    <resource>
      <extension url="http://hl7.org/fhir/tools/StructureDefinition/resource-information">
        <valueString value="MedicationDispense"/>
      </extension>
      <reference>
        <reference value="MedicationDispense/medication-dispense-example-2"/>
      </reference>
      <fhirVersion value="4.0.1"/>
      <name value="Medication Dispense Example 2"/>
      <description value="Medication Dispense Example 2 - a simple example of a dispensation in a pharmacy - with a geolocation"/>
      <exampleCanonical value="https://www.hl7belgium.be/fhir/StructureDefinition/be-medicationdispense"/>
      <groupingId value="medicationdispense"/>
    </resource>
    <resource>
      <extension url="http://hl7.org/fhir/tools/StructureDefinition/resource-information">
        <valueString value="NamingSystem"/>
      </extension>
      <reference>
        <reference value="NamingSystem/be-ns-cnk-codes"/>
      </reference>
      <description value="Naming System - CNK Product Codes"/>
    </resource>
    <resource>
      <extension url="http://hl7.org/fhir/tools/StructureDefinition/resource-information">
        <valueString value="MedicationDispense"/>
      </extension>
      <reference>
        <reference value="MedicationDispense/example-dispense-communitypharmacy-1med"/>
      </reference>
      <name value="Example MedicationDispense - example-dispense-communitypharmacy-1med"/>
      <exampleCanonical value="https://www.hl7belgium.be/fhir/StructureDefinition/be-medicationdispense"/>
    </resource>
    <resource>
      <extension url="http://hl7.org/fhir/tools/StructureDefinition/resource-information">
        <valueString value="MedicationDispense"/>
      </extension>
      <reference>
        <reference value="MedicationDispense/example-minimal-dispense"/>
      </reference>
      <name value="Example MedicationDispense - example-minimal-dispense"/>
      <exampleCanonical value="https://www.hl7belgium.be/fhir/StructureDefinition/be-medicationdispense"/>
    </resource>
    <resource>
      <extension url="http://hl7.org/fhir/tools/StructureDefinition/resource-information">
        <valueString value="ValueSet"/>
      </extension>
      <reference>
        <reference value="ValueSet/be-vs-medication-summary-types"/>
      </reference>
      <name value="Medication Summary types"/>
      <description value="Valueset -  Medication Summary types"/>
    </resource>
    <resource>
      <extension url="http://hl7.org/fhir/tools/StructureDefinition/resource-information">
        <valueString value="NamingSystem"/>
      </extension>
      <reference>
        <reference value="NamingSystem/be-ns-prescription-ids"/>
      </reference>
      <description value="Naming System - Prescription IDs"/>
    </resource>
    <resource>
      <extension url="http://hl7.org/fhir/tools/StructureDefinition/resource-information">
        <valueString value="NamingSystem"/>
      </extension>
      <reference>
        <reference value="NamingSystem/be-ns-product-package-type"/>
      </reference>
      <description value="Naming System - Product Package Types"/>
    </resource>
    <resource>
      <extension url="http://hl7.org/fhir/tools/StructureDefinition/resource-information">
        <valueString value="MedicationDispense"/>
      </extension>
      <reference>
        <reference value="MedicationDispense/medication-dispense-hospital"/>
      </reference>
      <name value="Example MedicationDispense - medication-dispense-hospital"/>
      <exampleCanonical value="https://www.hl7belgium.be/fhir/StructureDefinition/be-medicationdispense"/>
    </resource>
    <resource>
      <extension url="http://hl7.org/fhir/tools/StructureDefinition/resource-information">
        <valueString value="CodeSystem"/>
      </extension>
      <reference>
        <reference value="CodeSystem/be-cs-medication-summary-types"/>
      </reference>
      <name value="Medication Summary types"/>
      <description value="CodeSystem - Medication Summary types"/>
    </resource>
    <page>
      <nameUrl value="toc.html"/>
      <title value="Table of Contents"/>
      <generation value="html"/>
      <page>
        <nameUrl value="index.html"/>
        <title value="MyIG Home Page"/>
        <generation value="html"/>
      </page>
      <page>
        <nameUrl value="howto.html"/>
        <title value="How to read this document"/>
        <generation value="html"/>
      </page>
      <page>
        <nameUrl value="usecases-dispense.html"/>
        <title value="Use Cases - Dispense"/>
        <generation value="markdown"/>
      </page>
      <page>
        <nameUrl value="medicationrecord.html"/>
        <title value="The Belgian Medication Record"/>
        <generation value="markdown"/>
        <page>
          <nameUrl value="medicationrecord-scenarios.html"/>
          <title value="Medication Record Scenarios"/>
          <generation value="markdown"/>
          <page>
            <nameUrl value="medicationrecord-scenario-1.html"/>
            <title value="Scenario 1 - concurrent medications"/>
            <generation value="markdown"/>
          </page>
          <page>
            <nameUrl value="medicationrecord-scenario-2.html"/>
            <title value="Scenario 2 - medication protocols"/>
            <generation value="markdown"/>
          </page>
        </page>
        <page>
          <nameUrl value="medicationrecord-definitions.html"/>
          <title value="Definitions - Medication Record"/>
          <generation value="markdown"/>
        </page>
        <page>
          <nameUrl value="medicationrecord-requirements.html"/>
          <title value="Requirements - Medication Record"/>
          <generation value="markdown"/>
        </page>
        <page>
          <nameUrl value="medicationrecord-patterns.html"/>
          <title value="Architectural patterns - Medication Record"/>
          <generation value="markdown"/>
          <page>
            <nameUrl value="medicationrecord-pattern-1.html"/>
            <title value="Pattern 1 - Consult a patient&#39;s medication record"/>
            <generation value="markdown"/>
          </page>
          <page>
            <nameUrl value="medicationrecord-pattern-2.html"/>
            <title value="Pattern 2 - update a patient&#39;s medication record"/>
            <generation value="markdown"/>
          </page>
          <page>
            <nameUrl value="medicationrecord-pattern-3.html"/>
            <title value="Pattern 3 - Compile a medication record"/>
            <generation value="markdown"/>
          </page>
        </page>
      </page>
      <page>
        <nameUrl value="logical-models.html"/>
        <title value="Logical Models"/>
        <generation value="markdown"/>
      </page>
      <page>
        <nameUrl value="downloads.html"/>
        <title value="Downloads"/>
        <generation value="html"/>
      </page>
    </page>
    <parameter>
      <code value="path-resource"/>
      <value value="input/capabilities"/>
    </parameter>
    <parameter>
      <code value="path-resource"/>
      <value value="input/examples"/>
    </parameter>
    <parameter>
      <code value="path-resource"/>
      <value value="input/extensions"/>
    </parameter>
    <parameter>
      <code value="path-resource"/>
      <value value="input/models"/>
    </parameter>
    <parameter>
      <code value="path-resource"/>
      <value value="input/operations"/>
    </parameter>
    <parameter>
      <code value="path-resource"/>
      <value value="input/profiles"/>
    </parameter>
    <parameter>
      <code value="path-resource"/>
      <value value="input/resources"/>
    </parameter>
    <parameter>
      <code value="path-resource"/>
      <value value="input/vocabulary"/>
    </parameter>
    <parameter>
      <code value="path-resource"/>
      <value value="input/maps"/>
    </parameter>
    <parameter>
      <code value="path-resource"/>
      <value value="input/testing"/>
    </parameter>
    <parameter>
      <code value="path-resource"/>
      <value value="input/history"/>
    </parameter>
    <parameter>
      <code value="path-resource"/>
      <value value="fsh-generated/resources"/>
    </parameter>
    <parameter>
      <code value="path-pages"/>
      <value value="template/config"/>
    </parameter>
    <parameter>
      <code value="path-pages"/>
      <value value="input/images"/>
    </parameter>
    <parameter>
      <code value="path-tx-cache"/>
      <value value="input-cache/txcache"/>
    </parameter>
  </definition>
</ImplementationGuide>