<?xml version="1.0" encoding="UTF-8"?>

<MedicationDispense xmlns="http://hl7.org/fhir">
  <id value="medication-dispense-example-2"/>
  <meta>
    <profile value="https://www.hl7belgium.be/fhir/StructureDefinition/be-medicationdispense"/>
  </meta>
  <language value="nl-BE"/>
  <text>
    <status value="generated"/><div xmlns="http://www.w3.org/1999/xhtml" xml:lang="nl-BE" lang="nl-BE"><p><b>Generated Narrative</b></p><p><b>identifier</b>: dguid: a8ca980c-72aa-11e7-8cf7-a6006ad3dba0</p><p><b>status</b>: completed</p><p><b>medication</b>: <span title="Codes: {https://cnk.apb.be/codings/cnk_product_codes 1439562}">Topazolam tab 50x 1,0mg</span></p><p><b>subject</b>: <span></span></p><p><b>context</b>: <span></span></p><h3>Performers</h3><table class="grid"><tr><td>-</td><td><b>Actor</b></td></tr><tr><td>*</td><td><a name="apotheek-onder-de-toren"> </a><blockquote><blockquote><p><b>Geolocation</b></p><p><b>value</b>: 51.239847</p><p><b>value</b>: 3.319952</p></blockquote><p><b>identifier</b>: id: 27457532</p><p><b>type</b>: <span title="Codes: {https://www.ehealth.fgov.be/standards/fhir/CodeSystem/cd-hcparty pharmacy}">pharmacy</span></p></blockquote></td></tr></table><p><b>authorizingPrescription</b>: <span>Prescription</span></p><p><b>quantity</b>: 1 package</p><p><b>whenHandedOver</b>: 2020-03-10</p></div>
  </text>
  <contained>
    <Organization>
      <id value="apotheek-onder-de-toren"/>
      <extension url="http://hl7.org/fhir/StructureDefinition/geolocation">
        <extension url="latitude">
          <valueDecimal value="51.239847"/>
        </extension>
        <extension url="longitude">
          <valueDecimal value="3.319952"/>
        </extension>
      </extension>
      <identifier>
        <system value="https://www.ehealth.fgov.be/standards/fhir/NamingSystem/nihdi-organization"/>
        <value value="27457532"/>
      </identifier>
      <type>
        <coding>
          <system value="https://www.ehealth.fgov.be/standards/fhir/CodeSystem/cd-hcparty"/>
          <code value="pharmacy"/>
        </coding>
        <text value="pharmacy"/>
      </type>
    </Organization>
  </contained>
  <identifier>
    <type>
      <coding>
        <code value="dguid"/>
      </coding>
    </type>
    <system value="https://www.gfd-dpp.be/fhir/reference/dguid"/>
    <value value="a8ca980c-72aa-11e7-8cf7-a6006ad3dba0"/>
  </identifier>
  <status value="completed"/>
  <medicationCodeableConcept>
    <coding>
      <system value="https://cnk.apb.be/codings/cnk_product_codes"/>
      <code value="1439562"/>
      <display value="Topazolam tab 50x 1,0mg">
        <extension url="http://hl7.org/fhir/StructureDefinition/translation">
          <extension url="lang">
            <valueCode value="nl-BE"/>
          </extension>
          <extension url="content">
            <valueString value="Topazolam tab 50x 1,0mg"/>
          </extension>
        </extension>
      </display>
    </coding>
  </medicationCodeableConcept>
  <subject>
    <identifier>
      <system value="https://www.ehealth.fgov.be/standards/fhir/NamingSystem/ssin"/>
      <value value="64110219106"/>
    </identifier>
  </subject>
  <context>
    <identifier>
      <type>
        <coding>
          <code value="sguid"/>
        </coding>
      </type>
      <system value="https://www.gfd-dpp.be/fhir/reference/sguid"/>
      <value value="b8ca980c-72aa-11e7-8cf7-a6006ad3dba0"/>
    </identifier>
  </context>
  <performer>
    <actor>
      <reference value="#apotheek-onder-de-toren"/>
      <identifier>
        <system value="https://www.ehealth.fgov.be/standards/fhir/NamingSystem/nihdi-organization"/>
        <value value="27457532"/>
      </identifier>
      <display value="Apotheek onder de toren"/>
    </actor>
  </performer>
  <authorizingPrescription>
    <display value="Prescription"/>
  </authorizingPrescription>
  <quantity>
    <value value="1"/>
    <system value="https://www.gfd-dpp.be/fhir/reference/packaging"/>
    <code value="package"/>
  </quantity>
  <whenHandedOver value="2020-03-10"/>
  <dosageInstruction>
    <text value="3 x per dag">
      <extension url="http://hl7.org/fhir/StructureDefinition/translation">
        <extension url="lang">
          <valueCode value="fr-BE"/>
        </extension>
        <extension url="content">
          <valueString value="3 x par jour"/>
        </extension>
      </extension>
    </text>
  </dosageInstruction>
</MedicationDispense>