<?xml version="1.0" encoding="UTF-8"?>

<ValueSet xmlns="http://hl7.org/fhir">
  <id value="DispenserTypes"/>
  <text>
    <status value="generated"/><div xmlns="http://www.w3.org/1999/xhtml"><ul><li>Include these codes as defined in <a href="https://build.fhir.org/ig/ec-ehealth/ehealthplatformstandards//CodeSystem-cd-hcparty.html"><code>https://www.ehealth.fgov.be/standards/fhir/CodeSystem/cd-hcparty</code></a><table class="none"><tr><td style="white-space:nowrap"><b>Code</b></td><td><b>Display</b></td></tr><tr><td><a href="https://build.fhir.org/ig/ec-ehealth/ehealthplatformstandards//CodeSystem-cd-hcparty.html#cd-hcparty-deptpharmacy">deptpharmacy</a></td><td>Pharmacy service or department within an organisation</td></tr><tr><td><a href="https://build.fhir.org/ig/ec-ehealth/ehealthplatformstandards//CodeSystem-cd-hcparty.html#cd-hcparty-perspharmacist">perspharmacist</a></td><td>pharmacist</td></tr><tr><td><a href="https://build.fhir.org/ig/ec-ehealth/ehealthplatformstandards//CodeSystem-cd-hcparty.html#cd-hcparty-orgpharmacy">orgpharmacy</a></td><td>Independent pharmacy</td></tr><tr><td><a href="https://build.fhir.org/ig/ec-ehealth/ehealthplatformstandards//CodeSystem-cd-hcparty.html#cd-hcparty-perspharmacyassistant">perspharmacyassistant</a></td><td>pharmacy assistant</td></tr><tr><td><a href="https://build.fhir.org/ig/ec-ehealth/ehealthplatformstandards//CodeSystem-cd-hcparty.html#cd-hcparty-perspharmacistclinicalbiologist">perspharmacistclinicalbiologist</a></td><td>pharmacist-clinical biologist</td></tr><tr><td><a href="https://build.fhir.org/ig/ec-ehealth/ehealthplatformstandards//CodeSystem-cd-hcparty.html#cd-hcparty-persdentist">persdentist</a></td><td>dentist</td></tr><tr><td><a href="https://build.fhir.org/ig/ec-ehealth/ehealthplatformstandards//CodeSystem-cd-hcparty.html#cd-hcparty-deptdentistry">deptdentistry</a></td><td>dentistry</td></tr></table></li></ul></div>
  </text>
  <url value="https://www.hl7belgium.org/fhir/ValueSet/DispenserTypes"/>
  <version value="0.2.0"/>
  <name value="DispenserTypes"/>
  <title value="Dispenser Types"/>
  <status value="active"/>
  <date value="2021-06-28T22:38:34+00:00"/>
  <publisher value="HL7 Belgium"/>
  <contact>
    <telecom>
      <system value="url"/>
      <value value="http://hl7belgium.org"/>
    </telecom>
  </contact>
  <description value="Dispenser Types - from hcparty"/>
  <jurisdiction>
    <coding>
      <system value="http://unstats.un.org/unsd/methods/m49/m49.htm"/>
      <code value="056"/>
    </coding>
    <text value="Belgium"/>
  </jurisdiction>
  <compose>
    <include>
      <system value="https://www.ehealth.fgov.be/standards/fhir/CodeSystem/cd-hcparty"/>
      <concept>
        <code value="deptpharmacy"/>
      </concept>
      <concept>
        <code value="perspharmacist"/>
      </concept>
      <concept>
        <code value="orgpharmacy"/>
      </concept>
      <concept>
        <code value="perspharmacyassistant"/>
      </concept>
      <concept>
        <code value="perspharmacistclinicalbiologist"/>
      </concept>
      <concept>
        <code value="persdentist"/>
      </concept>
      <concept>
        <code value="deptdentistry"/>
      </concept>
    </include>
  </compose>
</ValueSet>