{
  "resourceType" : "ValueSet",
  "id" : "df041643-4136-4055-ab33-3098fcc20ae0-9",
  "url" : "http://hl7.org/fhir/comparison/ValueSet/df041643-4136-4055-ab33-3098fcc20ae0-9",
  "name" : "IntersectionDispenserTypesAndDispenserTypes",
  "title" : "Intersection of Dispenser Types And Dispenser Types",
  "status" : "active",
  "date" : "2024-03-25T22:03:19+00:00",
  "jurisdiction" : [{
    "coding" : [{
      "system" : "urn:iso:std:iso:3166",
      "code" : "BE",
      "display" : "Belgium"
    }]
  }],
  "compose" : {
    "include" : [{
      "concept" : [{
        "code" : "deptpharmacy"
      },
      {
        "code" : "perspharmacist"
      },
      {
        "code" : "orgpharmacy"
      },
      {
        "code" : "perspharmacyassistant"
      },
      {
        "code" : "perspharmacistclinicalbiologist"
      },
      {
        "code" : "persdentist"
      },
      {
        "code" : "deptdentistry"
      }]
    }]
  }
}