{
  "resourceType" : "ValueSet",
  "id" : "1343492a-c30f-4378-a6a5-7a2ee3795d4a-18",
  "url" : "http://hl7.org/fhir/comparison/ValueSet/1343492a-c30f-4378-a6a5-7a2ee3795d4a-18",
  "name" : "IntersectionDispenserTypesAndDispenserTypes",
  "title" : "Intersection of Dispenser Types And Dispenser Types",
  "status" : "active",
  "date" : "2024-05-06T21:26:12+00:00",
  "jurisdiction" : [{
    "coding" : [{
      "system" : "urn:iso:std:iso:3166",
      "code" : "BE",
      "display" : "Belgium"
    }]
  }],
  "compose" : {
    "include" : [{
      "concept" : [{
        "code" : "deptpharmacy"
      },
      {
        "code" : "perspharmacist"
      },
      {
        "code" : "orgpharmacy"
      },
      {
        "code" : "perspharmacyassistant"
      },
      {
        "code" : "perspharmacistclinicalbiologist"
      },
      {
        "code" : "persdentist"
      },
      {
        "code" : "deptdentistry"
      }]
    }]
  }
}