{
  "resourceType" : "ValueSet",
  "id" : "eb9e61d7-1421-48a9-a0f3-734e87cda9dd-17",
  "url" : "http://hl7.org/fhir/comparison/ValueSet/eb9e61d7-1421-48a9-a0f3-734e87cda9dd-17",
  "name" : "UnionDispenserTypesAndDispenserTypes",
  "title" : "Union of Dispenser Types And Dispenser Types",
  "status" : "active",
  "date" : "2024-05-07T09:01:34+00:00",
  "jurisdiction" : [{
    "coding" : [{
      "system" : "urn:iso:std:iso:3166",
      "code" : "BE",
      "display" : "Belgium"
    }]
  }],
  "compose" : {
    "include" : [{
      "concept" : [{
        "code" : "deptpharmacy"
      },
      {
        "code" : "perspharmacist"
      },
      {
        "code" : "orgpharmacy"
      },
      {
        "code" : "perspharmacyassistant"
      },
      {
        "code" : "perspharmacistclinicalbiologist"
      },
      {
        "code" : "persdentist"
      },
      {
        "code" : "deptdentistry"
      }]
    }]
  }
}