{
  "resourceType" : "ValueSet",
  "id" : "d8931a76-c158-4759-a798-3bc1fc5d30f0-8",
  "url" : "http://hl7.org/fhir/comparison/ValueSet/d8931a76-c158-4759-a798-3bc1fc5d30f0-8",
  "name" : "UnionDispenserTypesAndDispenserTypes",
  "title" : "Union of Dispenser Types And Dispenser Types",
  "status" : "active",
  "date" : "2023-10-07T20:11:16+00:00",
  "jurisdiction" : [{
    "coding" : [{
      "system" : "urn:iso:std:iso:3166",
      "code" : "BE",
      "display" : "Belgium"
    }]
  }],
  "compose" : {
    "include" : [{
      "concept" : [{
        "code" : "deptpharmacy"
      },
      {
        "code" : "perspharmacist"
      },
      {
        "code" : "orgpharmacy"
      },
      {
        "code" : "perspharmacyassistant"
      },
      {
        "code" : "perspharmacistclinicalbiologist"
      },
      {
        "code" : "persdentist"
      },
      {
        "code" : "deptdentistry"
      }]
    }]
  }
}