{
  "resourceType" : "ValueSet",
  "id" : "1a3f00e6-eaeb-4f37-938f-70cbed5c9d13-17",
  "url" : "http://hl7.org/fhir/comparison/ValueSet/1a3f00e6-eaeb-4f37-938f-70cbed5c9d13-17",
  "name" : "UnionDispenserTypesAndDispenserTypes",
  "title" : "Union of Dispenser Types And Dispenser Types",
  "status" : "active",
  "date" : "2024-05-07T09:21:12+00:00",
  "jurisdiction" : [{
    "coding" : [{
      "system" : "urn:iso:std:iso:3166",
      "code" : "BE",
      "display" : "Belgium"
    }]
  }],
  "compose" : {
    "include" : [{
      "concept" : [{
        "code" : "deptpharmacy"
      },
      {
        "code" : "perspharmacist"
      },
      {
        "code" : "orgpharmacy"
      },
      {
        "code" : "perspharmacyassistant"
      },
      {
        "code" : "perspharmacistclinicalbiologist"
      },
      {
        "code" : "persdentist"
      },
      {
        "code" : "deptdentistry"
      }]
    }]
  }
}