{
  "resourceType" : "Bundle",
  "id" : "f9319bbf-e48e-4ec8-9e17-93c2274680fe",
  "meta" : {
    "lastUpdated" : "2024-03-30T19:04:54.985+00:00"
  },
  "type" : "collection",
  "entry" : [{
    "fullUrl" : "https://www.ehealth.fgov.be/standards/fhir/medication/ValueSet/be-vs-dispenser-types",
    "resource" : {
      "resourceType" : "ValueSet",
      "text" : {
        "status" : "generated",
        "div" : "<div xmlns=\"http://www.w3.org/1999/xhtml\"><p style=\"border: black 1px dotted; background-color: #EEEEEE; padding: 8px; margin-bottom: 8px\">Expansion based on <a href=\"https://www.ehealth.fgov.be/standards/fhir/core/2.0.1/CodeSystem-cd-hcparty.html\">codesystem BeCdHcParty v2.0.1 (CodeSystem)</a></p><p>This value set contains 7 concepts.</p><table class=\"codes\"><tr><td style=\"white-space:nowrap\"><b>Code</b></td><td><b>System</b></td><td><b>Display</b></td></tr><tr><td style=\"white-space:nowrap\"><a name=\"https---www.ehealth.fgov.be-standards-fhir-core-CodeSystem-cd-hcparty-deptpharmacy\"> </a>\u00a0\u00a0<a href=\"https://www.ehealth.fgov.be/standards/fhir/core/2.0.1/CodeSystem-cd-hcparty.html#cd-hcparty-deptpharmacy\">deptpharmacy</a></td><td>https://www.ehealth.fgov.be/standards/fhir/core/CodeSystem/cd-hcparty</td><td>Pharmacy service or department within an organisation</td></tr><tr><td style=\"white-space:nowrap\"><a name=\"https---www.ehealth.fgov.be-standards-fhir-core-CodeSystem-cd-hcparty-perspharmacist\"> </a>\u00a0\u00a0<a href=\"https://www.ehealth.fgov.be/standards/fhir/core/2.0.1/CodeSystem-cd-hcparty.html#cd-hcparty-perspharmacist\">perspharmacist</a></td><td>https://www.ehealth.fgov.be/standards/fhir/core/CodeSystem/cd-hcparty</td><td>pharmacist</td></tr><tr><td style=\"white-space:nowrap\"><a name=\"https---www.ehealth.fgov.be-standards-fhir-core-CodeSystem-cd-hcparty-orgpharmacy\"> </a>\u00a0\u00a0<a href=\"https://www.ehealth.fgov.be/standards/fhir/core/2.0.1/CodeSystem-cd-hcparty.html#cd-hcparty-orgpharmacy\">orgpharmacy</a></td><td>https://www.ehealth.fgov.be/standards/fhir/core/CodeSystem/cd-hcparty</td><td>Independent pharmacy</td></tr><tr><td style=\"white-space:nowrap\"><a name=\"https---www.ehealth.fgov.be-standards-fhir-core-CodeSystem-cd-hcparty-perspharmacyassistant\"> </a>\u00a0\u00a0<a href=\"https://www.ehealth.fgov.be/standards/fhir/core/2.0.1/CodeSystem-cd-hcparty.html#cd-hcparty-perspharmacyassistant\">perspharmacyassistant</a></td><td>https://www.ehealth.fgov.be/standards/fhir/core/CodeSystem/cd-hcparty</td><td>pharmacy assistant</td></tr><tr><td style=\"white-space:nowrap\"><a name=\"https---www.ehealth.fgov.be-standards-fhir-core-CodeSystem-cd-hcparty-perspharmacistclinicalbiologist\"> </a>\u00a0\u00a0<a href=\"https://www.ehealth.fgov.be/standards/fhir/core/2.0.1/CodeSystem-cd-hcparty.html#cd-hcparty-perspharmacistclinicalbiologist\">perspharmacistclinicalbiologist</a></td><td>https://www.ehealth.fgov.be/standards/fhir/core/CodeSystem/cd-hcparty</td><td>pharmacist-clinical biologist</td></tr><tr><td style=\"white-space:nowrap\"><a name=\"https---www.ehealth.fgov.be-standards-fhir-core-CodeSystem-cd-hcparty-persdentist\"> </a>\u00a0\u00a0<a href=\"https://www.ehealth.fgov.be/standards/fhir/core/2.0.1/CodeSystem-cd-hcparty.html#cd-hcparty-persdentist\">persdentist</a></td><td>https://www.ehealth.fgov.be/standards/fhir/core/CodeSystem/cd-hcparty</td><td>dentist</td></tr><tr><td style=\"white-space:nowrap\"><a name=\"https---www.ehealth.fgov.be-standards-fhir-core-CodeSystem-cd-hcparty-deptdentistry\"> </a>\u00a0\u00a0<a href=\"https://www.ehealth.fgov.be/standards/fhir/core/2.0.1/CodeSystem-cd-hcparty.html#cd-hcparty-deptdentistry\">deptdentistry</a></td><td>https://www.ehealth.fgov.be/standards/fhir/core/CodeSystem/cd-hcparty</td><td>dentistry</td></tr></table></div>"
      },
      "url" : "https://www.ehealth.fgov.be/standards/fhir/medication/ValueSet/be-vs-dispenser-types",
      "version" : "2.0.0",
      "name" : "DispenserTypes",
      "title" : "Dispenser Types",
      "status" : "draft",
      "experimental" : false,
      "date" : "2024-03-30T19:04:54+00:00",
      "jurisdiction" : [{
        "coding" : [{
          "system" : "urn:iso:std:iso:3166",
          "code" : "BE",
          "display" : "Belgium"
        }]
      }],
      "expansion" : {
        "identifier" : "urn:uuid:5d7b88a9-14bb-4f4a-a562-869dfee02e57",
        "timestamp" : "2024-03-30T19:06:03+00:00",
        "total" : 7,
        "offset" : 0,
        "parameter" : [{
          "name" : "count",
          "valueInteger" : 1000
        },
        {
          "name" : "offset",
          "valueInteger" : 0
        },
        {
          "name" : "excludeNested",
          "valueBoolean" : false
        },
        {
          "name" : "used-codesystem",
          "valueUri" : "https://www.ehealth.fgov.be/standards/fhir/core/CodeSystem/cd-hcparty|2.0.1"
        }],
        "contains" : [{
          "system" : "https://www.ehealth.fgov.be/standards/fhir/core/CodeSystem/cd-hcparty",
          "code" : "deptpharmacy",
          "display" : "Pharmacy service or department within an organisation"
        },
        {
          "system" : "https://www.ehealth.fgov.be/standards/fhir/core/CodeSystem/cd-hcparty",
          "code" : "perspharmacist",
          "display" : "pharmacist"
        },
        {
          "system" : "https://www.ehealth.fgov.be/standards/fhir/core/CodeSystem/cd-hcparty",
          "code" : "orgpharmacy",
          "display" : "Independent pharmacy"
        },
        {
          "system" : "https://www.ehealth.fgov.be/standards/fhir/core/CodeSystem/cd-hcparty",
          "code" : "perspharmacyassistant",
          "display" : "pharmacy assistant"
        },
        {
          "system" : "https://www.ehealth.fgov.be/standards/fhir/core/CodeSystem/cd-hcparty",
          "code" : "perspharmacistclinicalbiologist",
          "display" : "pharmacist-clinical biologist"
        },
        {
          "system" : "https://www.ehealth.fgov.be/standards/fhir/core/CodeSystem/cd-hcparty",
          "code" : "persdentist",
          "display" : "dentist"
        },
        {
          "system" : "https://www.ehealth.fgov.be/standards/fhir/core/CodeSystem/cd-hcparty",
          "code" : "deptdentistry",
          "display" : "dentistry"
        }]
      }
    }
  },
  {
    "fullUrl" : "https://www.ehealth.fgov.be/standards/fhir/medication/ValueSet/medication-exposure-category-vs",
    "resource" : {
      "resourceType" : "ValueSet",
      "text" : {
        "status" : "generated",
        "div" : "<div xmlns=\"http://www.w3.org/1999/xhtml\"><p style=\"border: black 1px dotted; background-color: #EEEEEE; padding: 8px; margin-bottom: 8px\">Expansion based on SNOMED CT International edition 01-Feb 2024</p><p>This value set contains 2 concepts.</p><table class=\"codes\"><tr><td style=\"white-space:nowrap\"><b>Code</b></td><td><b>System</b></td><td><b>Display</b></td></tr><tr><td style=\"white-space:nowrap\"><a name=\"http---snomed.info-sct-360271000\"> </a>\u00a0\u00a0<a href=\"http://snomed.info/id/360271000\">360271000</a></td><td>http://snomed.info/sct</td><td>Prophylaxis - intent</td></tr><tr><td style=\"white-space:nowrap\"><a name=\"http---snomed.info-sct-360270004\"> </a>\u00a0\u00a0<a href=\"http://snomed.info/id/360270004\">360270004</a></td><td>http://snomed.info/sct</td><td>Therapy - action</td></tr></table></div>"
      },
      "url" : "https://www.ehealth.fgov.be/standards/fhir/medication/ValueSet/medication-exposure-category-vs",
      "version" : "2.0.0",
      "name" : "MedicationExposureCategoryVS",
      "title" : "Medication exposure intent",
      "status" : "draft",
      "experimental" : false,
      "date" : "2024-03-30T19:04:54+00:00",
      "jurisdiction" : [{
        "coding" : [{
          "system" : "urn:iso:std:iso:3166",
          "code" : "BE",
          "display" : "Belgium"
        }]
      }],
      "expansion" : {
        "identifier" : "urn:uuid:f95a2f9e-c4d9-46a1-a6e2-5d7658d1f4bc",
        "timestamp" : "2024-03-30T19:06:03+00:00",
        "total" : 2,
        "offset" : 0,
        "parameter" : [{
          "name" : "count",
          "valueInteger" : 1000
        },
        {
          "name" : "offset",
          "valueInteger" : 0
        },
        {
          "name" : "excludeNested",
          "valueBoolean" : false
        },
        {
          "name" : "used-valueset",
          "valueUri" : "null"
        },
        {
          "name" : "used-codesystem",
          "valueUri" : "http://snomed.info/sct|http://snomed.info/sct/900000000000207008/version/20240201"
        },
        {
          "name" : "version",
          "valueUri" : "http://snomed.info/sct|http://snomed.info/sct/900000000000207008/version/20240201"
        }],
        "contains" : [{
          "system" : "http://snomed.info/sct",
          "code" : "360271000",
          "display" : "Prophylaxis - intent"
        },
        {
          "system" : "http://snomed.info/sct",
          "code" : "360270004",
          "display" : "Therapy - action"
        }]
      }
    }
  },
  {
    "fullUrl" : "https://www.ehealth.fgov.be/standards/fhir/medication/ValueSet/medication-type-vs",
    "resource" : {
      "resourceType" : "ValueSet",
      "text" : {
        "status" : "generated",
        "div" : "<div xmlns=\"http://www.w3.org/1999/xhtml\"><p style=\"border: black 1px dotted; background-color: #EEEEEE; padding: 8px; margin-bottom: 8px\">Expansion based on <a href=\"CodeSystem-medication-type.html\">codesystem Medication preparation Type v2.0.0 (CodeSystem)</a></p><p>This value set contains 4 concepts.</p><table class=\"codes\"><tr><td style=\"white-space:nowrap\"><b>Code</b></td><td><b>System</b></td><td><b>Display</b></td></tr><tr><td style=\"white-space:nowrap\"><a name=\"https---www.ehealth.fgov.be-standards-fhir-medication-CodeSystem-medication-type-magistral\"> </a>\u00a0\u00a0<a href=\"CodeSystem-medication-type.html#medication-type-magistral\">magistral</a></td><td>https://www.ehealth.fgov.be/standards/fhir/medication/CodeSystem/medication-type</td><td>Magistral preparation</td></tr><tr><td style=\"white-space:nowrap\"><a name=\"https---www.ehealth.fgov.be-standards-fhir-medication-CodeSystem-medication-type-officinal\"> </a>\u00a0\u00a0<a href=\"CodeSystem-medication-type.html#medication-type-officinal\">officinal</a></td><td>https://www.ehealth.fgov.be/standards/fhir/medication/CodeSystem/medication-type</td><td>Officinal preparation</td></tr><tr><td style=\"white-space:nowrap\"><a name=\"https---www.ehealth.fgov.be-standards-fhir-medication-CodeSystem-medication-type-medicinal-product\"> </a>\u00a0\u00a0<a href=\"CodeSystem-medication-type.html#medication-type-medicinal-product\">medicinal-product</a></td><td>https://www.ehealth.fgov.be/standards/fhir/medication/CodeSystem/medication-type</td><td>Medicinal Product</td></tr><tr><td style=\"white-space:nowrap\"><a name=\"https---www.ehealth.fgov.be-standards-fhir-medication-CodeSystem-medication-type-non-medicinal-product\"> </a>\u00a0\u00a0<a href=\"CodeSystem-medication-type.html#medication-type-non-medicinal-product\">non-medicinal-product</a></td><td>https://www.ehealth.fgov.be/standards/fhir/medication/CodeSystem/medication-type</td><td>non-medicinal product e.g. supplement</td></tr></table></div>"
      },
      "url" : "https://www.ehealth.fgov.be/standards/fhir/medication/ValueSet/medication-type-vs",
      "version" : "2.0.0",
      "name" : "BEMLMedicationTypeVS",
      "title" : "Medication preparation Type value set",
      "status" : "draft",
      "experimental" : false,
      "date" : "2024-03-30T19:04:54+00:00",
      "jurisdiction" : [{
        "coding" : [{
          "system" : "urn:iso:std:iso:3166",
          "code" : "BE",
          "display" : "Belgium"
        }]
      }],
      "expansion" : {
        "identifier" : "urn:uuid:7da1adef-893f-4ddc-b161-f04e0f1cdafd",
        "timestamp" : "2024-03-30T19:06:04+00:00",
        "total" : 4,
        "offset" : 0,
        "parameter" : [{
          "name" : "count",
          "valueInteger" : 1000
        },
        {
          "name" : "offset",
          "valueInteger" : 0
        },
        {
          "name" : "excludeNested",
          "valueBoolean" : false
        },
        {
          "name" : "used-codesystem",
          "valueUri" : "https://www.ehealth.fgov.be/standards/fhir/medication/CodeSystem/medication-type|2.0.0"
        }],
        "contains" : [{
          "system" : "https://www.ehealth.fgov.be/standards/fhir/medication/CodeSystem/medication-type",
          "code" : "magistral",
          "display" : "Magistral preparation"
        },
        {
          "system" : "https://www.ehealth.fgov.be/standards/fhir/medication/CodeSystem/medication-type",
          "code" : "officinal",
          "display" : "Officinal preparation"
        },
        {
          "system" : "https://www.ehealth.fgov.be/standards/fhir/medication/CodeSystem/medication-type",
          "code" : "medicinal-product",
          "display" : "Medicinal Product"
        },
        {
          "system" : "https://www.ehealth.fgov.be/standards/fhir/medication/CodeSystem/medication-type",
          "code" : "non-medicinal-product",
          "display" : "non-medicinal product e.g. supplement"
        }]
      }
    }
  }]
}