{
  "package": "hl7.fhir.be.medication",
  "version": "2.0.0",
  "fhirVersion": "4.0.1",
  "jurisdiction": "BE",
  "extensions": [
    {
      "url": "https://www.ehealth.fgov.be/standards/fhir/medication/StructureDefinition/DispenseRequestNeededCategory",
      "title": "DispenseRequestNeededCategory",
      "types": [
        "boolean"
      ]
    },
    {
      "url": "https://www.ehealth.fgov.be/standards/fhir/medication/StructureDefinition/DosageOverride",
      "title": "DosageOverride",
      "types": [
        "boolean"
      ]
    },
    {
      "url": "https://www.ehealth.fgov.be/standards/fhir/medication/StructureDefinition/DosageOverrideReason",
      "title": "DosageOverrideReason",
      "types": [
        "CodeableConcept"
      ]
    },
    {
      "url": "https://www.ehealth.fgov.be/standards/fhir/medication/StructureDefinition/ExposureCategory",
      "title": "ExposureCategory",
      "types": [
        "CodeableConcept"
      ]
    },
    {
      "url": "https://www.ehealth.fgov.be/standards/fhir/medication/StructureDefinition/VisibilityFlag",
      "title": "VisibilityFlag",
      "types": [
        "boolean"
      ]
    }
  ],
  "profiles": {
    "MedicationStatement": [
      {
        "url": "https://www.ehealth.fgov.be/standards/fhir/medication/StructureDefinition/BEMedicationLine",
        "title": "BEMedicationLine"
      }
    ],
    "MedicationDispense": [
      {
        "url": "https://www.ehealth.fgov.be/standards/fhir/medication/StructureDefinition/be-medicationdispense",
        "title": "BeMedicationDispense"
      }
    ]
  },
  "usage": {
    "http://hl7.org/fhir/5.0/StructureDefinition/extension-MedicationStatement.adherence": [
      "MedicationStatement"
    ],
    "http://hl7.org/fhir/5.0/StructureDefinition/extension-NamingSystem.url": [
      "NamingSystem"
    ],
    "http://hl7.org/fhir/5.0/StructureDefinition/extension-NamingSystem.version": [
      "NamingSystem"
    ],
    "http://hl7.org/fhir/StructureDefinition/artifact-date": [
      "MedicationStatement"
    ],
    "http://hl7.org/fhir/StructureDefinition/artifact-version": [
      "MedicationStatement"
    ],
    "http://hl7.org/fhir/StructureDefinition/elementdefinition-bestpractice": [
      "StructureDefinition.snapshot.element.constraint"
    ],
    "http://hl7.org/fhir/StructureDefinition/elementdefinition-bestpractice-explanation": [
      "StructureDefinition.snapshot.element.constraint"
    ],
    "http://hl7.org/fhir/StructureDefinition/elementdefinition-bindingName": [
      "StructureDefinition.differential.element.binding",
      "StructureDefinition.snapshot.element.binding"
    ],
    "http://hl7.org/fhir/StructureDefinition/elementdefinition-maxValueSet": [
      "StructureDefinition.snapshot.element.binding"
    ],
    "http://hl7.org/fhir/StructureDefinition/elementdefinition-translatable": [
      "StructureDefinition.snapshot.element"
    ],
    "http://hl7.org/fhir/StructureDefinition/regex": [
      "StructureDefinition.snapshot.element.type"
    ],
    "http://hl7.org/fhir/StructureDefinition/structuredefinition-fhir-type": [
      "StructureDefinition.snapshot.element.type"
    ],
    "http://hl7.org/fhir/StructureDefinition/structuredefinition-fmm": [
      "StructureDefinition",
      "ValueSet"
    ],
    "http://hl7.org/fhir/StructureDefinition/translation": [
      "MedicationDispense.dosageInstruction.text",
      "MedicationDispense.medicationCodeableConcept.coding.display"
    ],
    "http://hl7.org/fhir/tools/StructureDefinition/ig-internal-dependency": [
      "ImplementationGuide.definition"
    ],
    "http://hl7.org/fhir/tools/StructureDefinition/ig-page-name": [
      "ImplementationGuide.definition.page",
      "ImplementationGuide.definition.page.page"
    ],
    "http://hl7.org/fhir/tools/StructureDefinition/ig-parameter": [
      "ImplementationGuide.definition"
    ],
    "http://hl7.org/fhir/tools/StructureDefinition/implementationguide-dependency-comment": [
      "ImplementationGuide.dependsOn"
    ],
    "http://hl7.org/fhir/tools/StructureDefinition/logical-target": [
      "StructureDefinition"
    ],
    "http://hl7.org/fhir/tools/StructureDefinition/resource-information": [
      "ImplementationGuide.definition.resource"
    ],
    "https://www.ehealth.fgov.be/standards/fhir/medication/StructureDefinition/DispenseRequestNeededCategory": [
      "MedicationStatement"
    ],
    "https://www.ehealth.fgov.be/standards/fhir/medication/StructureDefinition/DosageOverride": [
      "MedicationStatement.dosage"
    ],
    "https://www.ehealth.fgov.be/standards/fhir/medication/StructureDefinition/DosageOverrideReason": [
      "MedicationStatement.dosage"
    ],
    "https://www.ehealth.fgov.be/standards/fhir/medication/StructureDefinition/ExposureCategory": [
      "MedicationStatement"
    ],
    "https://www.ehealth.fgov.be/standards/fhir/medication/StructureDefinition/VisibilityFlag": [
      "MedicationStatement"
    ]
  }
}