{
  "resourceType": "MedicationDispense",
  "id": "example-minimal-dispense",
  "meta": {
    "profile": [
      "https://www.hl7belgium.org/fhir/StructureDefinition/be-medicationdispense"
    ]
  },
  "text": {
    "status": "generated",
    "div": "<div xmlns=\"http://www.w3.org/1999/xhtml\"><p><b>Generated Narrative</b></p><p><b>status</b>: completed</p><p><b>medication</b>: <span title=\"Codes: {https://cnk.apb.be/codings/cnk_product_codes 1439562}\">Topazolam tab 50x 1,0mg</span></p><p><b>subject</b>: <span></span></p><h3>Performers</h3><table class=\"grid\"><tr><td>-</td><td><b>Actor</b></td></tr><tr><td>*</td><td><span>Jan Janssen</span></td></tr></table><p><b>whenHandedOver</b>: 2020-03-10</p></div>"
  },
  "status": "completed",
  "medicationCodeableConcept": {
    "coding": [
      {
        "system": "https://cnk.apb.be/codings/cnk_product_codes",
        "code": "1439562",
        "display": "Topazolam tab 50x 1,0mg"
      }
    ]
  },
  "subject": {
    "identifier": {
      "system": "https://www.ehealth.fgov.be/standards/fhir/NamingSystem/ssin",
      "value": "64110219106"
    }
  },
  "performer": [
    {
      "actor": {
        "identifier": {
          "system": "https://www.ehealth.fgov.be/standards/fhir/NamingSystem/nihdi-practitioner",
          "value": "6547432"
        },
        "display": "Jan Janssen"
      }
    }
  ],
  "whenHandedOver": "2020-03-10"
}