{
  "resourceType" : "StructureDefinition",
  "id" : "9709e57d-3636-446c-a8ce-949715658e1e-6",
  "url" : "http://hl7.org/fhir/comparison/StructureDefinition/9709e57d-3636-446c-a8ce-949715658e1e-6",
  "name" : "IntersectionSimpleQuantityAndSimpleQuantity",
  "title" : "Intersection of null And null",
  "status" : "active",
  "date" : "2023-10-29T17:13:25+00:00",
  "snapshot" : {
    "element" : [{
      "path" : "Quantity",
      "short" : "A fixed quantity (no comparator)",
      "definition" : "The comparator is not used on a SimpleQuantity",
      "comment" : "The context of use may frequently define what kind of quantity this is and therefore what kind of units can be used. The context of use may also restrict the values for the comparator.",
      "min" : 0,
      "max" : "*",
      "constraint" : [{
        "extension" : [{
          "url" : "http://hl7.org/fhir/4.0/StructureDefinition/extension-ElementDefinition.constraint.xpath",
          "valueString" : "@value|f:*|h:div"
        }],
        "key" : "ele-1",
        "severity" : "error",
        "human" : "All FHIR elements must have a @value or children",
        "expression" : "hasValue() or (children().count() > id.count())",
        "source" : "http://hl7.org/fhir/StructureDefinition/Element"
      },
      {
        "extension" : [{
          "url" : "http://hl7.org/fhir/4.0/StructureDefinition/extension-ElementDefinition.constraint.xpath",
          "valueString" : "not(exists(f:code)) or exists(f:system)"
        }],
        "key" : "qty-3",
        "severity" : "error",
        "human" : "If a code for the unit is present, the system SHALL also be present",
        "expression" : "code.empty() or system.exists()",
        "source" : "http://hl7.org/fhir/StructureDefinition/Quantity"
      },
      {
        "extension" : [{
          "url" : "http://hl7.org/fhir/4.0/StructureDefinition/extension-ElementDefinition.constraint.xpath",
          "valueString" : "not(exists(f:comparator))"
        }],
        "key" : "sqty-1",
        "severity" : "error",
        "human" : "The comparator is not used on a SimpleQuantity",
        "expression" : "comparator.empty()"
      }],
      "mustSupport" : false,
      "isModifier" : false,
      "isSummary" : false,
      "mapping" : [{
        "identity" : "rim",
        "map" : "n/a"
      },
      {
        "identity" : "v2",
        "map" : "SN (see also Range) or CQ"
      },
      {
        "identity" : "rim",
        "map" : "PQ, IVL<PQ>, MO, CO, depending on the values"
      }]
    },
    {
      "path" : "Quantity.id",
      "representation" : ["xmlAttr"],
      "short" : "Unique id for inter-element referencing",
      "definition" : "Unique id for the element within a resource (for internal references). This may be any string value that does not contain spaces.",
      "min" : 0,
      "max" : "1",
      "type" : [{
        "extension" : [{
          "url" : "http://hl7.org/fhir/StructureDefinition/structuredefinition-fhir-type",
          "valueUrl" : "string"
        }],
        "code" : "http://hl7.org/fhirpath/System.String"
      }],
      "mustSupport" : false,
      "isModifier" : false,
      "isSummary" : false,
      "mapping" : [{
        "identity" : "rim",
        "map" : "n/a"
      }]
    },
    {
      "path" : "Quantity.extension",
      "short" : "Additional content defined by implementations",
      "definition" : "May be used to represent additional information that is not part of the basic definition of the element. To make the use of extensions safe and manageable, there is a strict set of governance  applied to the definition and use of extensions. Though any implementer can define an extension, there is a set of requirements that SHALL be met as part of the definition of the extension.",
      "comment" : "There can be no stigma associated with the use of extensions by any application, project, or standard - regardless of the institution or jurisdiction that uses or defines the extensions.  The use of extensions is what allows the FHIR specification to retain a core level of simplicity for everyone.",
      "alias" : ["extensions",
      "user content"],
      "min" : 0,
      "max" : "*",
      "type" : [{
        "code" : "Extension"
      }],
      "constraint" : [{
        "extension" : [{
          "url" : "http://hl7.org/fhir/4.0/StructureDefinition/extension-ElementDefinition.constraint.xpath",
          "valueString" : "@value|f:*|h:div"
        }],
        "key" : "ele-1",
        "severity" : "error",
        "human" : "All FHIR elements must have a @value or children",
        "expression" : "hasValue() or (children().count() > id.count())",
        "source" : "http://hl7.org/fhir/StructureDefinition/Element"
      },
      {
        "extension" : [{
          "url" : "http://hl7.org/fhir/4.0/StructureDefinition/extension-ElementDefinition.constraint.xpath",
          "valueString" : "exists(f:extension)!=exists(f:*[starts-with(local-name(.), \"value\")])"
        }],
        "key" : "ext-1",
        "severity" : "error",
        "human" : "Must have either extensions or value[x], not both",
        "expression" : "extension.exists() != value.exists()",
        "source" : "http://hl7.org/fhir/StructureDefinition/Extension"
      }],
      "mustSupport" : false,
      "isModifier" : false,
      "isSummary" : false,
      "mapping" : [{
        "identity" : "rim",
        "map" : "n/a"
      }]
    },
    {
      "path" : "Quantity.value",
      "short" : "Numerical value (with implicit precision)",
      "definition" : "The value of the measured amount. The value includes an implicit precision in the presentation of the value.",
      "comment" : "The implicit precision in the value should always be honored. Monetary values have their own rules for handling precision (refer to standard accounting text books).",
      "requirements" : "Precision is handled implicitly in almost all cases of measurement.",
      "min" : 0,
      "max" : "1",
      "type" : [{
        "code" : "decimal"
      }],
      "constraint" : [{
        "extension" : [{
          "url" : "http://hl7.org/fhir/4.0/StructureDefinition/extension-ElementDefinition.constraint.xpath",
          "valueString" : "@value|f:*|h:div"
        }],
        "key" : "ele-1",
        "severity" : "error",
        "human" : "All FHIR elements must have a @value or children",
        "expression" : "hasValue() or (children().count() > id.count())",
        "source" : "http://hl7.org/fhir/StructureDefinition/Element"
      }],
      "mustSupport" : false,
      "isModifier" : false,
      "isSummary" : true,
      "mapping" : [{
        "identity" : "v2",
        "map" : "SN.2  / CQ - N/A"
      },
      {
        "identity" : "rim",
        "map" : "PQ.value, CO.value, MO.value, IVL.high or IVL.low depending on the value"
      }]
    },
    {
      "path" : "Quantity.comparator",
      "short" : "< | <= | >= | > - how to understand the value",
      "definition" : "Not allowed to be used in this context",
      "requirements" : "Need a framework for handling measures where the value is <5ug/L or >400mg/L due to the limitations of measuring methodology.",
      "min" : 0,
      "max" : "0",
      "type" : [{
        "code" : "code"
      }],
      "meaningWhenMissing" : "If there is no comparator, then there is no modification of the value",
      "constraint" : [{
        "extension" : [{
          "url" : "http://hl7.org/fhir/4.0/StructureDefinition/extension-ElementDefinition.constraint.xpath",
          "valueString" : "@value|f:*|h:div"
        }],
        "key" : "ele-1",
        "severity" : "error",
        "human" : "All FHIR elements must have a @value or children",
        "expression" : "hasValue() or (children().count() > id.count())",
        "source" : "http://hl7.org/fhir/StructureDefinition/Element"
      }],
      "mustSupport" : false,
      "isModifier" : true,
      "isSummary" : true,
      "binding" : {
        "strength" : "required",
        "description" : "How the Quantity should be understood and represented.",
        "valueSet" : "http://hl7.org/fhir/ValueSet/quantity-comparator|4.0.1"
      },
      "mapping" : [{
        "identity" : "v2",
        "map" : "SN.1  / CQ.1"
      },
      {
        "identity" : "rim",
        "map" : "IVL properties"
      }]
    },
    {
      "path" : "Quantity.unit",
      "short" : "Unit representation",
      "definition" : "A human-readable form of the unit.",
      "requirements" : "There are many representations for units of measure and in many contexts, particular representations are fixed and required. I.e. mcg for micrograms.",
      "min" : 0,
      "max" : "1",
      "type" : [{
        "code" : "string"
      }],
      "constraint" : [{
        "extension" : [{
          "url" : "http://hl7.org/fhir/4.0/StructureDefinition/extension-ElementDefinition.constraint.xpath",
          "valueString" : "@value|f:*|h:div"
        }],
        "key" : "ele-1",
        "severity" : "error",
        "human" : "All FHIR elements must have a @value or children",
        "expression" : "hasValue() or (children().count() > id.count())",
        "source" : "http://hl7.org/fhir/StructureDefinition/Element"
      }],
      "mustSupport" : false,
      "isModifier" : false,
      "isSummary" : true,
      "mapping" : [{
        "identity" : "v2",
        "map" : "(see OBX.6 etc.) / CQ.2"
      },
      {
        "identity" : "rim",
        "map" : "PQ.unit"
      }]
    },
    {
      "path" : "Quantity.system",
      "short" : "System that defines coded unit form",
      "definition" : "The identification of the system that provides the coded form of the unit.",
      "requirements" : "Need to know the system that defines the coded form of the unit.",
      "min" : 0,
      "max" : "1",
      "type" : [{
        "code" : "uri"
      }],
      "constraint" : [{
        "extension" : [{
          "url" : "http://hl7.org/fhir/4.0/StructureDefinition/extension-ElementDefinition.constraint.xpath",
          "valueString" : "@value|f:*|h:div"
        }],
        "key" : "ele-1",
        "severity" : "error",
        "human" : "All FHIR elements must have a @value or children",
        "expression" : "hasValue() or (children().count() > id.count())",
        "source" : "http://hl7.org/fhir/StructureDefinition/Element"
      }],
      "mustSupport" : false,
      "isModifier" : false,
      "isSummary" : true,
      "mapping" : [{
        "identity" : "v2",
        "map" : "(see OBX.6 etc.) / CQ.2"
      },
      {
        "identity" : "rim",
        "map" : "CO.codeSystem, PQ.translation.codeSystem"
      }]
    },
    {
      "path" : "Quantity.code",
      "short" : "Coded form of the unit",
      "definition" : "A computer processable form of the unit in some unit representation system.",
      "comment" : "The preferred system is UCUM, but SNOMED CT can also be used (for customary units) or ISO 4217 for currency.  The context of use may additionally require a code from a particular system.",
      "requirements" : "Need a computable form of the unit that is fixed across all forms. UCUM provides this for quantities, but SNOMED CT provides many units of interest.",
      "min" : 0,
      "max" : "1",
      "type" : [{
        "code" : "code"
      }],
      "constraint" : [{
        "extension" : [{
          "url" : "http://hl7.org/fhir/4.0/StructureDefinition/extension-ElementDefinition.constraint.xpath",
          "valueString" : "@value|f:*|h:div"
        }],
        "key" : "ele-1",
        "severity" : "error",
        "human" : "All FHIR elements must have a @value or children",
        "expression" : "hasValue() or (children().count() > id.count())",
        "source" : "http://hl7.org/fhir/StructureDefinition/Element"
      }],
      "mustSupport" : false,
      "isModifier" : false,
      "isSummary" : true,
      "mapping" : [{
        "identity" : "v2",
        "map" : "(see OBX.6 etc.) / CQ.2"
      },
      {
        "identity" : "rim",
        "map" : "PQ.code, MO.currency, PQ.translation.code"
      }]
    }]
  }
}