{
  "resourceType" : "ValueSet",
  "id" : "e55e496a-7f64-4a72-836a-f31a4e6baed5-18",
  "url" : "http://hl7.org/fhir/comparison/ValueSet/e55e496a-7f64-4a72-836a-f31a4e6baed5-18",
  "name" : "IntersectionDispenserTypesAndDispenserTypes",
  "title" : "Intersection of Dispenser Types And Dispenser Types",
  "status" : "active",
  "date" : "2024-04-10T07:42:07+00:00",
  "jurisdiction" : [{
    "coding" : [{
      "system" : "urn:iso:std:iso:3166",
      "code" : "BE",
      "display" : "Belgium"
    }]
  }],
  "compose" : {
    "include" : [{
      "concept" : [{
        "code" : "deptpharmacy"
      },
      {
        "code" : "perspharmacist"
      },
      {
        "code" : "orgpharmacy"
      },
      {
        "code" : "perspharmacyassistant"
      },
      {
        "code" : "perspharmacistclinicalbiologist"
      },
      {
        "code" : "persdentist"
      },
      {
        "code" : "deptdentistry"
      }]
    }]
  }
}