{
  "resourceType" : "Bundle",
  "id" : "aaa57338-53b4-4aa4-aee6-79f37cfd7e23",
  "meta" : {
    "lastUpdated" : "2024-03-28T20:52:03.352+00:00"
  },
  "type" : "collection",
  "entry" : [{
    "fullUrl" : "https://www.ehealth.fgov.be/standards/fhir/medication/ValueSet/be-vs-dispenser-types",
    "resource" : {
      "resourceType" : "ValueSet",
      "text" : {
        "status" : "generated",
        "div" : "<div xmlns=\"http://www.w3.org/1999/xhtml\"><p style=\"border: black 1px dotted; background-color: #EEEEEE; padding: 8px; margin-bottom: 8px\">Expansion based on <a href=\"https://www.ehealth.fgov.be/standards/fhir/core/2.0.0/CodeSystem-cd-hcparty.html\">codesystem HCParty v2.0.0 (CodeSystem)</a></p><p>This value set contains 7 concepts.</p><table class=\"codes\"><tr><td style=\"white-space:nowrap\"><b>Code</b></td><td><b>System</b></td><td><b>Display</b></td></tr><tr><td style=\"white-space:nowrap\"><a name=\"https---www.ehealth.fgov.be-standards-fhir-core-CodeSystem-cd-hcparty-deptpharmacy\"> </a>\u00a0\u00a0<a href=\"https://www.ehealth.fgov.be/standards/fhir/core/2.0.0/CodeSystem-cd-hcparty.html#cd-hcparty-deptpharmacy\">deptpharmacy</a></td><td>https://www.ehealth.fgov.be/standards/fhir/core/CodeSystem/cd-hcparty</td><td>Pharmacy service or department within an organisation</td></tr><tr><td style=\"white-space:nowrap\"><a name=\"https---www.ehealth.fgov.be-standards-fhir-core-CodeSystem-cd-hcparty-perspharmacist\"> </a>\u00a0\u00a0<a href=\"https://www.ehealth.fgov.be/standards/fhir/core/2.0.0/CodeSystem-cd-hcparty.html#cd-hcparty-perspharmacist\">perspharmacist</a></td><td>https://www.ehealth.fgov.be/standards/fhir/core/CodeSystem/cd-hcparty</td><td>pharmacist</td></tr><tr><td style=\"white-space:nowrap\"><a name=\"https---www.ehealth.fgov.be-standards-fhir-core-CodeSystem-cd-hcparty-orgpharmacy\"> </a>\u00a0\u00a0<a href=\"https://www.ehealth.fgov.be/standards/fhir/core/2.0.0/CodeSystem-cd-hcparty.html#cd-hcparty-orgpharmacy\">orgpharmacy</a></td><td>https://www.ehealth.fgov.be/standards/fhir/core/CodeSystem/cd-hcparty</td><td>Independent pharmacy</td></tr><tr><td style=\"white-space:nowrap\"><a name=\"https---www.ehealth.fgov.be-standards-fhir-core-CodeSystem-cd-hcparty-perspharmacyassistant\"> </a>\u00a0\u00a0<a href=\"https://www.ehealth.fgov.be/standards/fhir/core/2.0.0/CodeSystem-cd-hcparty.html#cd-hcparty-perspharmacyassistant\">perspharmacyassistant</a></td><td>https://www.ehealth.fgov.be/standards/fhir/core/CodeSystem/cd-hcparty</td><td>pharmacy assistant</td></tr><tr><td style=\"white-space:nowrap\"><a name=\"https---www.ehealth.fgov.be-standards-fhir-core-CodeSystem-cd-hcparty-perspharmacistclinicalbiologist\"> </a>\u00a0\u00a0<a href=\"https://www.ehealth.fgov.be/standards/fhir/core/2.0.0/CodeSystem-cd-hcparty.html#cd-hcparty-perspharmacistclinicalbiologist\">perspharmacistclinicalbiologist</a></td><td>https://www.ehealth.fgov.be/standards/fhir/core/CodeSystem/cd-hcparty</td><td>pharmacist-clinical biologist</td></tr><tr><td style=\"white-space:nowrap\"><a name=\"https---www.ehealth.fgov.be-standards-fhir-core-CodeSystem-cd-hcparty-persdentist\"> </a>\u00a0\u00a0<a href=\"https://www.ehealth.fgov.be/standards/fhir/core/2.0.0/CodeSystem-cd-hcparty.html#cd-hcparty-persdentist\">persdentist</a></td><td>https://www.ehealth.fgov.be/standards/fhir/core/CodeSystem/cd-hcparty</td><td>dentist</td></tr><tr><td style=\"white-space:nowrap\"><a name=\"https---www.ehealth.fgov.be-standards-fhir-core-CodeSystem-cd-hcparty-deptdentistry\"> </a>\u00a0\u00a0<a href=\"https://www.ehealth.fgov.be/standards/fhir/core/2.0.0/CodeSystem-cd-hcparty.html#cd-hcparty-deptdentistry\">deptdentistry</a></td><td>https://www.ehealth.fgov.be/standards/fhir/core/CodeSystem/cd-hcparty</td><td>dentistry</td></tr></table></div>"
      },
      "url" : "https://www.ehealth.fgov.be/standards/fhir/medication/ValueSet/be-vs-dispenser-types",
      "version" : "1.0.1",
      "name" : "DispenserTypes",
      "title" : "Dispenser Types",
      "status" : "draft",
      "date" : "2024-03-28T20:52:03+00:00",
      "jurisdiction" : [{
        "coding" : [{
          "system" : "urn:iso:std:iso:3166",
          "code" : "BE",
          "display" : "Belgium"
        }]
      }],
      "expansion" : {
        "identifier" : "urn:uuid:2ee8430c-b513-477a-9d44-f0bfad86ad4f",
        "timestamp" : "2024-03-28T20:52:21+00:00",
        "total" : 7,
        "offset" : 0,
        "parameter" : [{
          "name" : "count",
          "valueInteger" : 1000
        },
        {
          "name" : "offset",
          "valueInteger" : 0
        },
        {
          "name" : "excludeNested",
          "valueBoolean" : false
        },
        {
          "name" : "used-codesystem",
          "valueUri" : "https://www.ehealth.fgov.be/standards/fhir/core/CodeSystem/cd-hcparty|2.0.0"
        }],
        "contains" : [{
          "system" : "https://www.ehealth.fgov.be/standards/fhir/core/CodeSystem/cd-hcparty",
          "code" : "deptpharmacy",
          "display" : "Pharmacy service or department within an organisation"
        },
        {
          "system" : "https://www.ehealth.fgov.be/standards/fhir/core/CodeSystem/cd-hcparty",
          "code" : "perspharmacist",
          "display" : "pharmacist"
        },
        {
          "system" : "https://www.ehealth.fgov.be/standards/fhir/core/CodeSystem/cd-hcparty",
          "code" : "orgpharmacy",
          "display" : "Independent pharmacy"
        },
        {
          "system" : "https://www.ehealth.fgov.be/standards/fhir/core/CodeSystem/cd-hcparty",
          "code" : "perspharmacyassistant",
          "display" : "pharmacy assistant"
        },
        {
          "system" : "https://www.ehealth.fgov.be/standards/fhir/core/CodeSystem/cd-hcparty",
          "code" : "perspharmacistclinicalbiologist",
          "display" : "pharmacist-clinical biologist"
        },
        {
          "system" : "https://www.ehealth.fgov.be/standards/fhir/core/CodeSystem/cd-hcparty",
          "code" : "persdentist",
          "display" : "dentist"
        },
        {
          "system" : "https://www.ehealth.fgov.be/standards/fhir/core/CodeSystem/cd-hcparty",
          "code" : "deptdentistry",
          "display" : "dentistry"
        }]
      }
    }
  }]
}