{
  "codeSystems" : [
    {
      "url" : "http://hl7.org/fhir/ValueSet/medication-codes",
      "version" : "4.0.1",
      "status" : "draft",
      "name" : "SNOMEDCTMedicationCodes",
      "title" : "SNOMED CT Medication Codes",
      "description" : "This value set includes all drug or medicament substance codes and all pharmaceutical/biologic products from SNOMED CT - provided as an exemplar value set.",
      "systems" : ["http://snomed.info/sct"],
      "oids" : ["2.16.840.1.113883.4.642.3.375"],
      "sources" : ["2.16.840.1.113883.4.642.3.375"],
      "uses" : {
      },
      "StructureDefinition-be-medicationdispense.html" : "BeMedicationDispense"
    },
    {
      "url" : "https://www.ehealth.fgov.be/standards/fhir/medication/ValueSet/be-vs-dispenser-types",
      "version" : "1.0.1",
      "status" : "draft",
      "name" : "DispenserTypes",
      "title" : "Dispenser Types",
      "description" : "Dispenser Types - from hcparty",
      "systems" : [
        "https://www.ehealth.fgov.be/standards/fhir/core/CodeSystem/cd-hcparty"
      ]
    }
  ]
}
