<?xml version="1.0" encoding="UTF-8"?><ImplementationGuide xmlns="http://hl7.org/fhir"><id value="hl7.fhir.be.medication"/><text><status value="extensions"/><div xmlns="http://www.w3.org/1999/xhtml"><h2>Medication</h2><p>The official URL for this implementation guide is: </p><pre>https://www.ehealth.fgov.be/standards/fhir/medication/ImplementationGuide/hl7.fhir.be.medication</pre><div><p>FHIR Medication specifications</p>
</div></div></text><url value="https://www.ehealth.fgov.be/standards/fhir/medication/ImplementationGuide/hl7.fhir.be.medication"/><version value="1.1.0"/><name value="Medication"/><title value="Medication"/><status value="draft"/><date value="2020-02-26"/><publisher value="eHealth Platform"/><contact><name value="eHealth Platform"/><telecom><system value="url"/><value value="https://www.ehealth.fgov.be/standards/fhir"/></telecom><telecom><system value="email"/><value value="message-structure@ehealth.fgov.be"/></telecom></contact><contact><name value="Message Structure eHealth"/><telecom><system value="email"/><value value="message-structure@ehealth.fgov.be"/><use value="work"/></telecom></contact><description value="FHIR Medication specifications"/><jurisdiction><coding><system value="urn:iso:std:iso:3166"/><code value="BE"/><display value="Belgium"/></coding></jurisdiction><packageId value="hl7.fhir.be.medication"/><license value="CC0-1.0"/><fhirVersion value="4.0.1"/><dependsOn id="hl7tx"><extension url="http://hl7.org/fhir/tools/StructureDefinition/implementationguide-dependency-comment"><valueMarkdown value="Automatically added as a dependency - all IGs depend on HL7 Terminology"/></extension><uri value="http://terminology.hl7.org/ImplementationGuide/hl7.terminology"/><packageId value="hl7.terminology.r4"/><version value="5.3.0"/></dependsOn><dependsOn id="hl7ext"><extension url="http://hl7.org/fhir/tools/StructureDefinition/implementationguide-dependency-comment"><valueMarkdown value="Automatically added as a dependency - all IGs depend on the HL7 Extension Pack"/></extension><uri value="http://hl7.org/fhir/extensions/ImplementationGuide/hl7.fhir.uv.extensions"/><packageId value="hl7.fhir.uv.extensions.r4"/><version value="1.0.0"/></dependsOn><dependsOn id="hl7_fhir_be_core"><uri value="https://www.ehealth.fgov.be/standards/fhir/core/ImplementationGuide/hl7.fhir.be.core"/><packageId value="hl7.fhir.be.core"/><version value="2.0.1"/></dependsOn><definition><extension url="http://hl7.org/fhir/tools/StructureDefinition/ig-parameter"><extension url="code"><valueString value="copyrightyear"/></extension><extension url="value"><valueString value="2021+"/></extension></extension><extension url="http://hl7.org/fhir/tools/StructureDefinition/ig-parameter"><extension url="code"><valueString value="releaselabel"/></extension><extension url="value"><valueString value="STU"/></extension></extension><extension url="http://hl7.org/fhir/tools/StructureDefinition/ig-parameter"><extension url="code"><valueString value="shownav"/></extension><extension url="value"><valueString value="true"/></extension></extension><extension url="http://hl7.org/fhir/tools/StructureDefinition/ig-parameter"><extension url="code"><valueString value="apply-contact"/></extension><extension url="value"><valueString value="true"/></extension></extension><extension url="http://hl7.org/fhir/tools/StructureDefinition/ig-parameter"><extension url="code"><valueString value="apply-jurisdiction"/></extension><extension url="value"><valueString value="true"/></extension></extension><extension url="http://hl7.org/fhir/tools/StructureDefinition/ig-parameter"><extension url="code"><valueString value="apply-publisher"/></extension><extension url="value"><valueString value="true"/></extension></extension><extension url="http://hl7.org/fhir/tools/StructureDefinition/ig-parameter"><extension url="code"><valueString value="apply-version"/></extension><extension url="value"><valueString value="true"/></extension></extension><extension url="http://hl7.org/fhir/tools/StructureDefinition/ig-parameter"><extension url="code"><valueString value="autoload-resources"/></extension><extension url="value"><valueString value="true"/></extension></extension><extension url="http://hl7.org/fhir/tools/StructureDefinition/ig-parameter"><extension url="code"><valueString value="path-liquid"/></extension><extension url="value"><valueString value="template/liquid"/></extension></extension><extension url="http://hl7.org/fhir/tools/StructureDefinition/ig-parameter"><extension url="code"><valueString value="path-liquid"/></extension><extension url="value"><valueString value="input/liquid"/></extension></extension><extension url="http://hl7.org/fhir/tools/StructureDefinition/ig-parameter"><extension url="code"><valueString value="path-qa"/></extension><extension url="value"><valueString value="temp/qa"/></extension></extension><extension url="http://hl7.org/fhir/tools/StructureDefinition/ig-parameter"><extension url="code"><valueString value="path-temp"/></extension><extension url="value"><valueString value="temp/pages"/></extension></extension><extension url="http://hl7.org/fhir/tools/StructureDefinition/ig-parameter"><extension url="code"><valueString value="path-output"/></extension><extension url="value"><valueString value="output"/></extension></extension><extension url="http://hl7.org/fhir/tools/StructureDefinition/ig-parameter"><extension url="code"><valueString value="path-suppressed-warnings"/></extension><extension url="value"><valueString value="input/ignoreWarnings.txt"/></extension></extension><extension url="http://hl7.org/fhir/tools/StructureDefinition/ig-parameter"><extension url="code"><valueString value="path-history"/></extension><extension url="value"><valueString value="https://www.ehealth.fgov.be/standards/fhir/medication/history.html"/></extension></extension><extension url="http://hl7.org/fhir/tools/StructureDefinition/ig-parameter"><extension url="code"><valueString value="template-html"/></extension><extension url="value"><valueString value="template-page.html"/></extension></extension><extension url="http://hl7.org/fhir/tools/StructureDefinition/ig-parameter"><extension url="code"><valueString value="template-md"/></extension><extension url="value"><valueString value="template-page-md.html"/></extension></extension><extension url="http://hl7.org/fhir/tools/StructureDefinition/ig-parameter"><extension url="code"><valueString value="apply-context"/></extension><extension url="value"><valueString value="true"/></extension></extension><extension url="http://hl7.org/fhir/tools/StructureDefinition/ig-parameter"><extension url="code"><valueString value="apply-copyright"/></extension><extension url="value"><valueString value="true"/></extension></extension><extension url="http://hl7.org/fhir/tools/StructureDefinition/ig-parameter"><extension url="code"><valueString value="apply-license"/></extension><extension url="value"><valueString value="true"/></extension></extension><extension url="http://hl7.org/fhir/tools/StructureDefinition/ig-parameter"><extension url="code"><valueString value="apply-wg"/></extension><extension url="value"><valueString value="true"/></extension></extension><extension url="http://hl7.org/fhir/tools/StructureDefinition/ig-parameter"><extension url="code"><valueString value="active-tables"/></extension><extension url="value"><valueString value="true"/></extension></extension><extension url="http://hl7.org/fhir/tools/StructureDefinition/ig-parameter"><extension url="code"><valueString value="fmm-definition"/></extension><extension url="value"><valueString value="http://hl7.org/fhir/versions.html#maturity"/></extension></extension><extension url="http://hl7.org/fhir/tools/StructureDefinition/ig-parameter"><extension url="code"><valueString value="propagate-status"/></extension><extension url="value"><valueString value="true"/></extension></extension><extension url="http://hl7.org/fhir/tools/StructureDefinition/ig-parameter"><extension url="code"><valueString value="excludelogbinaryformat"/></extension><extension url="value"><valueString value="true"/></extension></extension><extension url="http://hl7.org/fhir/tools/StructureDefinition/ig-parameter"><extension url="code"><valueString value="tabbed-snapshots"/></extension><extension url="value"><valueString value="true"/></extension></extension><extension url="http://hl7.org/fhir/tools/StructureDefinition/ig-internal-dependency"><valueCode value="hl7.fhir.uv.tools#0.1.0"/></extension><extension url="http://hl7.org/fhir/tools/StructureDefinition/ig-parameter"><extension url="code"><valueCode value="copyrightyear"/></extension><extension url="value"><valueString value="2021+"/></extension></extension><extension url="http://hl7.org/fhir/tools/StructureDefinition/ig-parameter"><extension url="code"><valueCode value="releaselabel"/></extension><extension url="value"><valueString value="STU"/></extension></extension><extension url="http://hl7.org/fhir/tools/StructureDefinition/ig-parameter"><extension url="code"><valueCode value="shownav"/></extension><extension url="value"><valueString value="true"/></extension></extension><extension url="http://hl7.org/fhir/tools/StructureDefinition/ig-parameter"><extension url="code"><valueCode value="apply-contact"/></extension><extension url="value"><valueString value="true"/></extension></extension><extension url="http://hl7.org/fhir/tools/StructureDefinition/ig-parameter"><extension url="code"><valueCode value="apply-jurisdiction"/></extension><extension url="value"><valueString value="true"/></extension></extension><extension url="http://hl7.org/fhir/tools/StructureDefinition/ig-parameter"><extension url="code"><valueCode value="apply-publisher"/></extension><extension url="value"><valueString value="true"/></extension></extension><extension url="http://hl7.org/fhir/tools/StructureDefinition/ig-parameter"><extension url="code"><valueCode value="apply-version"/></extension><extension url="value"><valueString value="true"/></extension></extension><extension url="http://hl7.org/fhir/tools/StructureDefinition/ig-parameter"><extension url="code"><valueCode value="autoload-resources"/></extension><extension url="value"><valueString value="true"/></extension></extension><extension url="http://hl7.org/fhir/tools/StructureDefinition/ig-parameter"><extension url="code"><valueCode value="path-liquid"/></extension><extension url="value"><valueString value="template/liquid"/></extension></extension><extension url="http://hl7.org/fhir/tools/StructureDefinition/ig-parameter"><extension url="code"><valueCode value="path-liquid"/></extension><extension url="value"><valueString value="input/liquid"/></extension></extension><extension url="http://hl7.org/fhir/tools/StructureDefinition/ig-parameter"><extension url="code"><valueCode value="path-qa"/></extension><extension url="value"><valueString value="temp/qa"/></extension></extension><extension url="http://hl7.org/fhir/tools/StructureDefinition/ig-parameter"><extension url="code"><valueCode value="path-temp"/></extension><extension url="value"><valueString value="temp/pages"/></extension></extension><extension url="http://hl7.org/fhir/tools/StructureDefinition/ig-parameter"><extension url="code"><valueCode value="path-output"/></extension><extension url="value"><valueString value="output"/></extension></extension><extension url="http://hl7.org/fhir/tools/StructureDefinition/ig-parameter"><extension url="code"><valueCode value="path-suppressed-warnings"/></extension><extension url="value"><valueString value="input/ignoreWarnings.txt"/></extension></extension><extension url="http://hl7.org/fhir/tools/StructureDefinition/ig-parameter"><extension url="code"><valueCode value="path-history"/></extension><extension url="value"><valueString value="https://www.ehealth.fgov.be/standards/fhir/medication/history.html"/></extension></extension><extension url="http://hl7.org/fhir/tools/StructureDefinition/ig-parameter"><extension url="code"><valueCode value="template-html"/></extension><extension url="value"><valueString value="template-page.html"/></extension></extension><extension url="http://hl7.org/fhir/tools/StructureDefinition/ig-parameter"><extension url="code"><valueCode value="template-md"/></extension><extension url="value"><valueString value="template-page-md.html"/></extension></extension><extension url="http://hl7.org/fhir/tools/StructureDefinition/ig-parameter"><extension url="code"><valueCode value="apply-context"/></extension><extension url="value"><valueString value="true"/></extension></extension><extension url="http://hl7.org/fhir/tools/StructureDefinition/ig-parameter"><extension url="code"><valueCode value="apply-copyright"/></extension><extension url="value"><valueString value="true"/></extension></extension><extension url="http://hl7.org/fhir/tools/StructureDefinition/ig-parameter"><extension url="code"><valueCode value="apply-license"/></extension><extension url="value"><valueString value="true"/></extension></extension><extension url="http://hl7.org/fhir/tools/StructureDefinition/ig-parameter"><extension url="code"><valueCode value="apply-wg"/></extension><extension url="value"><valueString value="true"/></extension></extension><extension url="http://hl7.org/fhir/tools/StructureDefinition/ig-parameter"><extension url="code"><valueCode value="active-tables"/></extension><extension url="value"><valueString value="true"/></extension></extension><extension url="http://hl7.org/fhir/tools/StructureDefinition/ig-parameter"><extension url="code"><valueCode value="fmm-definition"/></extension><extension url="value"><valueString value="http://hl7.org/fhir/versions.html#maturity"/></extension></extension><extension url="http://hl7.org/fhir/tools/StructureDefinition/ig-parameter"><extension url="code"><valueCode value="propagate-status"/></extension><extension url="value"><valueString value="true"/></extension></extension><extension url="http://hl7.org/fhir/tools/StructureDefinition/ig-parameter"><extension url="code"><valueCode value="excludelogbinaryformat"/></extension><extension url="value"><valueString value="true"/></extension></extension><extension url="http://hl7.org/fhir/tools/StructureDefinition/ig-parameter"><extension url="code"><valueCode value="tabbed-snapshots"/></extension><extension url="value"><valueString value="true"/></extension></extension><extension url="http://hl7.org/fhir/tools/StructureDefinition/ig-parameter"><extension url="code"><valueCode value="copyrightyear"/></extension><extension url="value"><valueString value="2021+"/></extension></extension><extension url="http://hl7.org/fhir/tools/StructureDefinition/ig-parameter"><extension url="code"><valueCode value="releaselabel"/></extension><extension url="value"><valueString value="STU"/></extension></extension><extension url="http://hl7.org/fhir/tools/StructureDefinition/ig-parameter"><extension url="code"><valueCode value="shownav"/></extension><extension url="value"><valueString value="true"/></extension></extension><extension url="http://hl7.org/fhir/tools/StructureDefinition/ig-parameter"><extension url="code"><valueCode value="apply-contact"/></extension><extension url="value"><valueString value="true"/></extension></extension><extension url="http://hl7.org/fhir/tools/StructureDefinition/ig-parameter"><extension url="code"><valueCode value="apply-jurisdiction"/></extension><extension url="value"><valueString value="true"/></extension></extension><extension url="http://hl7.org/fhir/tools/StructureDefinition/ig-parameter"><extension url="code"><valueCode value="apply-publisher"/></extension><extension url="value"><valueString value="true"/></extension></extension><extension url="http://hl7.org/fhir/tools/StructureDefinition/ig-parameter"><extension url="code"><valueCode value="apply-version"/></extension><extension url="value"><valueString value="true"/></extension></extension><extension url="http://hl7.org/fhir/tools/StructureDefinition/ig-parameter"><extension url="code"><valueCode value="autoload-resources"/></extension><extension url="value"><valueString value="true"/></extension></extension><extension url="http://hl7.org/fhir/tools/StructureDefinition/ig-parameter"><extension url="code"><valueCode value="path-liquid"/></extension><extension url="value"><valueString value="template/liquid"/></extension></extension><extension url="http://hl7.org/fhir/tools/StructureDefinition/ig-parameter"><extension url="code"><valueCode value="path-liquid"/></extension><extension url="value"><valueString value="input/liquid"/></extension></extension><extension url="http://hl7.org/fhir/tools/StructureDefinition/ig-parameter"><extension url="code"><valueCode value="path-qa"/></extension><extension url="value"><valueString value="temp/qa"/></extension></extension><extension url="http://hl7.org/fhir/tools/StructureDefinition/ig-parameter"><extension url="code"><valueCode value="path-temp"/></extension><extension url="value"><valueString value="temp/pages"/></extension></extension><extension url="http://hl7.org/fhir/tools/StructureDefinition/ig-parameter"><extension url="code"><valueCode value="path-output"/></extension><extension url="value"><valueString value="output"/></extension></extension><extension url="http://hl7.org/fhir/tools/StructureDefinition/ig-parameter"><extension url="code"><valueCode value="path-suppressed-warnings"/></extension><extension url="value"><valueString value="input/ignoreWarnings.txt"/></extension></extension><extension url="http://hl7.org/fhir/tools/StructureDefinition/ig-parameter"><extension url="code"><valueCode value="path-history"/></extension><extension url="value"><valueString value="https://www.ehealth.fgov.be/standards/fhir/medication/history.html"/></extension></extension><extension url="http://hl7.org/fhir/tools/StructureDefinition/ig-parameter"><extension url="code"><valueCode value="template-html"/></extension><extension url="value"><valueString value="template-page.html"/></extension></extension><extension url="http://hl7.org/fhir/tools/StructureDefinition/ig-parameter"><extension url="code"><valueCode value="template-md"/></extension><extension url="value"><valueString value="template-page-md.html"/></extension></extension><extension url="http://hl7.org/fhir/tools/StructureDefinition/ig-parameter"><extension url="code"><valueCode value="apply-context"/></extension><extension url="value"><valueString value="true"/></extension></extension><extension url="http://hl7.org/fhir/tools/StructureDefinition/ig-parameter"><extension url="code"><valueCode value="apply-copyright"/></extension><extension url="value"><valueString value="true"/></extension></extension><extension url="http://hl7.org/fhir/tools/StructureDefinition/ig-parameter"><extension url="code"><valueCode value="apply-license"/></extension><extension url="value"><valueString value="true"/></extension></extension><extension url="http://hl7.org/fhir/tools/StructureDefinition/ig-parameter"><extension url="code"><valueCode value="apply-wg"/></extension><extension url="value"><valueString value="true"/></extension></extension><extension url="http://hl7.org/fhir/tools/StructureDefinition/ig-parameter"><extension url="code"><valueCode value="active-tables"/></extension><extension url="value"><valueString value="true"/></extension></extension><extension url="http://hl7.org/fhir/tools/StructureDefinition/ig-parameter"><extension url="code"><valueCode value="fmm-definition"/></extension><extension url="value"><valueString value="http://hl7.org/fhir/versions.html#maturity"/></extension></extension><extension url="http://hl7.org/fhir/tools/StructureDefinition/ig-parameter"><extension url="code"><valueCode value="propagate-status"/></extension><extension url="value"><valueString value="true"/></extension></extension><extension url="http://hl7.org/fhir/tools/StructureDefinition/ig-parameter"><extension url="code"><valueCode value="excludelogbinaryformat"/></extension><extension url="value"><valueString value="true"/></extension></extension><extension url="http://hl7.org/fhir/tools/StructureDefinition/ig-parameter"><extension url="code"><valueCode value="tabbed-snapshots"/></extension><extension url="value"><valueString value="true"/></extension></extension><grouping id="-str-logicalmodel"><name value="Structures: Logical Models"/><description value="These define data models that represent the domain covered by this implementation guide in more business-friendly terms than the underlying FHIR resources."/></grouping><grouping id="-str-profile"><name value="Structures: Resource Profiles"/><description value="These define constraints on FHIR resources for systems conforming to this implementation guide."/></grouping><grouping id="-str-datatype"><name value="Structures: Data Type Profiles"/><description value="These define constraints on FHIR data types for systems conforming to this implementation guide."/></grouping><grouping id="-str-extension"><name value="Structures: Extension Definitions"/><description value="These define constraints on FHIR data types for systems conforming to this implementation guide."/></grouping><grouping id="-term-valueset"><name value="Terminology: Value Sets"/><description value="These define sets of codes used by systems conforming to this implementation guide."/></grouping><grouping id="-term-codesystem"><name value="Terminology: Code Systems"/><description value="These define new code systems used by systems conforming to this implementation guide."/></grouping><grouping id="-term-namingsystem"><name value="Terminology: Naming Systems"/><description value="These define identifier and/or code system identities used by systems conforming to this implementation guide."/></grouping><grouping id="-ex-example"><name value="Example: Example Instances"/><description value="These are example instances that show what data produced and consumed by systems conforming with this implementation guide might look like."/></grouping><resource><extension url="http://hl7.org/fhir/tools/StructureDefinition/resource-sort"><valueInteger value="999999999"/></extension><extension url="http://hl7.org/fhir/StructureDefinition/implementationguide-page"><valueUri value="StructureDefinition-be-model-medicationdispense.html"/></extension><reference><reference value="StructureDefinition/be-model-medicationdispense"/></reference><name value="BeModelMedicationDispense"/><description value="This is the logical model for the Dispense Record entry - the information that can be captured upon the act of dispensing - in a hospital pharmacy, or a community pharmacy. This is not for a future dispense, rather a record of an actual dispense."/><exampleBoolean value="false"/><groupingId value="-str-logicalmodel"/></resource><resource><extension url="http://hl7.org/fhir/tools/StructureDefinition/resource-sort"><valueInteger value="999999999"/></extension><extension url="http://hl7.org/fhir/StructureDefinition/implementationguide-page"><valueUri value="StructureDefinition-KMEHRMS.html"/></extension><reference><reference value="StructureDefinition/KMEHRMS"/></reference><name value="KMEHR Medication Schema v5.8"/><description value="This model represents the Medication Schema KMEHR V5.8. It is shown for demonstrating the field correspondence/equivalence, and not to imply any intended scope or intended behaviour."/><exampleBoolean value="false"/><groupingId value="-str-logicalmodel"/></resource><resource><extension url="http://hl7.org/fhir/tools/StructureDefinition/resource-sort"><valueInteger value="999999999"/></extension><extension url="http://hl7.org/fhir/StructureDefinition/implementationguide-page"><valueUri value="StructureDefinition-be-model-medicationline.html"/></extension><reference><reference value="StructureDefinition/be-model-medicationline"/></reference><name value="Medication Treatment Line - logical model"/><description value="A logical data model of the medication treatment line."/><exampleBoolean value="false"/><groupingId value="-str-logicalmodel"/></resource><resource><extension url="http://hl7.org/fhir/tools/StructureDefinition/resource-sort"><valueInteger value="999999999"/></extension><extension url="http://hl7.org/fhir/StructureDefinition/implementationguide-page"><valueUri value="StructureDefinition-BELMMedProduct.html"/></extension><reference><reference value="StructureDefinition/BELMMedProduct"/></reference><name value="Medicinal Product"/><description value="A logical data model for representing a medicinal product."/><exampleBoolean value="false"/><groupingId value="-str-logicalmodel"/></resource><resource><extension url="http://hl7.org/fhir/tools/StructureDefinition/resource-sort"><valueInteger value="999999999"/></extension><extension url="http://hl7.org/fhir/StructureDefinition/implementationguide-page"><valueUri value="StructureDefinition-BEMedicationLine.html"/></extension><reference><reference value="StructureDefinition/BEMedicationLine"/></reference><name value="BEMedicationLine"/><description value="Medication Line profile - contains the overview information for a single medication item"/><exampleBoolean value="false"/><groupingId value="-str-profile"/></resource><resource><extension url="http://hl7.org/fhir/tools/StructureDefinition/resource-sort"><valueInteger value="999999999"/></extension><extension url="http://hl7.org/fhir/StructureDefinition/implementationguide-page"><valueUri value="StructureDefinition-be-medicationdispense.html"/></extension><reference><reference value="StructureDefinition/be-medicationdispense"/></reference><name value="BeMedicationDispense"/><description value="Defines constraints and extensions on the Medication Dispense resource for a record of a dispensation in Belgium."/><exampleBoolean value="false"/><groupingId value="-str-profile"/></resource><resource><extension url="http://hl7.org/fhir/tools/StructureDefinition/resource-sort"><valueInteger value="999999999"/></extension><extension url="http://hl7.org/fhir/StructureDefinition/implementationguide-page"><valueUri value="StructureDefinition-AD.html"/></extension><reference><reference value="StructureDefinition/AD"/></reference><name value="AD"/><description value="Address"/><exampleBoolean value="false"/><groupingId value="-str-datatype"/></resource><resource><extension url="http://hl7.org/fhir/tools/StructureDefinition/resource-sort"><valueInteger value="999999999"/></extension><extension url="http://hl7.org/fhir/StructureDefinition/implementationguide-page"><valueUri value="StructureDefinition-ANY.html"/></extension><reference><reference value="StructureDefinition/ANY"/></reference><name value="ANY"/><description value="An abstract type"/><exampleBoolean value="false"/><groupingId value="-str-datatype"/></resource><resource><extension url="http://hl7.org/fhir/tools/StructureDefinition/resource-sort"><valueInteger value="999999999"/></extension><extension url="http://hl7.org/fhir/StructureDefinition/implementationguide-page"><valueUri value="StructureDefinition-BL.html"/></extension><reference><reference value="StructureDefinition/BL"/></reference><name value="BL"/><description value="Boolean - true or false"/><exampleBoolean value="false"/><groupingId value="-str-datatype"/></resource><resource><extension url="http://hl7.org/fhir/tools/StructureDefinition/resource-sort"><valueInteger value="999999999"/></extension><extension url="http://hl7.org/fhir/StructureDefinition/implementationguide-page"><valueUri value="StructureDefinition-CD.html"/></extension><reference><reference value="StructureDefinition/CD"/></reference><name value="CD"/><description value="ConceptDescriptor"/><exampleBoolean value="false"/><groupingId value="-str-datatype"/></resource><resource><extension url="http://hl7.org/fhir/tools/StructureDefinition/resource-sort"><valueInteger value="999999999"/></extension><extension url="http://hl7.org/fhir/StructureDefinition/implementationguide-page"><valueUri value="StructureDefinition-Class.html"/></extension><reference><reference value="StructureDefinition/Class"/></reference><name value="Class"/><description value="Class of data elements"/><exampleBoolean value="false"/><groupingId value="-str-datatype"/></resource><resource><extension url="http://hl7.org/fhir/tools/StructureDefinition/resource-sort"><valueInteger value="999999999"/></extension><extension url="http://hl7.org/fhir/StructureDefinition/implementationguide-page"><valueUri value="StructureDefinition-DT.html"/></extension><reference><reference value="StructureDefinition/DT"/></reference><name value="DT"/><description value="Date"/><exampleBoolean value="false"/><groupingId value="-str-datatype"/></resource><resource><extension url="http://hl7.org/fhir/tools/StructureDefinition/resource-sort"><valueInteger value="999999999"/></extension><extension url="http://hl7.org/fhir/StructureDefinition/implementationguide-page"><valueUri value="StructureDefinition-EN.html"/></extension><reference><reference value="StructureDefinition/EN"/></reference><name value="EN"/><description value="EntityName"/><exampleBoolean value="false"/><groupingId value="-str-datatype"/></resource><resource><extension url="http://hl7.org/fhir/tools/StructureDefinition/resource-sort"><valueInteger value="999999999"/></extension><extension url="http://hl7.org/fhir/StructureDefinition/implementationguide-page"><valueUri value="StructureDefinition-II.html"/></extension><reference><reference value="StructureDefinition/II"/></reference><name value="II"/><description value="InstanceIdentifier"/><exampleBoolean value="false"/><groupingId value="-str-datatype"/></resource><resource><extension url="http://hl7.org/fhir/tools/StructureDefinition/resource-sort"><valueInteger value="999999999"/></extension><extension url="http://hl7.org/fhir/StructureDefinition/implementationguide-page"><valueUri value="StructureDefinition-INT.html"/></extension><reference><reference value="StructureDefinition/INT"/></reference><name value="INT"/><description value="IntegerNumber"/><exampleBoolean value="false"/><groupingId value="-str-datatype"/></resource><resource><extension url="http://hl7.org/fhir/tools/StructureDefinition/resource-sort"><valueInteger value="999999999"/></extension><extension url="http://hl7.org/fhir/StructureDefinition/implementationguide-page"><valueUri value="StructureDefinition-PQ.html"/></extension><reference><reference value="StructureDefinition/PQ"/></reference><name value="PQ"/><description value="PhysicalQuantity"/><exampleBoolean value="false"/><groupingId value="-str-datatype"/></resource><resource><extension url="http://hl7.org/fhir/tools/StructureDefinition/resource-sort"><valueInteger value="999999999"/></extension><extension url="http://hl7.org/fhir/StructureDefinition/implementationguide-page"><valueUri value="StructureDefinition-REAL.html"/></extension><reference><reference value="StructureDefinition/REAL"/></reference><name value="REAL"/><description value="RealNumber"/><exampleBoolean value="false"/><groupingId value="-str-datatype"/></resource><resource><extension url="http://hl7.org/fhir/tools/StructureDefinition/resource-sort"><valueInteger value="999999999"/></extension><extension url="http://hl7.org/fhir/StructureDefinition/implementationguide-page"><valueUri value="StructureDefinition-RTO.html"/></extension><reference><reference value="StructureDefinition/RTO"/></reference><name value="RTO"/><description value="Ratio"/><exampleBoolean value="false"/><groupingId value="-str-datatype"/></resource><resource><extension url="http://hl7.org/fhir/tools/StructureDefinition/resource-sort"><valueInteger value="999999999"/></extension><extension url="http://hl7.org/fhir/StructureDefinition/implementationguide-page"><valueUri value="StructureDefinition-ST.html"/></extension><reference><reference value="StructureDefinition/ST"/></reference><name value="ST"/><description value="CharacterString"/><exampleBoolean value="false"/><groupingId value="-str-datatype"/></resource><resource><extension url="http://hl7.org/fhir/tools/StructureDefinition/resource-sort"><valueInteger value="999999999"/></extension><extension url="http://hl7.org/fhir/StructureDefinition/implementationguide-page"><valueUri value="StructureDefinition-TS.html"/></extension><reference><reference value="StructureDefinition/TS"/></reference><name value="TS"/><description value="TimeStamp"/><exampleBoolean value="false"/><groupingId value="-str-datatype"/></resource><resource><extension url="http://hl7.org/fhir/tools/StructureDefinition/resource-sort"><valueInteger value="999999999"/></extension><extension url="http://hl7.org/fhir/StructureDefinition/implementationguide-page"><valueUri value="StructureDefinition-Untyped.html"/></extension><reference><reference value="StructureDefinition/Untyped"/></reference><name value="Untyped"/><description value="No data type defined"/><exampleBoolean value="false"/><groupingId value="-str-datatype"/></resource><resource><extension url="http://hl7.org/fhir/tools/StructureDefinition/resource-sort"><valueInteger value="999999999"/></extension><extension url="http://hl7.org/fhir/StructureDefinition/implementationguide-page"><valueUri value="StructureDefinition-DispenseRequestNeededCategory.html"/></extension><reference><reference value="StructureDefinition/DispenseRequestNeededCategory"/></reference><name value="DispenseRequestNeededCategory"/><description value="Dispense Request Needed - category."/><exampleBoolean value="false"/><groupingId value="-str-extension"/></resource><resource><extension url="http://hl7.org/fhir/tools/StructureDefinition/resource-sort"><valueInteger value="999999999"/></extension><extension url="http://hl7.org/fhir/StructureDefinition/implementationguide-page"><valueUri value="StructureDefinition-DosageOverride.html"/></extension><reference><reference value="StructureDefinition/DosageOverride"/></reference><name value="DosageOverride"/><description value="Dispense override."/><exampleBoolean value="false"/><groupingId value="-str-extension"/></resource><resource><extension url="http://hl7.org/fhir/tools/StructureDefinition/resource-sort"><valueInteger value="999999999"/></extension><extension url="http://hl7.org/fhir/StructureDefinition/implementationguide-page"><valueUri value="StructureDefinition-DosageOverrideReason.html"/></extension><reference><reference value="StructureDefinition/DosageOverrideReason"/></reference><name value="DosageOverrideReason"/><description value="Dispense Request Needed - category."/><exampleBoolean value="false"/><groupingId value="-str-extension"/></resource><resource><extension url="http://hl7.org/fhir/tools/StructureDefinition/resource-sort"><valueInteger value="999999999"/></extension><extension url="http://hl7.org/fhir/StructureDefinition/implementationguide-page"><valueUri value="StructureDefinition-ExposureCategory.html"/></extension><reference><reference value="StructureDefinition/ExposureCategory"/></reference><name value="ExposureCategory"/><description value="Exposure - category."/><exampleBoolean value="false"/><groupingId value="-str-extension"/></resource><resource><extension url="http://hl7.org/fhir/tools/StructureDefinition/resource-sort"><valueInteger value="999999999"/></extension><extension url="http://hl7.org/fhir/StructureDefinition/implementationguide-page"><valueUri value="StructureDefinition-VisibilityFlag.html"/></extension><reference><reference value="StructureDefinition/VisibilityFlag"/></reference><name value="VisibilityFlag"/><description value="Visibility Flag."/><exampleBoolean value="false"/><groupingId value="-str-extension"/></resource><resource><extension url="http://hl7.org/fhir/tools/StructureDefinition/resource-sort"><valueInteger value="999999999"/></extension><extension url="http://hl7.org/fhir/StructureDefinition/implementationguide-page"><valueUri value="ValueSet-be-vs-dispenser-types.html"/></extension><reference><reference value="ValueSet/be-vs-dispenser-types"/></reference><name value="Dispenser Types"/><description value="Dispenser Types - from hcparty"/><exampleBoolean value="false"/><groupingId value="-term-valueset"/></resource><resource><extension url="http://hl7.org/fhir/tools/StructureDefinition/resource-sort"><valueInteger value="999999999"/></extension><extension url="http://hl7.org/fhir/StructureDefinition/implementationguide-page"><valueUri value="ValueSet-medication-exposure-category-vs.html"/></extension><reference><reference value="ValueSet/medication-exposure-category-vs"/></reference><name value="Medication exposure intent"/><description value="The exposure purpose of a medication - whether the medication is given for therapeutic or prophylactic purposes."/><exampleBoolean value="false"/><groupingId value="-term-valueset"/></resource><resource><extension url="http://hl7.org/fhir/tools/StructureDefinition/resource-sort"><valueInteger value="999999999"/></extension><extension url="http://hl7.org/fhir/StructureDefinition/implementationguide-page"><valueUri value="ValueSet-medication-line-origin-type-vs.html"/></extension><reference><reference value="ValueSet/medication-line-origin-type-vs"/></reference><name value="Medication origin type ValueSet"/><description value="Medication treatment origin type - what is the type of care that originated the medication treatment"/><exampleBoolean value="false"/><groupingId value="-term-valueset"/></resource><resource><extension url="http://hl7.org/fhir/tools/StructureDefinition/resource-sort"><valueInteger value="999999999"/></extension><extension url="http://hl7.org/fhir/StructureDefinition/implementationguide-page"><valueUri value="ValueSet-medication-type-vs.html"/></extension><reference><reference value="ValueSet/medication-type-vs"/></reference><name value="Medication preparation Type value set"/><description value="Medication preparation type value set"/><exampleBoolean value="false"/><groupingId value="-term-valueset"/></resource><resource><extension url="http://hl7.org/fhir/tools/StructureDefinition/resource-sort"><valueInteger value="999999999"/></extension><extension url="http://hl7.org/fhir/StructureDefinition/implementationguide-page"><valueUri value="CodeSystem-medication-line-origin-type.html"/></extension><reference><reference value="CodeSystem/medication-line-origin-type"/></reference><name value="Medication origin type"/><description value="Medication treatment origin type - what is the type of care that originated the medication treatment"/><exampleBoolean value="false"/><groupingId value="-term-codesystem"/></resource><resource><extension url="http://hl7.org/fhir/tools/StructureDefinition/resource-sort"><valueInteger value="999999999"/></extension><extension url="http://hl7.org/fhir/StructureDefinition/implementationguide-page"><valueUri value="CodeSystem-medication-type.html"/></extension><reference><reference value="CodeSystem/medication-type"/></reference><name value="Medication preparation Type"/><description value="Medication preparation type"/><exampleBoolean value="false"/><groupingId value="-term-codesystem"/></resource><resource><extension url="http://hl7.org/fhir/tools/StructureDefinition/resource-sort"><valueInteger value="999999999"/></extension><extension url="http://hl7.org/fhir/StructureDefinition/implementationguide-page"><valueUri value="NamingSystem-be-ns-cnk-codes.html"/></extension><reference><reference value="NamingSystem/be-ns-cnk-codes"/></reference><name value="be-ns-cnk-codes"/><description value="Naming System - CNK Product Codes"/><exampleBoolean value="false"/><groupingId value="-term-namingsystem"/></resource><resource><extension url="http://hl7.org/fhir/tools/StructureDefinition/resource-sort"><valueInteger value="999999999"/></extension><extension url="http://hl7.org/fhir/StructureDefinition/implementationguide-page"><valueUri value="NamingSystem-be-ns-cti-extended-code.html"/></extension><reference><reference value="NamingSystem/be-ns-cti-extended-code"/></reference><name value="be-ns-cti-extended-code"/><description value="Naming System - CTI Extended Codes"/><exampleBoolean value="false"/><groupingId value="-term-namingsystem"/></resource><resource><extension url="http://hl7.org/fhir/tools/StructureDefinition/resource-sort"><valueInteger value="999999999"/></extension><extension url="http://hl7.org/fhir/StructureDefinition/implementationguide-page"><valueUri value="NamingSystem-be-ns-prescription-ids.html"/></extension><reference><reference value="NamingSystem/be-ns-prescription-ids"/></reference><name value="be-ns-prescription-ids"/><description value="Naming System - Prescription IDs"/><exampleBoolean value="false"/><groupingId value="-term-namingsystem"/></resource><resource><extension url="http://hl7.org/fhir/tools/StructureDefinition/resource-sort"><valueInteger value="999999999"/></extension><extension url="http://hl7.org/fhir/StructureDefinition/implementationguide-page"><valueUri value="NamingSystem-be-ns-product-package-type.html"/></extension><reference><reference value="NamingSystem/be-ns-product-package-type"/></reference><name value="be-ns-product-package-type"/><description value="Naming System - Prescription IDs"/><exampleBoolean value="false"/><groupingId value="-term-namingsystem"/></resource><resource><extension url="http://hl7.org/fhir/tools/StructureDefinition/resource-sort"><valueInteger value="999999999"/></extension><extension url="http://hl7.org/fhir/StructureDefinition/implementationguide-page"><valueUri value="MedicationDispense-example-dispense-hospital.html"/></extension><reference><reference value="MedicationDispense/example-dispense-hospital"/></reference><name value="A dispense from a hospital pharmacy"/><description value="A dispense from a hospital pharmacy, with a hospital nihdi and based on a prescription"/><exampleCanonical value="https://www.ehealth.fgov.be/standards/fhir/medication/StructureDefinition/be-medicationdispense"/><groupingId value="-ex-example"/></resource><resource><extension url="http://hl7.org/fhir/tools/StructureDefinition/resource-sort"><valueInteger value="999999999"/></extension><extension url="http://hl7.org/fhir/StructureDefinition/implementationguide-page"><valueUri value="MedicationDispense-example-minimal-dispense.html"/></extension><reference><reference value="MedicationDispense/example-minimal-dispense"/></reference><name value="Dispense Example - Minimal amount of information"/><description value="Medication Dispense example"/><exampleCanonical value="https://www.ehealth.fgov.be/standards/fhir/medication/StructureDefinition/be-medicationdispense"/><groupingId value="-ex-example"/></resource><resource><extension url="http://hl7.org/fhir/tools/StructureDefinition/resource-sort"><valueInteger value="999999999"/></extension><extension url="http://hl7.org/fhir/StructureDefinition/implementationguide-page"><valueUri value="MedicationDispense-example-dispense-communitypharmacy-1med.html"/></extension><reference><reference value="MedicationDispense/example-dispense-communitypharmacy-1med"/></reference><name value="Dispense entry Example - Community Pharmacy dispense, from prescription"/><description value="Medication Dispense example"/><exampleCanonical value="https://www.ehealth.fgov.be/standards/fhir/medication/StructureDefinition/be-medicationdispense"/><groupingId value="-ex-example"/></resource><resource><extension url="http://hl7.org/fhir/tools/StructureDefinition/resource-sort"><valueInteger value="999999999"/></extension><extension url="http://hl7.org/fhir/StructureDefinition/implementationguide-page"><valueUri value="MedicationDispense-medicationdispense-example-2.html"/></extension><reference><reference value="MedicationDispense/medicationdispense-example-2"/></reference><name value="Dispense entry Example - Community Pharmacy dispense, from prescription, with contained org."/><description value="Medication Dispense example"/><exampleCanonical value="https://www.ehealth.fgov.be/standards/fhir/medication/StructureDefinition/be-medicationdispense"/><groupingId value="-ex-example"/></resource><resource><extension url="http://hl7.org/fhir/tools/StructureDefinition/resource-sort"><valueInteger value="999999999"/></extension><extension url="http://hl7.org/fhir/StructureDefinition/implementationguide-page"><valueUri value="Organization-apotheek-onder-de-toren.html"/></extension><reference><reference value="Organization/apotheek-onder-de-toren"/></reference><name value="apotheek-onder-de-toren"/><description value="Example organization for a pharmacy"/><exampleBoolean value="true"/><groupingId value="-ex-example"/></resource><resource><extension url="http://hl7.org/fhir/tools/StructureDefinition/resource-sort"><valueInteger value="999999999"/></extension><extension url="http://hl7.org/fhir/StructureDefinition/implementationguide-page"><valueUri value="MedicationDispense-medicationdispense-example-1.html"/></extension><reference><reference value="MedicationDispense/medicationdispense-example-1"/></reference><name value="medicationdispense-example-1"/><exampleCanonical value="https://www.ehealth.fgov.be/standards/fhir/medication/StructureDefinition/be-medicationdispense"/><groupingId value="-ex-example"/></resource><page><extension url="http://hl7.org/fhir/tools/StructureDefinition/ig-page-name"><valueUrl value="toc.html"/></extension><nameUrl value="toc.html"/><title value="Table of Contents"/><generation value="html"/><page><extension url="http://hl7.org/fhir/tools/StructureDefinition/ig-page-name"><valueUrl value="index.html"/></extension><nameUrl value="index.html"/><title value="Home"/><generation value="html"/></page><page><extension url="http://hl7.org/fhir/tools/StructureDefinition/ig-page-name"><valueUrl value="medicationrecord.html"/></extension><nameUrl value="medicationrecord.html"/><title value="Belgian Medication Record overview"/><generation value="markdown"/></page><page><extension url="http://hl7.org/fhir/tools/StructureDefinition/ig-page-name"><valueUrl value="definitions.html"/></extension><nameUrl value="definitions.html"/><title value="Definitions"/><generation value="markdown"/></page><page><extension url="http://hl7.org/fhir/tools/StructureDefinition/ig-page-name"><valueUrl value="usecases-medicationrecord.html"/></extension><nameUrl value="usecases-medicationrecord.html"/><title value="Medication Record - Use cases"/><generation value="markdown"/></page><page><extension url="http://hl7.org/fhir/tools/StructureDefinition/ig-page-name"><valueUrl value="medicationrecord-scenarios.html"/></extension><nameUrl value="medicationrecord-scenarios.html"/><title value="Medication Record - Extended scenarios"/><generation value="markdown"/></page><page><extension url="http://hl7.org/fhir/tools/StructureDefinition/ig-page-name"><valueUrl value="usecases-dispense.html"/></extension><nameUrl value="usecases-dispense.html"/><title value="Dispense - Use cases"/><generation value="markdown"/></page><page><extension url="http://hl7.org/fhir/tools/StructureDefinition/ig-page-name"><valueUrl value="howto.html"/></extension><nameUrl value="howto.html"/><title value="Howto"/><generation value="html"/></page><page><extension url="http://hl7.org/fhir/tools/StructureDefinition/ig-page-name"><valueUrl value="artifacts.html"/></extension><nameUrl value="artifacts.html"/><title value="Artifacts Summary"/><generation value="html"/><page><extension url="http://hl7.org/fhir/tools/StructureDefinition/ig-page-name"><valueUrl value="StructureDefinition-be-model-medicationdispense.html"/></extension><nameUrl value="StructureDefinition-be-model-medicationdispense.html"/><title value="BeModelMedicationDispense"/><generation value="generated"/></page><page><extension url="http://hl7.org/fhir/tools/StructureDefinition/ig-page-name"><valueUrl value="StructureDefinition-KMEHRMS.html"/></extension><nameUrl value="StructureDefinition-KMEHRMS.html"/><title value="KMEHR Medication Schema v5.8"/><generation value="generated"/></page><page><extension url="http://hl7.org/fhir/tools/StructureDefinition/ig-page-name"><valueUrl value="StructureDefinition-be-model-medicationline.html"/></extension><nameUrl value="StructureDefinition-be-model-medicationline.html"/><title value="Medication Treatment Line - logical model"/><generation value="generated"/></page><page><extension url="http://hl7.org/fhir/tools/StructureDefinition/ig-page-name"><valueUrl value="StructureDefinition-BELMMedProduct.html"/></extension><nameUrl value="StructureDefinition-BELMMedProduct.html"/><title value="Medicinal Product"/><generation value="generated"/></page><page><extension url="http://hl7.org/fhir/tools/StructureDefinition/ig-page-name"><valueUrl value="StructureDefinition-be-medicationdispense.html"/></extension><nameUrl value="StructureDefinition-be-medicationdispense.html"/><title value="BeMedicationDispense"/><generation value="generated"/></page><page><extension url="http://hl7.org/fhir/tools/StructureDefinition/ig-page-name"><valueUrl value="StructureDefinition-BEMedicationLine.html"/></extension><nameUrl value="StructureDefinition-BEMedicationLine.html"/><title value="BEMedicationLine"/><generation value="generated"/></page><page><extension url="http://hl7.org/fhir/tools/StructureDefinition/ig-page-name"><valueUrl value="StructureDefinition-AD.html"/></extension><nameUrl value="StructureDefinition-AD.html"/><title value="AD"/><generation value="generated"/></page><page><extension url="http://hl7.org/fhir/tools/StructureDefinition/ig-page-name"><valueUrl value="StructureDefinition-ANY.html"/></extension><nameUrl value="StructureDefinition-ANY.html"/><title value="ANY"/><generation value="generated"/></page><page><extension url="http://hl7.org/fhir/tools/StructureDefinition/ig-page-name"><valueUrl value="StructureDefinition-BL.html"/></extension><nameUrl value="StructureDefinition-BL.html"/><title value="BL"/><generation value="generated"/></page><page><extension url="http://hl7.org/fhir/tools/StructureDefinition/ig-page-name"><valueUrl value="StructureDefinition-CD.html"/></extension><nameUrl value="StructureDefinition-CD.html"/><title value="CD"/><generation value="generated"/></page><page><extension url="http://hl7.org/fhir/tools/StructureDefinition/ig-page-name"><valueUrl value="StructureDefinition-Class.html"/></extension><nameUrl value="StructureDefinition-Class.html"/><title value="Class"/><generation value="generated"/></page><page><extension url="http://hl7.org/fhir/tools/StructureDefinition/ig-page-name"><valueUrl value="StructureDefinition-DT.html"/></extension><nameUrl value="StructureDefinition-DT.html"/><title value="DT"/><generation value="generated"/></page><page><extension url="http://hl7.org/fhir/tools/StructureDefinition/ig-page-name"><valueUrl value="StructureDefinition-EN.html"/></extension><nameUrl value="StructureDefinition-EN.html"/><title value="EN"/><generation value="generated"/></page><page><extension url="http://hl7.org/fhir/tools/StructureDefinition/ig-page-name"><valueUrl value="StructureDefinition-II.html"/></extension><nameUrl value="StructureDefinition-II.html"/><title value="II"/><generation value="generated"/></page><page><extension url="http://hl7.org/fhir/tools/StructureDefinition/ig-page-name"><valueUrl value="StructureDefinition-INT.html"/></extension><nameUrl value="StructureDefinition-INT.html"/><title value="INT"/><generation value="generated"/></page><page><extension url="http://hl7.org/fhir/tools/StructureDefinition/ig-page-name"><valueUrl value="StructureDefinition-PQ.html"/></extension><nameUrl value="StructureDefinition-PQ.html"/><title value="PQ"/><generation value="generated"/></page><page><extension url="http://hl7.org/fhir/tools/StructureDefinition/ig-page-name"><valueUrl value="StructureDefinition-REAL.html"/></extension><nameUrl value="StructureDefinition-REAL.html"/><title value="REAL"/><generation value="generated"/></page><page><extension url="http://hl7.org/fhir/tools/StructureDefinition/ig-page-name"><valueUrl value="StructureDefinition-RTO.html"/></extension><nameUrl value="StructureDefinition-RTO.html"/><title value="RTO"/><generation value="generated"/></page><page><extension url="http://hl7.org/fhir/tools/StructureDefinition/ig-page-name"><valueUrl value="StructureDefinition-ST.html"/></extension><nameUrl value="StructureDefinition-ST.html"/><title value="ST"/><generation value="generated"/></page><page><extension url="http://hl7.org/fhir/tools/StructureDefinition/ig-page-name"><valueUrl value="StructureDefinition-TS.html"/></extension><nameUrl value="StructureDefinition-TS.html"/><title value="TS"/><generation value="generated"/></page><page><extension url="http://hl7.org/fhir/tools/StructureDefinition/ig-page-name"><valueUrl value="StructureDefinition-Untyped.html"/></extension><nameUrl value="StructureDefinition-Untyped.html"/><title value="Untyped"/><generation value="generated"/></page><page><extension url="http://hl7.org/fhir/tools/StructureDefinition/ig-page-name"><valueUrl value="StructureDefinition-DispenseRequestNeededCategory.html"/></extension><nameUrl value="StructureDefinition-DispenseRequestNeededCategory.html"/><title value="DispenseRequestNeededCategory"/><generation value="generated"/></page><page><extension url="http://hl7.org/fhir/tools/StructureDefinition/ig-page-name"><valueUrl value="StructureDefinition-DosageOverride.html"/></extension><nameUrl value="StructureDefinition-DosageOverride.html"/><title value="DosageOverride"/><generation value="generated"/></page><page><extension url="http://hl7.org/fhir/tools/StructureDefinition/ig-page-name"><valueUrl value="StructureDefinition-DosageOverrideReason.html"/></extension><nameUrl value="StructureDefinition-DosageOverrideReason.html"/><title value="DosageOverrideReason"/><generation value="generated"/></page><page><extension url="http://hl7.org/fhir/tools/StructureDefinition/ig-page-name"><valueUrl value="StructureDefinition-ExposureCategory.html"/></extension><nameUrl value="StructureDefinition-ExposureCategory.html"/><title value="ExposureCategory"/><generation value="generated"/></page><page><extension url="http://hl7.org/fhir/tools/StructureDefinition/ig-page-name"><valueUrl value="StructureDefinition-VisibilityFlag.html"/></extension><nameUrl value="StructureDefinition-VisibilityFlag.html"/><title value="VisibilityFlag"/><generation value="generated"/></page><page><extension url="http://hl7.org/fhir/tools/StructureDefinition/ig-page-name"><valueUrl value="ValueSet-be-vs-dispenser-types.html"/></extension><nameUrl value="ValueSet-be-vs-dispenser-types.html"/><title value="Dispenser Types"/><generation value="generated"/></page><page><extension url="http://hl7.org/fhir/tools/StructureDefinition/ig-page-name"><valueUrl value="ValueSet-medication-exposure-category-vs.html"/></extension><nameUrl value="ValueSet-medication-exposure-category-vs.html"/><title value="Medication exposure intent"/><generation value="generated"/></page><page><extension url="http://hl7.org/fhir/tools/StructureDefinition/ig-page-name"><valueUrl value="ValueSet-medication-line-origin-type-vs.html"/></extension><nameUrl value="ValueSet-medication-line-origin-type-vs.html"/><title value="Medication origin type ValueSet"/><generation value="generated"/></page><page><extension url="http://hl7.org/fhir/tools/StructureDefinition/ig-page-name"><valueUrl value="ValueSet-medication-type-vs.html"/></extension><nameUrl value="ValueSet-medication-type-vs.html"/><title value="Medication preparation Type value set"/><generation value="generated"/></page><page><extension url="http://hl7.org/fhir/tools/StructureDefinition/ig-page-name"><valueUrl value="CodeSystem-medication-line-origin-type.html"/></extension><nameUrl value="CodeSystem-medication-line-origin-type.html"/><title value="Medication origin type"/><generation value="generated"/></page><page><extension url="http://hl7.org/fhir/tools/StructureDefinition/ig-page-name"><valueUrl value="CodeSystem-medication-type.html"/></extension><nameUrl value="CodeSystem-medication-type.html"/><title value="Medication preparation Type"/><generation value="generated"/></page><page><extension url="http://hl7.org/fhir/tools/StructureDefinition/ig-page-name"><valueUrl value="NamingSystem-be-ns-cnk-codes.html"/></extension><nameUrl value="NamingSystem-be-ns-cnk-codes.html"/><title value="be-ns-cnk-codes"/><generation value="generated"/></page><page><extension url="http://hl7.org/fhir/tools/StructureDefinition/ig-page-name"><valueUrl value="NamingSystem-be-ns-cti-extended-code.html"/></extension><nameUrl value="NamingSystem-be-ns-cti-extended-code.html"/><title value="be-ns-cti-extended-code"/><generation value="generated"/></page><page><extension url="http://hl7.org/fhir/tools/StructureDefinition/ig-page-name"><valueUrl value="NamingSystem-be-ns-prescription-ids.html"/></extension><nameUrl value="NamingSystem-be-ns-prescription-ids.html"/><title value="be-ns-prescription-ids"/><generation value="generated"/></page><page><extension url="http://hl7.org/fhir/tools/StructureDefinition/ig-page-name"><valueUrl value="NamingSystem-be-ns-product-package-type.html"/></extension><nameUrl value="NamingSystem-be-ns-product-package-type.html"/><title value="be-ns-product-package-type"/><generation value="generated"/></page><page><extension url="http://hl7.org/fhir/tools/StructureDefinition/ig-page-name"><valueUrl value="MedicationDispense-example-dispense-hospital.html"/></extension><nameUrl value="MedicationDispense-example-dispense-hospital.html"/><title value="A dispense from a hospital pharmacy"/><generation value="generated"/></page><page><extension url="http://hl7.org/fhir/tools/StructureDefinition/ig-page-name"><valueUrl value="Organization-apotheek-onder-de-toren.html"/></extension><nameUrl value="Organization-apotheek-onder-de-toren.html"/><title value="apotheek-onder-de-toren"/><generation value="generated"/></page><page><extension url="http://hl7.org/fhir/tools/StructureDefinition/ig-page-name"><valueUrl value="MedicationDispense-example-dispense-communitypharmacy-1med.html"/></extension><nameUrl value="MedicationDispense-example-dispense-communitypharmacy-1med.html"/><title value="Dispense entry Example - Community Pharmacy dispense, from prescription"/><generation value="generated"/></page><page><extension url="http://hl7.org/fhir/tools/StructureDefinition/ig-page-name"><valueUrl value="MedicationDispense-medicationdispense-example-2.html"/></extension><nameUrl value="MedicationDispense-medicationdispense-example-2.html"/><title value="Dispense entry Example - Community Pharmacy dispense, from prescription, with contained org."/><generation value="generated"/></page><page><extension url="http://hl7.org/fhir/tools/StructureDefinition/ig-page-name"><valueUrl value="MedicationDispense-example-minimal-dispense.html"/></extension><nameUrl value="MedicationDispense-example-minimal-dispense.html"/><title value="Dispense Example - Minimal amount of information"/><generation value="generated"/></page><page><extension url="http://hl7.org/fhir/tools/StructureDefinition/ig-page-name"><valueUrl value="MedicationDispense-medicationdispense-example-1.html"/></extension><nameUrl value="MedicationDispense-medicationdispense-example-1.html"/><title value="medicationdispense-example-1"/><generation value="generated"/></page></page></page><parameter><code value="path-resource"/><value value="input/capabilities"/></parameter><parameter><code value="path-resource"/><value value="input/examples"/></parameter><parameter><code value="path-resource"/><value value="input/extensions"/></parameter><parameter><code value="path-resource"/><value value="input/models"/></parameter><parameter><code value="path-resource"/><value value="input/operations"/></parameter><parameter><code value="path-resource"/><value value="input/profiles"/></parameter><parameter><code value="path-resource"/><value value="input/resources"/></parameter><parameter><code value="path-resource"/><value value="input/vocabulary"/></parameter><parameter><code value="path-resource"/><value value="input/maps"/></parameter><parameter><code value="path-resource"/><value value="input/testing"/></parameter><parameter><code value="path-resource"/><value value="input/history"/></parameter><parameter><code value="path-resource"/><value value="fsh-generated/resources"/></parameter><parameter><code value="path-pages"/><value value="template/config"/></parameter><parameter><code value="path-pages"/><value value="input/images"/></parameter><parameter><code value="path-tx-cache"/><value value="input-cache/txcache"/></parameter></definition></ImplementationGuide>