{
  "resourceType" : "ValueSet",
  "id" : "f057f036-c257-4f7a-ab9f-6a4f995a0002-18",
  "url" : "http://hl7.org/fhir/comparison/ValueSet/f057f036-c257-4f7a-ab9f-6a4f995a0002-18",
  "name" : "IntersectionDispenserTypesAndDispenserTypes",
  "title" : "Intersection of Dispenser Types And Dispenser Types",
  "status" : "active",
  "date" : "2024-03-30T13:34:29+00:00",
  "jurisdiction" : [{
    "coding" : [{
      "system" : "urn:iso:std:iso:3166",
      "code" : "BE",
      "display" : "Belgium"
    }]
  }],
  "compose" : {
    "include" : [{
      "concept" : [{
        "code" : "deptpharmacy"
      },
      {
        "code" : "perspharmacist"
      },
      {
        "code" : "orgpharmacy"
      },
      {
        "code" : "perspharmacyassistant"
      },
      {
        "code" : "perspharmacistclinicalbiologist"
      },
      {
        "code" : "persdentist"
      },
      {
        "code" : "deptdentistry"
      }]
    }]
  }
}