<?xml version="1.0" encoding="UTF-8"?><ImplementationGuide xmlns="http://hl7.org/fhir"><id value="hl7.be.fhir.medicationig"/><text><status value="extensions"/><div xmlns="http://www.w3.org/1999/xhtml"><h2>BEMedicationIG</h2><p>The official URL for this implementation guide is: </p><pre>https://www.hl7belgium.org/fhir/ImplementationGuide/hl7.be.fhir.medicationig</pre><div><p>ImplementationGuide for HL7 Belgium Medication Work Group</p>
</div></div></text><url value="https://www.hl7belgium.org/fhir/ImplementationGuide/hl7.be.fhir.medicationig"/><version value="0.2.0"/><name value="BEMedicationIG"/><title value="HL7 Belgium Medication Implementation Guide"/><status value="draft"/><experimental value="false"/><date value="2022-03-29T12:22:58+00:00"/><publisher value="HL7 Belgium"/><contact><telecom><system value="url"/><value value="http://hl7belgium.org"/></telecom></contact><description value="ImplementationGuide for HL7 Belgium Medication Work Group"/><jurisdiction><coding><system value="http://unstats.un.org/unsd/methods/m49/m49.htm"/><code value="056"/></coding><text value="Belgium"/></jurisdiction><packageId value="hl7.be.fhir.medicationig"/><license value="CC0-1.0"/><fhirVersion value="4.0.1"/><definition><extension url="http://hl7.org/fhir/tools/StructureDefinition/ig-parameter"><extension url="code"><valueString value="copyrightyear"/></extension><extension url="value"><valueString value="2019+"/></extension></extension><extension url="http://hl7.org/fhir/tools/StructureDefinition/ig-parameter"><extension url="code"><valueString value="releaselabel"/></extension><extension url="value"><valueString value="ReleaseCandidate"/></extension></extension><extension url="http://hl7.org/fhir/tools/StructureDefinition/ig-parameter"><extension url="code"><valueString value="special-url"/></extension><extension url="value"><valueString value="https://www.ehealth.fgov.be/standards/fhir/CodeSystem/cd-hcparty"/></extension></extension><extension url="http://hl7.org/fhir/tools/StructureDefinition/ig-parameter"><extension url="code"><valueString value="special-url"/></extension><extension url="value"><valueString value="https://www.ehealth.fgov.be/standards/fhir/StructureDefinition/be-patient"/></extension></extension><extension url="http://hl7.org/fhir/tools/StructureDefinition/ig-parameter"><extension url="code"><valueString value="special-url"/></extension><extension url="value"><valueString value="https://www.ehealth.fgov.be/standards/fhir/StructureDefinition/be-organization"/></extension></extension><extension url="http://hl7.org/fhir/tools/StructureDefinition/ig-parameter"><extension url="code"><valueString value="special-url"/></extension><extension url="value"><valueString value="https://www.ehealth.fgov.be/standards/fhir/StructureDefinition/be-practitionerrole"/></extension></extension><extension url="http://hl7.org/fhir/tools/StructureDefinition/ig-parameter"><extension url="code"><valueString value="special-url"/></extension><extension url="value"><valueString value="https://www.ehealth.fgov.be/standards/fhir/StructureDefinition/be-practitioner"/></extension></extension><extension url="http://hl7.org/fhir/tools/StructureDefinition/ig-parameter"><extension url="code"><valueString value="path-binary"/></extension><extension url="value"><valueString value="input\cql"/></extension></extension><extension url="http://hl7.org/fhir/tools/StructureDefinition/ig-parameter"><extension url="code"><valueString value="excludettl"/></extension><extension url="value"><valueString value="true"/></extension></extension><extension url="http://hl7.org/fhir/tools/StructureDefinition/ig-parameter"><extension url="code"><valueString value="show-inherited-invariants"/></extension><extension url="value"><valueString value="false"/></extension></extension><extension url="http://hl7.org/fhir/tools/StructureDefinition/ig-parameter"><extension url="code"><valueString value="autoload-resources"/></extension><extension url="value"><valueString value="true"/></extension></extension><extension url="http://hl7.org/fhir/tools/StructureDefinition/ig-parameter"><extension url="code"><valueString value="path-liquid"/></extension><extension url="value"><valueString value="template/liquid"/></extension></extension><extension url="http://hl7.org/fhir/tools/StructureDefinition/ig-parameter"><extension url="code"><valueString value="path-liquid"/></extension><extension url="value"><valueString value="input/liquid"/></extension></extension><extension url="http://hl7.org/fhir/tools/StructureDefinition/ig-parameter"><extension url="code"><valueString value="path-qa"/></extension><extension url="value"><valueString value="temp/qa"/></extension></extension><extension url="http://hl7.org/fhir/tools/StructureDefinition/ig-parameter"><extension url="code"><valueString value="path-temp"/></extension><extension url="value"><valueString value="temp/pages"/></extension></extension><extension url="http://hl7.org/fhir/tools/StructureDefinition/ig-parameter"><extension url="code"><valueString value="path-output"/></extension><extension url="value"><valueString value="output"/></extension></extension><extension url="http://hl7.org/fhir/tools/StructureDefinition/ig-parameter"><extension url="code"><valueString value="path-suppressed-warnings"/></extension><extension url="value"><valueString value="input/ignoreWarnings.txt"/></extension></extension><extension url="http://hl7.org/fhir/tools/StructureDefinition/ig-parameter"><extension url="code"><valueString value="path-history"/></extension><extension url="value"><valueString value="https://www.hl7belgium.org/fhir/history.html"/></extension></extension><extension url="http://hl7.org/fhir/tools/StructureDefinition/ig-parameter"><extension url="code"><valueString value="template-html"/></extension><extension url="value"><valueString value="template-page.html"/></extension></extension><extension url="http://hl7.org/fhir/tools/StructureDefinition/ig-parameter"><extension url="code"><valueString value="template-md"/></extension><extension url="value"><valueString value="template-page-md.html"/></extension></extension><extension url="http://hl7.org/fhir/tools/StructureDefinition/ig-parameter"><extension url="code"><valueString value="apply-contact"/></extension><extension url="value"><valueString value="true"/></extension></extension><extension url="http://hl7.org/fhir/tools/StructureDefinition/ig-parameter"><extension url="code"><valueString value="apply-context"/></extension><extension url="value"><valueString value="true"/></extension></extension><extension url="http://hl7.org/fhir/tools/StructureDefinition/ig-parameter"><extension url="code"><valueString value="apply-copyright"/></extension><extension url="value"><valueString value="true"/></extension></extension><extension url="http://hl7.org/fhir/tools/StructureDefinition/ig-parameter"><extension url="code"><valueString value="apply-jurisdiction"/></extension><extension url="value"><valueString value="true"/></extension></extension><extension url="http://hl7.org/fhir/tools/StructureDefinition/ig-parameter"><extension url="code"><valueString value="apply-license"/></extension><extension url="value"><valueString value="true"/></extension></extension><extension url="http://hl7.org/fhir/tools/StructureDefinition/ig-parameter"><extension url="code"><valueString value="apply-publisher"/></extension><extension url="value"><valueString value="true"/></extension></extension><extension url="http://hl7.org/fhir/tools/StructureDefinition/ig-parameter"><extension url="code"><valueString value="apply-version"/></extension><extension url="value"><valueString value="true"/></extension></extension><extension url="http://hl7.org/fhir/tools/StructureDefinition/ig-parameter"><extension url="code"><valueString value="active-tables"/></extension><extension url="value"><valueString value="true"/></extension></extension><extension url="http://hl7.org/fhir/tools/StructureDefinition/ig-parameter"><extension url="code"><valueString value="fmm-definition"/></extension><extension url="value"><valueString value="http://hl7.org/fhir/versions.html#maturity"/></extension></extension><extension url="http://hl7.org/fhir/tools/StructureDefinition/ig-parameter"><extension url="code"><valueString value="propagate-status"/></extension><extension url="value"><valueString value="true"/></extension></extension><grouping id="medicationdispense"><name value="Medication Dispense"/><description value="Artifacts related to Medication Dispense:   The registration of a Dispensation event, whether in a hospital or community setting. This applies principally to prescribed medications, but may also be used to capture other medications that are dispensed - OTCs, contrast or anesthesia products used in imaging procedures, etc."/></grouping><grouping id="vocabulary"><name value="Vocabulary"/><description value="Terminology and Vocabulary"/></grouping><grouping id="dependencies"><name value="Dependencies"/><description value="External dependencies"/></grouping><grouping id="-term-valueset"><name value="Terminology: Value Sets"/><description value="These define sets of codes used by systems conforming to this implementation guide"/></grouping><resource><extension url="http://hl7.org/fhir/StructureDefinition/implementationguide-page"><valueUri value="StructureDefinition-be-model-medication-dispense.html"/></extension><reference><reference value="StructureDefinition/be-model-medication-dispense"/></reference><fhirVersion value="4.0.1"/><name value="Logical Model Medication Dispense"/><description value="Medication Dispense entry - information captured when dispensing medication e.g. in pharmacies and hospitals"/><groupingId value="medicationdispense"/></resource><resource><extension url="http://hl7.org/fhir/StructureDefinition/implementationguide-page"><valueUri value="StructureDefinition-be-medicationdispense.html"/></extension><reference><reference value="StructureDefinition/be-medicationdispense"/></reference><fhirVersion value="4.0.1"/><name value="Profile - Medication Dispense"/><description value="Medication Dispense entry - information captured when dispensing medication e.g. in pharmacies and hospitals"/><groupingId value="medicationdispense"/></resource><resource><extension url="http://hl7.org/fhir/StructureDefinition/implementationguide-page"><valueUri value="NamingSystem-be-ns-nihdi-organization.html"/></extension><reference><reference value="NamingSystem/be-ns-nihdi-organization"/></reference><fhirVersion value="4.0.1"/><name value="NamingSystem - NIHDI Organization"/><description value="NIHDI identifier for care organizations"/><groupingId value="vocabulary"/></resource><resource><extension url="http://hl7.org/fhir/StructureDefinition/implementationguide-page"><valueUri value="NamingSystem-be-ns-nihdi-professional.html"/></extension><reference><reference value="NamingSystem/be-ns-nihdi-professional"/></reference><fhirVersion value="4.0.1"/><name value="NamingSystem - NIHDI Professional"/><description value="NIHDI identifier for care professionals"/><groupingId value="vocabulary"/></resource><resource><extension url="http://hl7.org/fhir/StructureDefinition/implementationguide-page"><valueUri value="NamingSystem-be-ns-cnk-codes.html"/></extension><reference><reference value="NamingSystem/be-ns-cnk-codes"/></reference><fhirVersion value="4.0.1"/><name value="NamingSystem - CNK product codes"/><description value="NamingSystem for CNK product codes"/><groupingId value="vocabulary"/></resource><resource><extension url="http://hl7.org/fhir/StructureDefinition/implementationguide-page"><valueUri value="NamingSystem-be-ns-prescription-ids.html"/></extension><reference><reference value="NamingSystem/be-ns-prescription-ids"/></reference><fhirVersion value="4.0.1"/><name value="NamingSystem - Prescription unique IDs"/><description value="NamingSystem for Prescription unique IDs"/><groupingId value="vocabulary"/></resource><resource><extension url="http://hl7.org/fhir/StructureDefinition/implementationguide-page"><valueUri value="NamingSystem-be-ns-product-package-type.html"/></extension><reference><reference value="NamingSystem/be-ns-product-package-type"/></reference><fhirVersion value="4.0.1"/><name value="NamingSystem - Medication Package type"/><description value="NamingSystem for Medication Package types"/><groupingId value="vocabulary"/></resource><resource><extension url="http://hl7.org/fhir/StructureDefinition/implementationguide-page"><valueUri value="CodeSystem-cd-hcparty.html"/></extension><reference><reference value="CodeSystem/cd-hcparty"/></reference><fhirVersion value="4.0.1"/><name value="CodeSystem - HCParty"/><description value="CodeSystem - HCParty"/><groupingId value="dependencies"/></resource><resource><extension url="http://hl7.org/fhir/StructureDefinition/implementationguide-page"><valueUri value="StructureDefinition-be-patient.html"/></extension><reference><reference value="StructureDefinition/be-patient"/></reference><fhirVersion value="4.0.1"/><name value="eHealth BePatient profile"/><description value="eHealth BePatient profile"/><groupingId value="dependencies"/></resource><resource><extension url="http://hl7.org/fhir/StructureDefinition/implementationguide-page"><valueUri value="StructureDefinition-be-organization.html"/></extension><reference><reference value="StructureDefinition/be-organization"/></reference><fhirVersion value="4.0.1"/><name value="eHealth BeOrganization profile"/><description value="eHealth BeOrganization profile"/><groupingId value="dependencies"/></resource><resource><extension url="http://hl7.org/fhir/StructureDefinition/implementationguide-page"><valueUri value="StructureDefinition-be-practitioner.html"/></extension><reference><reference value="StructureDefinition/be-practitioner"/></reference><fhirVersion value="4.0.1"/><name value="eHealth BePractitioner profile"/><description value="eHealth BePractitioner profile"/><groupingId value="dependencies"/></resource><resource><extension url="http://hl7.org/fhir/StructureDefinition/implementationguide-page"><valueUri value="StructureDefinition-be-practitionerrole.html"/></extension><reference><reference value="StructureDefinition/be-practitionerrole"/></reference><fhirVersion value="4.0.1"/><name value="eHealth BePractitionerRole profile"/><description value="eHealth BePractitionerRole profile"/><groupingId value="dependencies"/></resource><resource><extension url="http://hl7.org/fhir/StructureDefinition/implementationguide-page"><valueUri value="MedicationDispense-medication-dispense-example-1.html"/></extension><reference><reference value="MedicationDispense/medication-dispense-example-1"/></reference><fhirVersion value="4.0.1"/><name value="Medication Dispense Example 1"/><description value="Medication Dispense Example 1 - a simple example of a dispensation in a pharmacy"/><exampleCanonical value="https://www.hl7belgium.org/fhir/StructureDefinition/be-medicationdispense"/><groupingId value="medicationdispense"/></resource><resource><extension url="http://hl7.org/fhir/StructureDefinition/implementationguide-page"><valueUri value="MedicationDispense-medication-dispense-example-2.html"/></extension><extension url="http://hl7.org/fhir/tools/StructureDefinition/contained-resource-information"><extension url="type"><valueCode value="Organization"/></extension><extension url="id"><valueId value="apotheek-onder-de-toren"/></extension><extension url="title"><valueString value="Organization"/></extension><extension url="description"/></extension><reference><reference value="MedicationDispense/medication-dispense-example-2"/></reference><fhirVersion value="4.0.1"/><name value="Medication Dispense Example 2"/><description value="Medication Dispense Example 2 - a simple example of a dispensation in a pharmacy - with a geolocation"/><exampleCanonical value="https://www.hl7belgium.org/fhir/StructureDefinition/be-medicationdispense"/><groupingId value="medicationdispense"/></resource><resource><extension url="http://hl7.org/fhir/StructureDefinition/implementationguide-page"><valueUri value="MedicationDispense-example-dispense-communitypharmacy-1med.html"/></extension><reference><reference value="MedicationDispense/example-dispense-communitypharmacy-1med"/></reference><fhirVersion value="4.0.1"/><name value="Medication Dispense Example 3"/><description value="Medication Dispense Example 3 - a simple example of a dispensation in a pharmacy - with a geolocation"/><exampleCanonical value="https://www.hl7belgium.org/fhir/StructureDefinition/be-medicationdispense"/><groupingId value="medicationdispense"/></resource><resource><extension url="http://hl7.org/fhir/StructureDefinition/implementationguide-page"><valueUri value="MedicationDispense-example-minimal-dispense.html"/></extension><reference><reference value="MedicationDispense/example-minimal-dispense"/></reference><fhirVersion value="4.0.1"/><name value="Medication Dispense - minimal example"/><description value="An example of a medication dispense with the minimal amount of necessary information"/><exampleCanonical value="https://www.hl7belgium.org/fhir/StructureDefinition/be-medicationdispense"/><groupingId value="medicationdispense"/></resource><resource><extension url="http://hl7.org/fhir/StructureDefinition/implementationguide-page"><valueUri value="MedicationDispense-example-dispense-hospital.html"/></extension><reference><reference value="MedicationDispense/example-dispense-hospital"/></reference><fhirVersion value="4.0.1"/><name value="Hospital Medication Dispense"/><description value="A dispense from a hospital pharmacy, with a hospital nihdi and based on a prescription"/><exampleCanonical value="https://www.hl7belgium.org/fhir/StructureDefinition/be-medicationdispense"/><groupingId value="medicationdispense"/></resource><resource><extension url="http://hl7.org/fhir/StructureDefinition/implementationguide-page"><valueUri value="ValueSet-be-vs-dispenser-types.html"/></extension><reference><reference value="ValueSet/be-vs-dispenser-types"/></reference><name value="Dispenser Types"/><description value="Dispenser Types - from hcparty"/><groupingId value="-term-valueset"/></resource><page><nameUrl value="toc.html"/><title value="Table of Contents"/><generation value="html"/><page><nameUrl value="index.html"/><title value="Belgium Medication Implementation Guide Home Page"/><generation value="html"/></page><page><nameUrl value="howto.html"/><title value="How to read this document"/><generation value="html"/></page><page><nameUrl value="usecases-dispense.html"/><title value="Use Cases - Dispense"/><generation value="markdown"/></page><page><nameUrl value="logical-models.html"/><title value="Logical Models"/><generation value="markdown"/></page><page><nameUrl value="downloads.html"/><title value="Downloads"/><generation value="html"/></page><page><nameUrl value="artifacts.html"/><title value="Artifacts Summary"/><generation value="html"/><page><nameUrl value="StructureDefinition-be-model-medication-dispense.html"/><title value="Logical Model Medication Dispense"/><generation value="generated"/></page><page><nameUrl value="StructureDefinition-be-medicationdispense.html"/><title value="Profile - Medication Dispense"/><generation value="generated"/></page><page><nameUrl value="MedicationDispense-medication-dispense-example-1.html"/><title value="Medication Dispense Example 1"/><generation value="generated"/></page><page><nameUrl value="MedicationDispense-medication-dispense-example-2.html"/><title value="Medication Dispense Example 2"/><generation value="generated"/><page><nameUrl value="Organization-medication-dispense-example-2_apotheek-onder-de-toren.html"/><title value="Organization"/><generation value="generated"/></page></page><page><nameUrl value="MedicationDispense-example-dispense-communitypharmacy-1med.html"/><title value="Medication Dispense Example 3"/><generation value="generated"/></page><page><nameUrl value="MedicationDispense-example-minimal-dispense.html"/><title value="Medication Dispense - minimal example"/><generation value="generated"/></page><page><nameUrl value="MedicationDispense-example-dispense-hospital.html"/><title value="Hospital Medication Dispense"/><generation value="generated"/></page><page><nameUrl value="NamingSystem-be-ns-nihdi-organization.html"/><title value="NamingSystem - NIHDI Organization"/><generation value="generated"/></page><page><nameUrl value="NamingSystem-be-ns-nihdi-professional.html"/><title value="NamingSystem - NIHDI Professional"/><generation value="generated"/></page><page><nameUrl value="NamingSystem-be-ns-cnk-codes.html"/><title value="NamingSystem - CNK product codes"/><generation value="generated"/></page><page><nameUrl value="NamingSystem-be-ns-prescription-ids.html"/><title value="NamingSystem - Prescription unique IDs"/><generation value="generated"/></page><page><nameUrl value="NamingSystem-be-ns-product-package-type.html"/><title value="NamingSystem - Medication Package type"/><generation value="generated"/></page><page><nameUrl value="CodeSystem-cd-hcparty.html"/><title value="CodeSystem - HCParty"/><generation value="generated"/></page><page><nameUrl value="StructureDefinition-be-patient.html"/><title value="eHealth BePatient profile"/><generation value="generated"/></page><page><nameUrl value="StructureDefinition-be-organization.html"/><title value="eHealth BeOrganization profile"/><generation value="generated"/></page><page><nameUrl value="StructureDefinition-be-practitioner.html"/><title value="eHealth BePractitioner profile"/><generation value="generated"/></page><page><nameUrl value="StructureDefinition-be-practitionerrole.html"/><title value="eHealth BePractitionerRole profile"/><generation value="generated"/></page><page><nameUrl value="ValueSet-be-vs-dispenser-types.html"/><title value="Dispenser Types"/><generation value="generated"/></page></page></page><parameter><code value="path-resource"/><value value="input/capabilities"/></parameter><parameter><code value="path-resource"/><value value="input/examples"/></parameter><parameter><code value="path-resource"/><value value="input/extensions"/></parameter><parameter><code value="path-resource"/><value value="input/models"/></parameter><parameter><code value="path-resource"/><value value="input/operations"/></parameter><parameter><code value="path-resource"/><value value="input/profiles"/></parameter><parameter><code value="path-resource"/><value value="input/resources"/></parameter><parameter><code value="path-resource"/><value value="input/vocabulary"/></parameter><parameter><code value="path-resource"/><value value="input/maps"/></parameter><parameter><code value="path-resource"/><value value="input/testing"/></parameter><parameter><code value="path-resource"/><value value="input/history"/></parameter><parameter><code value="path-resource"/><value value="fsh-generated/resources"/></parameter><parameter><code value="path-pages"/><value value="template/config"/></parameter><parameter><code value="path-pages"/><value value="input/images"/></parameter><parameter><code value="path-tx-cache"/><value value="input-cache/txcache"/></parameter></definition></ImplementationGuide>