<?xml version="1.0" encoding="UTF-8"?><NamingSystem xmlns="http://hl7.org/fhir"><id value="be-ns-product-package-type"/><text><status value="generated"/><div xmlns="http://www.w3.org/1999/xhtml"><h3>Summary</h3><table class="grid"><tr><td>Defining URL</td><td>https://www.hl7belgium.org/fhir/NamingSystem/be-ns-product-package-type</td></tr><tr><td>Version</td><td>0.2.0</td></tr><tr><td>Name</td><td>BeNSProductPackage</td></tr><tr><td>Status</td><td>active</td></tr><tr><td>Definition</td><td><div><p>Naming System - Product Package Types</p>
</div></td></tr><tr><td>Publisher</td><td>HL7 Belgium</td></tr></table><h3>Identifiers</h3><table class="grid"><tr><td><b>Type</b></td><td><b>Value</b></td><td><b>Preferred</b></td></tr><tr><td>URI</td><td>https://www.ehealth.fgov.be/standards/fhir/NamingSystem/product-package-type</td><td>true</td></tr></table></div></text><name value="BeNSProductPackage"/><status value="active"/><kind value="codesystem"/><date value="2020-07-24"/><publisher value="HL7 Belgium"/><contact><telecom><system value="url"/><value value="http://hl7belgium.org"/></telecom></contact><description value="Naming System - Product Package Types"/><jurisdiction><coding><system value="http://unstats.un.org/unsd/methods/m49/m49.htm"/><code value="056"/></coding><text value="Belgium"/></jurisdiction><uniqueId><type value="uri"/><value value="https://www.ehealth.fgov.be/standards/fhir/NamingSystem/product-package-type"/><preferred value="true"/></uniqueId></NamingSystem>