<?xml version="1.0" encoding="UTF-8"?><NamingSystem xmlns="http://hl7.org/fhir"><id value="be-ns-nihdi-professional"/><text><status value="generated"/><div xmlns="http://www.w3.org/1999/xhtml"><h3>Summary</h3><table class="grid"><tr><td>Defining URL</td><td>https://www.hl7belgium.be/fhir/NamingSystem/be-ns-nihdi-professional</td></tr><tr><td>Version</td><td>0.2.0</td></tr><tr><td>Name</td><td>BeNSNihdiIndividual</td></tr><tr><td>Status</td><td>active</td></tr><tr><td>Definition</td><td><div><p>NIHDI identifier for individual care professionals</p>
</div></td></tr><tr><td>Publisher</td><td>HL7 Belgium</td></tr></table><h3>Identifiers</h3><table class="grid"><tr><td><b>Type</b></td><td><b>Value</b></td><td><b>Preferred</b></td><td><b>Period</b></td></tr><tr><td>URI</td><td>https://www.ehealth.fgov.be/standards/fhir/NamingSystem/nihdi-individual</td><td>true</td><td>2020-01-01 --&gt; (ongoing)</td></tr></table></div></text><name value="BeNSNihdiIndividual"/><status value="active"/><kind value="identifier"/><date value="2020-01-01"/><publisher value="HL7 Belgium"/><contact><telecom><system value="url"/><value value="http://hl7belgium.org"/></telecom></contact><responsible value="---"/><type><coding><system value="http://terminology.hl7.org/CodeSystem/v2-0203"/><code value="NI"/><display value="National unique individual identifier"/></coding><text value="IHI"/></type><description value="NIHDI identifier for individual care professionals"/><jurisdiction><coding><system value="http://unstats.un.org/unsd/methods/m49/m49.htm"/><code value="056"/></coding><text value="Belgium"/></jurisdiction><usage value="Used in Belgium for identifying professionals"/><uniqueId><type value="uri"/><value value="https://www.ehealth.fgov.be/standards/fhir/NamingSystem/nihdi-individual"/><preferred value="true"/><period><start value="2020-01-01"/></period></uniqueId></NamingSystem>