<?xml version="1.0" encoding="UTF-8"?><ValueSet xmlns="http://hl7.org/fhir"><id value="medication-exposuretype-vs"/><text><status value="generated"/><div xmlns="http://www.w3.org/1999/xhtml"><ul><li>Include all codes defined in <a href="CodeSystem-medication-exposuretype.html"><code>https://www.ehealth.fgov.be/standards/fhir/medication/CodeSystem/medication-exposuretype</code></a></li></ul></div></text><url value="https://www.ehealth.fgov.be/standards/fhir/medication/ValueSet/medication-exposuretype-vs"/><version value="1.0.1"/><name value="BEMLMExposureTypeVS"/><title value="Medication exposure purpose"/><status value="draft"/><experimental value="false"/><date value="2024-01-02T17:12:06+00:00"/><publisher value="HL7 Belgium"/><contact><name value="HL7 Belgium"/><telecom><system value="url"/><value value="https://www.hl7belgium.org"/></telecom><telecom><system value="email"/><value value="hl7belgium@hl7belgium.org"/></telecom></contact><contact><name value="Message Structure eHealth"/><telecom><system value="email"/><value value="message-structure@ehealth.fgov.be"/><use value="work"/></telecom></contact><description value="Medication exposure purpose"/><jurisdiction><coding><system value="urn:iso:std:iso:3166"/><code value="BE"/><display value="Belgium"/></coding></jurisdiction><compose><include><system value="https://www.ehealth.fgov.be/standards/fhir/medication/CodeSystem/medication-exposuretype"/></include></compose></ValueSet>