<?xml version="1.0" encoding="UTF-8"?><ValueSet xmlns="http://hl7.org/fhir"><id value="be-vs-medication-summary-types"/><text><status value="generated"/><div xmlns="http://www.w3.org/1999/xhtml"><ul><li>Include all codes defined in <a href="CodeSystem-be-cs-medication-summary-types.html"><code>https://www.hl7belgium.be/fhir/CodeSystem/be-cs-medication-summary-types</code></a></li></ul></div></text><url value="https://www.hl7belgium.be/fhir/ValueSet/be-vs-medication-summary-types"/><version value="0.2.0"/><name value="BeVSMedicationSummaryTypes"/><title value="Medication Summary types"/><status value="active"/><date value="2021-07-27T11:47:05+00:00"/><publisher value="HL7 Belgium"/><contact><telecom><system value="url"/><value value="http://hl7belgium.org"/></telecom></contact><description value="Valueset -  Medication Summary types"/><jurisdiction><coding><system value="http://unstats.un.org/unsd/methods/m49/m49.htm"/><code value="056"/></coding><text value="Belgium"/></jurisdiction><compose><include><system value="https://www.hl7belgium.be/fhir/CodeSystem/be-cs-medication-summary-types"/></include></compose></ValueSet>