{"resourceType":"StructureDefinition","id":"be-model-medication-record","text":{"status":"extensions","div":"<div xmlns=\"http://www.w3.org/1999/xhtml\"><table border=\"0\" cellpadding=\"0\" cellspacing=\"0\" style=\"border: 0px #F0F0F0 solid; font-size: 11px; font-family: verdana; vertical-align: top;\"><tr style=\"border: 1px #F0F0F0 solid; font-size: 11px; font-family: verdana; vertical-align: top\"><th style=\"vertical-align: top; text-align : left; background-color: white; border: 0px #F0F0F0 solid; padding:0px 4px 0px 4px\" class=\"hierarchy\"><a href=\"http://hl7.org/fhir/R4/formats.html#table\" title=\"The logical name of the element\">Name</a></th><th style=\"vertical-align: top; text-align : left; background-color: white; border: 0px #F0F0F0 solid; padding:0px 4px 0px 4px\" class=\"hierarchy\"><a href=\"http://hl7.org/fhir/R4/formats.html#table\" title=\"Information about the use of the element\">Flags</a></th><th style=\"vertical-align: top; text-align : left; background-color: white; border: 0px #F0F0F0 solid; padding:0px 4px 0px 4px\" class=\"hierarchy\"><a href=\"http://hl7.org/fhir/R4/formats.html#table\" title=\"Minimum and Maximum # of times the the element can appear in the instance\">Card.</a></th><th style=\"width: 100px\" class=\"hierarchy\"><a href=\"http://hl7.org/fhir/R4/formats.html#table\" title=\"Reference to the type of the element\">Type</a></th><th style=\"vertical-align: top; text-align : left; background-color: white; border: 0px #F0F0F0 solid; padding:0px 4px 0px 4px\" class=\"hierarchy\"><a href=\"http://hl7.org/fhir/R4/formats.html#table\" title=\"Additional information about the element\">Description &amp; Constraints</a><span style=\"float: right\"><a href=\"http://hl7.org/fhir/R4/formats.html#table\" title=\"Legend for this format\"><img src=\"http://hl7.org/fhir/R4/help16.png\" alt=\"doco\" style=\"background-color: inherit\"/></a></span></th></tr><tr style=\"border: 0px #F0F0F0 solid; padding:0px; vertical-align: top; background-color: white\"><td style=\"vertical-align: top; text-align : left; background-color: white; border: 0px #F0F0F0 solid; padding:0px 4px 0px 4px; white-space: nowrap; background-image: url(tbl_bck1.png)\" class=\"hierarchy\"><img src=\"tbl_spacer.png\" alt=\".\" style=\"background-color: inherit\" class=\"hierarchy\"/><img src=\"icon_element.gif\" alt=\".\" style=\"background-color: white; background-color: inherit\" title=\"Element\" class=\"hierarchy\"/> <a href=\"StructureDefinition-be-model-medication-record-definitions.html#BeMedicationRecord\">BeMedicationRecord</a><a name=\"BeMedicationRecord\"> </a></td><td style=\"vertical-align: top; text-align : left; background-color: white; border: 0px #F0F0F0 solid; padding:0px 4px 0px 4px\" class=\"hierarchy\"/><td style=\"vertical-align: top; text-align : left; background-color: white; border: 0px #F0F0F0 solid; padding:0px 4px 0px 4px\" class=\"hierarchy\"/><td style=\"vertical-align: top; text-align : left; background-color: white; border: 0px #F0F0F0 solid; padding:0px 4px 0px 4px\" class=\"hierarchy\"><a href=\"http://hl7.org/fhir/R4/datatypes.html#Element\">Element</a></td><td style=\"vertical-align: top; text-align : left; background-color: white; border: 0px #F0F0F0 solid; padding:0px 4px 0px 4px\" class=\"hierarchy\"/></tr>\r\n<tr style=\"border: 0px #F0F0F0 solid; padding:0px; vertical-align: top; background-color: #F7F7F7\"><td style=\"vertical-align: top; text-align : left; background-color: #F7F7F7; border: 0px #F0F0F0 solid; padding:0px 4px 0px 4px; white-space: nowrap; background-image: url(tbl_bck11.png)\" class=\"hierarchy\"><img src=\"tbl_spacer.png\" alt=\".\" style=\"background-color: inherit\" class=\"hierarchy\"/><img src=\"tbl_vjoin.png\" alt=\".\" style=\"background-color: inherit\" class=\"hierarchy\"/><img src=\"icon_datatype.gif\" alt=\".\" style=\"background-color: #F7F7F7; background-color: inherit\" title=\"Data Type\" class=\"hierarchy\"/> <a href=\"StructureDefinition-be-model-medication-record-definitions.html#BeMedicationRecord.patient\" title=\"The patient that has the medication\">patient</a><a name=\"BeMedicationRecord.patient\"> </a></td><td style=\"vertical-align: top; text-align : left; background-color: #F7F7F7; border: 0px #F0F0F0 solid; padding:0px 4px 0px 4px\" class=\"hierarchy\"/><td style=\"vertical-align: top; text-align : left; background-color: #F7F7F7; border: 0px #F0F0F0 solid; padding:0px 4px 0px 4px\" class=\"hierarchy\">1..1</td><td style=\"vertical-align: top; text-align : left; background-color: #F7F7F7; border: 0px #F0F0F0 solid; padding:0px 4px 0px 4px\" class=\"hierarchy\"><a href=\"http://hl7.org/fhir/R4/datatypes.html#BackboneElement\">BackboneElement</a></td><td style=\"vertical-align: top; text-align : left; background-color: #F7F7F7; border: 0px #F0F0F0 solid; padding:0px 4px 0px 4px\" class=\"hierarchy\">The patient that has the medication</td></tr>\r\n<tr style=\"border: 0px #F0F0F0 solid; padding:0px; vertical-align: top; background-color: white\"><td style=\"vertical-align: top; text-align : left; background-color: white; border: 0px #F0F0F0 solid; padding:0px 4px 0px 4px; white-space: nowrap; background-image: url(tbl_bck110.png)\" class=\"hierarchy\"><img src=\"tbl_spacer.png\" alt=\".\" style=\"background-color: inherit\" class=\"hierarchy\"/><img src=\"tbl_vline.png\" alt=\".\" style=\"background-color: inherit\" class=\"hierarchy\"/><img src=\"tbl_vjoin.png\" alt=\".\" style=\"background-color: inherit\" class=\"hierarchy\"/><img src=\"icon_datatype.gif\" alt=\".\" style=\"background-color: white; background-color: inherit\" title=\"Data Type\" class=\"hierarchy\"/> <a href=\"StructureDefinition-be-model-medication-record-definitions.html#BeMedicationRecord.patient.name\" title=\"The name of the patient\">name</a><a name=\"BeMedicationRecord.patient.name\"> </a></td><td style=\"vertical-align: top; text-align : left; background-color: white; border: 0px #F0F0F0 solid; padding:0px 4px 0px 4px\" class=\"hierarchy\"/><td style=\"vertical-align: top; text-align : left; background-color: white; border: 0px #F0F0F0 solid; padding:0px 4px 0px 4px\" class=\"hierarchy\">0..1</td><td style=\"vertical-align: top; text-align : left; background-color: white; border: 0px #F0F0F0 solid; padding:0px 4px 0px 4px\" class=\"hierarchy\"><a href=\"http://hl7.org/fhir/R4/datatypes.html#HumanName\">HumanName</a></td><td style=\"vertical-align: top; text-align : left; background-color: white; border: 0px #F0F0F0 solid; padding:0px 4px 0px 4px\" class=\"hierarchy\">The name of the patient</td></tr>\r\n<tr style=\"border: 0px #F0F0F0 solid; padding:0px; vertical-align: top; background-color: #F7F7F7\"><td style=\"vertical-align: top; text-align : left; background-color: #F7F7F7; border: 0px #F0F0F0 solid; padding:0px 4px 0px 4px; white-space: nowrap; background-image: url(tbl_bck100.png)\" class=\"hierarchy\"><img src=\"tbl_spacer.png\" alt=\".\" style=\"background-color: inherit\" class=\"hierarchy\"/><img src=\"tbl_vline.png\" alt=\".\" style=\"background-color: inherit\" class=\"hierarchy\"/><img src=\"tbl_vjoin_end.png\" alt=\".\" style=\"background-color: inherit\" class=\"hierarchy\"/><img src=\"icon_reference.png\" alt=\".\" style=\"background-color: #F7F7F7; background-color: inherit\" title=\"Reference to another Resource\" class=\"hierarchy\"/> <a href=\"StructureDefinition-be-model-medication-record-definitions.html#BeMedicationRecord.patient.identifier\" title=\"An identifier or reference to the patient defined elsewhere\">identifier</a><a name=\"BeMedicationRecord.patient.identifier\"> </a></td><td style=\"vertical-align: top; text-align : left; background-color: #F7F7F7; border: 0px #F0F0F0 solid; padding:0px 4px 0px 4px\" class=\"hierarchy\"/><td style=\"vertical-align: top; text-align : left; background-color: #F7F7F7; border: 0px #F0F0F0 solid; padding:0px 4px 0px 4px\" class=\"hierarchy\">0..1</td><td style=\"vertical-align: top; text-align : left; background-color: #F7F7F7; border: 0px #F0F0F0 solid; padding:0px 4px 0px 4px\" class=\"hierarchy\"><a href=\"http://hl7.org/fhir/R4/references.html\">CodeableReference</a>()</td><td style=\"vertical-align: top; text-align : left; background-color: #F7F7F7; border: 0px #F0F0F0 solid; padding:0px 4px 0px 4px\" class=\"hierarchy\">An identifier or reference to the patient defined elsewhere</td></tr>\r\n<tr style=\"border: 0px #F0F0F0 solid; padding:0px; vertical-align: top; background-color: white\"><td style=\"vertical-align: top; text-align : left; background-color: white; border: 0px #F0F0F0 solid; padding:0px 4px 0px 4px; white-space: nowrap; background-image: url(tbl_bck10.png)\" class=\"hierarchy\"><img src=\"tbl_spacer.png\" alt=\".\" style=\"background-color: inherit\" class=\"hierarchy\"/><img src=\"tbl_vjoin.png\" alt=\".\" style=\"background-color: inherit\" class=\"hierarchy\"/><img src=\"icon_datatype.gif\" alt=\".\" style=\"background-color: white; background-color: inherit\" title=\"Data Type\" class=\"hierarchy\"/> <a href=\"StructureDefinition-be-model-medication-record-definitions.html#BeMedicationRecord.recordIdentifier\" title=\"An identifier of the medication record when it needs to be exchanged or tracked\">recordIdentifier</a><a name=\"BeMedicationRecord.recordIdentifier\"> </a></td><td style=\"vertical-align: top; text-align : left; background-color: white; border: 0px #F0F0F0 solid; padding:0px 4px 0px 4px\" class=\"hierarchy\"/><td style=\"vertical-align: top; text-align : left; background-color: white; border: 0px #F0F0F0 solid; padding:0px 4px 0px 4px\" class=\"hierarchy\">0..*</td><td style=\"vertical-align: top; text-align : left; background-color: white; border: 0px #F0F0F0 solid; padding:0px 4px 0px 4px\" class=\"hierarchy\"><a href=\"http://hl7.org/fhir/R4/datatypes.html#Identifier\">Identifier</a></td><td style=\"vertical-align: top; text-align : left; background-color: white; border: 0px #F0F0F0 solid; padding:0px 4px 0px 4px\" class=\"hierarchy\">An identifier of the medication record when it needs to be exchanged or tracked<br/></td></tr>\r\n<tr style=\"border: 0px #F0F0F0 solid; padding:0px; vertical-align: top; background-color: #F7F7F7\"><td style=\"vertical-align: top; text-align : left; background-color: #F7F7F7; border: 0px #F0F0F0 solid; padding:0px 4px 0px 4px; white-space: nowrap; background-image: url(tbl_bck11.png)\" class=\"hierarchy\"><img src=\"tbl_spacer.png\" alt=\".\" style=\"background-color: inherit\" class=\"hierarchy\"/><img src=\"tbl_vjoin.png\" alt=\".\" style=\"background-color: inherit\" class=\"hierarchy\"/><img src=\"icon_datatype.gif\" alt=\".\" style=\"background-color: #F7F7F7; background-color: inherit\" title=\"Data Type\" class=\"hierarchy\"/> <a href=\"StructureDefinition-be-model-medication-record-definitions.html#BeMedicationRecord.summary\" title=\"An overview (possibly aggregated) of the medication\">summary</a><a name=\"BeMedicationRecord.summary\"> </a></td><td style=\"vertical-align: top; text-align : left; background-color: #F7F7F7; border: 0px #F0F0F0 solid; padding:0px 4px 0px 4px\" class=\"hierarchy\"/><td style=\"vertical-align: top; text-align : left; background-color: #F7F7F7; border: 0px #F0F0F0 solid; padding:0px 4px 0px 4px\" class=\"hierarchy\">0..*</td><td style=\"vertical-align: top; text-align : left; background-color: #F7F7F7; border: 0px #F0F0F0 solid; padding:0px 4px 0px 4px\" class=\"hierarchy\"><a href=\"http://hl7.org/fhir/R4/datatypes.html#BackboneElement\">BackboneElement</a></td><td style=\"vertical-align: top; text-align : left; background-color: #F7F7F7; border: 0px #F0F0F0 solid; padding:0px 4px 0px 4px\" class=\"hierarchy\">Summary section(s)<br/></td></tr>\r\n<tr style=\"border: 0px #F0F0F0 solid; padding:0px; vertical-align: top; background-color: white\"><td style=\"vertical-align: top; text-align : left; background-color: white; border: 0px #F0F0F0 solid; padding:0px 4px 0px 4px; white-space: nowrap; background-image: url(tbl_bck110.png)\" class=\"hierarchy\"><img src=\"tbl_spacer.png\" alt=\".\" style=\"background-color: inherit\" class=\"hierarchy\"/><img src=\"tbl_vline.png\" alt=\".\" style=\"background-color: inherit\" class=\"hierarchy\"/><img src=\"tbl_vjoin.png\" alt=\".\" style=\"background-color: inherit\" class=\"hierarchy\"/><img src=\"icon_datatype.gif\" alt=\".\" style=\"background-color: white; background-color: inherit\" title=\"Data Type\" class=\"hierarchy\"/> <a href=\"StructureDefinition-be-model-medication-record-definitions.html#BeMedicationRecord.summary.identifier\" title=\"Unique business identifier for this summary\">identifier</a><a name=\"BeMedicationRecord.summary.identifier\"> </a></td><td style=\"vertical-align: top; text-align : left; background-color: white; border: 0px #F0F0F0 solid; padding:0px 4px 0px 4px\" class=\"hierarchy\"/><td style=\"vertical-align: top; text-align : left; background-color: white; border: 0px #F0F0F0 solid; padding:0px 4px 0px 4px\" class=\"hierarchy\">0..*</td><td style=\"vertical-align: top; text-align : left; background-color: white; border: 0px #F0F0F0 solid; padding:0px 4px 0px 4px\" class=\"hierarchy\"><a href=\"http://hl7.org/fhir/R4/datatypes.html#Identifier\">Identifier</a></td><td style=\"vertical-align: top; text-align : left; background-color: white; border: 0px #F0F0F0 solid; padding:0px 4px 0px 4px\" class=\"hierarchy\">Unique business identifier for this summary<br/></td></tr>\r\n<tr style=\"border: 0px #F0F0F0 solid; padding:0px; vertical-align: top; background-color: #F7F7F7\"><td style=\"vertical-align: top; text-align : left; background-color: #F7F7F7; border: 0px #F0F0F0 solid; padding:0px 4px 0px 4px; white-space: nowrap; background-image: url(tbl_bck110.png)\" class=\"hierarchy\"><img src=\"tbl_spacer.png\" alt=\".\" style=\"background-color: inherit\" class=\"hierarchy\"/><img src=\"tbl_vline.png\" alt=\".\" style=\"background-color: inherit\" class=\"hierarchy\"/><img src=\"tbl_vjoin.png\" alt=\".\" style=\"background-color: inherit\" class=\"hierarchy\"/><img src=\"icon_primitive.png\" alt=\".\" style=\"background-color: #F7F7F7; background-color: inherit\" title=\"Primitive Data Type\" class=\"hierarchy\"/> <a href=\"StructureDefinition-be-model-medication-record-definitions.html#BeMedicationRecord.summary.recordDate\" title=\"The date the summary was created\">recordDate</a><a name=\"BeMedicationRecord.summary.recordDate\"> </a></td><td style=\"vertical-align: top; text-align : left; background-color: #F7F7F7; border: 0px #F0F0F0 solid; padding:0px 4px 0px 4px\" class=\"hierarchy\"/><td style=\"vertical-align: top; text-align : left; background-color: #F7F7F7; border: 0px #F0F0F0 solid; padding:0px 4px 0px 4px\" class=\"hierarchy\">0..1</td><td style=\"vertical-align: top; text-align : left; background-color: #F7F7F7; border: 0px #F0F0F0 solid; padding:0px 4px 0px 4px\" class=\"hierarchy\"><a href=\"http://hl7.org/fhir/R4/datatypes.html#date\">date</a></td><td style=\"vertical-align: top; text-align : left; background-color: #F7F7F7; border: 0px #F0F0F0 solid; padding:0px 4px 0px 4px\" class=\"hierarchy\">The date the summary was created</td></tr>\r\n<tr style=\"border: 0px #F0F0F0 solid; padding:0px; vertical-align: top; background-color: white\"><td style=\"vertical-align: top; text-align : left; background-color: white; border: 0px #F0F0F0 solid; padding:0px 4px 0px 4px; white-space: nowrap; background-image: url(tbl_bck110.png)\" class=\"hierarchy\"><img src=\"tbl_spacer.png\" alt=\".\" style=\"background-color: inherit\" class=\"hierarchy\"/><img src=\"tbl_vline.png\" alt=\".\" style=\"background-color: inherit\" class=\"hierarchy\"/><img src=\"tbl_vjoin.png\" alt=\".\" style=\"background-color: inherit\" class=\"hierarchy\"/><img src=\"icon_primitive.png\" alt=\".\" style=\"background-color: white; background-color: inherit\" title=\"Primitive Data Type\" class=\"hierarchy\"/> <a href=\"StructureDefinition-be-model-medication-record-definitions.html#BeMedicationRecord.summary.lastUpdated\" title=\"The date the summary was last updated\">lastUpdated</a><a name=\"BeMedicationRecord.summary.lastUpdated\"> </a></td><td style=\"vertical-align: top; text-align : left; background-color: white; border: 0px #F0F0F0 solid; padding:0px 4px 0px 4px\" class=\"hierarchy\"/><td style=\"vertical-align: top; text-align : left; background-color: white; border: 0px #F0F0F0 solid; padding:0px 4px 0px 4px\" class=\"hierarchy\">0..1</td><td style=\"vertical-align: top; text-align : left; background-color: white; border: 0px #F0F0F0 solid; padding:0px 4px 0px 4px\" class=\"hierarchy\"><a href=\"http://hl7.org/fhir/R4/datatypes.html#date\">date</a></td><td style=\"vertical-align: top; text-align : left; background-color: white; border: 0px #F0F0F0 solid; padding:0px 4px 0px 4px\" class=\"hierarchy\">The date the summary was last updated</td></tr>\r\n<tr style=\"border: 0px #F0F0F0 solid; padding:0px; vertical-align: top; background-color: #F7F7F7\"><td style=\"vertical-align: top; text-align : left; background-color: #F7F7F7; border: 0px #F0F0F0 solid; padding:0px 4px 0px 4px; white-space: nowrap; background-image: url(tbl_bck110.png)\" class=\"hierarchy\"><img src=\"tbl_spacer.png\" alt=\".\" style=\"background-color: inherit\" class=\"hierarchy\"/><img src=\"tbl_vline.png\" alt=\".\" style=\"background-color: inherit\" class=\"hierarchy\"/><img src=\"tbl_vjoin.png\" alt=\".\" style=\"background-color: inherit\" class=\"hierarchy\"/><img src=\"icon_reference.png\" alt=\".\" style=\"background-color: #F7F7F7; background-color: inherit\" title=\"Reference to another Resource\" class=\"hierarchy\"/> <a href=\"StructureDefinition-be-model-medication-record-definitions.html#BeMedicationRecord.summary.author\" title=\"The author of the summary\">author</a><a name=\"BeMedicationRecord.summary.author\"> </a></td><td style=\"vertical-align: top; text-align : left; background-color: #F7F7F7; border: 0px #F0F0F0 solid; padding:0px 4px 0px 4px\" class=\"hierarchy\"/><td style=\"vertical-align: top; text-align : left; background-color: #F7F7F7; border: 0px #F0F0F0 solid; padding:0px 4px 0px 4px\" class=\"hierarchy\">1..1</td><td style=\"vertical-align: top; text-align : left; background-color: #F7F7F7; border: 0px #F0F0F0 solid; padding:0px 4px 0px 4px\" class=\"hierarchy\"><a href=\"http://hl7.org/fhir/R4/references.html\">Reference</a>()</td><td style=\"vertical-align: top; text-align : left; background-color: #F7F7F7; border: 0px #F0F0F0 solid; padding:0px 4px 0px 4px\" class=\"hierarchy\">The author of the summary</td></tr>\r\n<tr style=\"border: 0px #F0F0F0 solid; padding:0px; vertical-align: top; background-color: white\"><td style=\"vertical-align: top; text-align : left; background-color: white; border: 0px #F0F0F0 solid; padding:0px 4px 0px 4px; white-space: nowrap; background-image: url(tbl_bck110.png)\" class=\"hierarchy\"><img src=\"tbl_spacer.png\" alt=\".\" style=\"background-color: inherit\" class=\"hierarchy\"/><img src=\"tbl_vline.png\" alt=\".\" style=\"background-color: inherit\" class=\"hierarchy\"/><img src=\"tbl_vjoin.png\" alt=\".\" style=\"background-color: inherit\" class=\"hierarchy\"/><img src=\"icon_datatype.gif\" alt=\".\" style=\"background-color: white; background-color: inherit\" title=\"Data Type\" class=\"hierarchy\"/> <a href=\"StructureDefinition-be-model-medication-record-definitions.html#BeMedicationRecord.summary.type\" title=\"The type of summary, which determines the rules for the creation of this summary\">type</a><a name=\"BeMedicationRecord.summary.type\"> </a></td><td style=\"vertical-align: top; text-align : left; background-color: white; border: 0px #F0F0F0 solid; padding:0px 4px 0px 4px\" class=\"hierarchy\"/><td style=\"vertical-align: top; text-align : left; background-color: white; border: 0px #F0F0F0 solid; padding:0px 4px 0px 4px\" class=\"hierarchy\">1..1</td><td style=\"vertical-align: top; text-align : left; background-color: white; border: 0px #F0F0F0 solid; padding:0px 4px 0px 4px\" class=\"hierarchy\"><a href=\"http://hl7.org/fhir/R4/datatypes.html#CodeableConcept\">CodeableConcept</a></td><td style=\"vertical-align: top; text-align : left; background-color: white; border: 0px #F0F0F0 solid; padding:0px 4px 0px 4px\" class=\"hierarchy\">The type of summary<br/><span style=\"font-weight:bold\">Binding: </span><a href=\"ValueSet-be-vs-medication-summary-types.html\">Medication Summary types</a> (<a href=\"http://hl7.org/fhir/R4/terminologies.html#required\" title=\"To be conformant, the concept in this element SHALL be from the specified value set.\">required</a>)</td></tr>\r\n<tr style=\"border: 0px #F0F0F0 solid; padding:0px; vertical-align: top; background-color: #F7F7F7\"><td style=\"vertical-align: top; text-align : left; background-color: #F7F7F7; border: 0px #F0F0F0 solid; padding:0px 4px 0px 4px; white-space: nowrap; background-image: url(tbl_bck110.png)\" class=\"hierarchy\"><img src=\"tbl_spacer.png\" alt=\".\" style=\"background-color: inherit\" class=\"hierarchy\"/><img src=\"tbl_vline.png\" alt=\".\" style=\"background-color: inherit\" class=\"hierarchy\"/><img src=\"tbl_vjoin.png\" alt=\".\" style=\"background-color: inherit\" class=\"hierarchy\"/><img src=\"icon_reference.png\" alt=\".\" style=\"background-color: #F7F7F7; background-color: inherit\" title=\"Reference to another Resource\" class=\"hierarchy\"/> <a href=\"StructureDefinition-be-model-medication-record-definitions.html#BeMedicationRecord.summary.basedOn\" title=\"The information that this summary is basedOn, e.g. Provenance, MedicationRequest, MedicationDispense..\">basedOn</a><a name=\"BeMedicationRecord.summary.basedOn\"> </a></td><td style=\"vertical-align: top; text-align : left; background-color: #F7F7F7; border: 0px #F0F0F0 solid; padding:0px 4px 0px 4px\" class=\"hierarchy\"/><td style=\"vertical-align: top; text-align : left; background-color: #F7F7F7; border: 0px #F0F0F0 solid; padding:0px 4px 0px 4px\" class=\"hierarchy\">0..*</td><td style=\"vertical-align: top; text-align : left; background-color: #F7F7F7; border: 0px #F0F0F0 solid; padding:0px 4px 0px 4px\" class=\"hierarchy\"><a href=\"http://hl7.org/fhir/R4/references.html\">Reference</a>()</td><td style=\"vertical-align: top; text-align : left; background-color: #F7F7F7; border: 0px #F0F0F0 solid; padding:0px 4px 0px 4px\" class=\"hierarchy\">The information that this summary is basedOn<br/></td></tr>\r\n<tr style=\"border: 0px #F0F0F0 solid; padding:0px; vertical-align: top; background-color: white\"><td style=\"vertical-align: top; text-align : left; background-color: white; border: 0px #F0F0F0 solid; padding:0px 4px 0px 4px; white-space: nowrap; background-image: url(tbl_bck110.png)\" class=\"hierarchy\"><img src=\"tbl_spacer.png\" alt=\".\" style=\"background-color: inherit\" class=\"hierarchy\"/><img src=\"tbl_vline.png\" alt=\".\" style=\"background-color: inherit\" class=\"hierarchy\"/><img src=\"tbl_vjoin.png\" alt=\".\" style=\"background-color: inherit\" class=\"hierarchy\"/><img src=\"icon_datatype.gif\" alt=\".\" style=\"background-color: white; background-color: inherit\" title=\"Data Type\" class=\"hierarchy\"/> <a href=\"StructureDefinition-be-model-medication-record-definitions.html#BeMedicationRecord.summary.criteria\" title=\"A description of the criteria for this summary\">criteria</a><a name=\"BeMedicationRecord.summary.criteria\"> </a></td><td style=\"vertical-align: top; text-align : left; background-color: white; border: 0px #F0F0F0 solid; padding:0px 4px 0px 4px\" class=\"hierarchy\"/><td style=\"vertical-align: top; text-align : left; background-color: white; border: 0px #F0F0F0 solid; padding:0px 4px 0px 4px\" class=\"hierarchy\">0..1</td><td style=\"vertical-align: top; text-align : left; background-color: white; border: 0px #F0F0F0 solid; padding:0px 4px 0px 4px\" class=\"hierarchy\"><a href=\"http://hl7.org/fhir/R4/datatypes.html#Annotation\">Annotation</a></td><td style=\"vertical-align: top; text-align : left; background-color: white; border: 0px #F0F0F0 solid; padding:0px 4px 0px 4px\" class=\"hierarchy\">A description of the criteria for this summary</td></tr>\r\n<tr style=\"border: 0px #F0F0F0 solid; padding:0px; vertical-align: top; background-color: #F7F7F7\"><td style=\"vertical-align: top; text-align : left; background-color: #F7F7F7; border: 0px #F0F0F0 solid; padding:0px 4px 0px 4px; white-space: nowrap; background-image: url(tbl_bck110.png)\" class=\"hierarchy\"><img src=\"tbl_spacer.png\" alt=\".\" style=\"background-color: inherit\" class=\"hierarchy\"/><img src=\"tbl_vline.png\" alt=\".\" style=\"background-color: inherit\" class=\"hierarchy\"/><img src=\"tbl_vjoin.png\" alt=\".\" style=\"background-color: inherit\" class=\"hierarchy\"/><img src=\"icon_datatype.gif\" alt=\".\" style=\"background-color: #F7F7F7; background-color: inherit\" title=\"Data Type\" class=\"hierarchy\"/> <a href=\"StructureDefinition-be-model-medication-record-definitions.html#BeMedicationRecord.summary.period\" title=\"The period to which the summary refers\">period</a><a name=\"BeMedicationRecord.summary.period\"> </a></td><td style=\"vertical-align: top; text-align : left; background-color: #F7F7F7; border: 0px #F0F0F0 solid; padding:0px 4px 0px 4px\" class=\"hierarchy\"/><td style=\"vertical-align: top; text-align : left; background-color: #F7F7F7; border: 0px #F0F0F0 solid; padding:0px 4px 0px 4px\" class=\"hierarchy\">0..1</td><td style=\"vertical-align: top; text-align : left; background-color: #F7F7F7; border: 0px #F0F0F0 solid; padding:0px 4px 0px 4px\" class=\"hierarchy\"><a href=\"http://hl7.org/fhir/R4/datatypes.html#Period\">Period</a></td><td style=\"vertical-align: top; text-align : left; background-color: #F7F7F7; border: 0px #F0F0F0 solid; padding:0px 4px 0px 4px\" class=\"hierarchy\">The period covered by this summary</td></tr>\r\n<tr style=\"border: 0px #F0F0F0 solid; padding:0px; vertical-align: top; background-color: white\"><td style=\"vertical-align: top; text-align : left; background-color: white; border: 0px #F0F0F0 solid; padding:0px 4px 0px 4px; white-space: nowrap; background-image: url(tbl_bck101.png)\" class=\"hierarchy\"><img src=\"tbl_spacer.png\" alt=\".\" style=\"background-color: inherit\" class=\"hierarchy\"/><img src=\"tbl_vline.png\" alt=\".\" style=\"background-color: inherit\" class=\"hierarchy\"/><img src=\"tbl_vjoin_end.png\" alt=\".\" style=\"background-color: inherit\" class=\"hierarchy\"/><img src=\"icon_datatype.gif\" alt=\".\" style=\"background-color: white; background-color: inherit\" title=\"Data Type\" class=\"hierarchy\"/> <a href=\"StructureDefinition-be-model-medication-record-definitions.html#BeMedicationRecord.summary.treatmentLine\" title=\"Each line in the summary - different types of summary may have different criteria for what constitutes a unique line\">treatmentLine</a><a name=\"BeMedicationRecord.summary.treatmentLine\"> </a></td><td style=\"vertical-align: top; text-align : left; background-color: white; border: 0px #F0F0F0 solid; padding:0px 4px 0px 4px\" class=\"hierarchy\"/><td style=\"vertical-align: top; text-align : left; background-color: white; border: 0px #F0F0F0 solid; padding:0px 4px 0px 4px\" class=\"hierarchy\">0..*</td><td style=\"vertical-align: top; text-align : left; background-color: white; border: 0px #F0F0F0 solid; padding:0px 4px 0px 4px\" class=\"hierarchy\"><a href=\"http://hl7.org/fhir/R4/datatypes.html#BackboneElement\">BackboneElement</a></td><td style=\"vertical-align: top; text-align : left; background-color: white; border: 0px #F0F0F0 solid; padding:0px 4px 0px 4px\" class=\"hierarchy\">Each line in the summary<br/></td></tr>\r\n<tr style=\"border: 0px #F0F0F0 solid; padding:0px; vertical-align: top; background-color: #F7F7F7\"><td style=\"vertical-align: top; text-align : left; background-color: #F7F7F7; border: 0px #F0F0F0 solid; padding:0px 4px 0px 4px; white-space: nowrap; background-image: url(tbl_bck1010.png)\" class=\"hierarchy\"><img src=\"tbl_spacer.png\" alt=\".\" style=\"background-color: inherit\" class=\"hierarchy\"/><img src=\"tbl_vline.png\" alt=\".\" style=\"background-color: inherit\" class=\"hierarchy\"/><img src=\"tbl_blank.png\" alt=\".\" style=\"background-color: inherit\" class=\"hierarchy\"/><img src=\"tbl_vjoin.png\" alt=\".\" style=\"background-color: inherit\" class=\"hierarchy\"/><img src=\"icon_datatype.gif\" alt=\".\" style=\"background-color: #F7F7F7; background-color: inherit\" title=\"Data Type\" class=\"hierarchy\"/> <a href=\"StructureDefinition-be-model-medication-record-definitions.html#BeMedicationRecord.summary.treatmentLine.identifier\" title=\"Unique business identifier for this treatment line\">identifier</a><a name=\"BeMedicationRecord.summary.treatmentLine.identifier\"> </a></td><td style=\"vertical-align: top; text-align : left; background-color: #F7F7F7; border: 0px #F0F0F0 solid; padding:0px 4px 0px 4px\" class=\"hierarchy\"/><td style=\"vertical-align: top; text-align : left; background-color: #F7F7F7; border: 0px #F0F0F0 solid; padding:0px 4px 0px 4px\" class=\"hierarchy\">0..*</td><td style=\"vertical-align: top; text-align : left; background-color: #F7F7F7; border: 0px #F0F0F0 solid; padding:0px 4px 0px 4px\" class=\"hierarchy\"><a href=\"http://hl7.org/fhir/R4/datatypes.html#Identifier\">Identifier</a></td><td style=\"vertical-align: top; text-align : left; background-color: #F7F7F7; border: 0px #F0F0F0 solid; padding:0px 4px 0px 4px\" class=\"hierarchy\">Unique business identifier for this treatment line<br/></td></tr>\r\n<tr style=\"border: 0px #F0F0F0 solid; padding:0px; vertical-align: top; background-color: white\"><td style=\"vertical-align: top; text-align : left; background-color: white; border: 0px #F0F0F0 solid; padding:0px 4px 0px 4px; white-space: nowrap; background-image: url(tbl_bck1001.png)\" class=\"hierarchy\"><img src=\"tbl_spacer.png\" alt=\".\" style=\"background-color: inherit\" class=\"hierarchy\"/><img src=\"tbl_vline.png\" alt=\".\" style=\"background-color: inherit\" class=\"hierarchy\"/><img src=\"tbl_blank.png\" alt=\".\" style=\"background-color: inherit\" class=\"hierarchy\"/><img src=\"tbl_vjoin_end.png\" alt=\".\" style=\"background-color: inherit\" class=\"hierarchy\"/><img src=\"icon_datatype.gif\" alt=\".\" style=\"background-color: white; background-color: inherit\" title=\"Data Type\" class=\"hierarchy\"/> <a href=\"StructureDefinition-be-model-medication-record-definitions.html#BeMedicationRecord.summary.treatmentLine.details\" title=\"The details of the medication\">details</a><a name=\"BeMedicationRecord.summary.treatmentLine.details\"> </a></td><td style=\"vertical-align: top; text-align : left; background-color: white; border: 0px #F0F0F0 solid; padding:0px 4px 0px 4px\" class=\"hierarchy\"/><td style=\"vertical-align: top; text-align : left; background-color: white; border: 0px #F0F0F0 solid; padding:0px 4px 0px 4px\" class=\"hierarchy\">0..1</td><td style=\"vertical-align: top; text-align : left; background-color: white; border: 0px #F0F0F0 solid; padding:0px 4px 0px 4px\" class=\"hierarchy\"><a href=\"http://hl7.org/fhir/R4/datatypes.html#BackboneElement\">BackboneElement</a></td><td style=\"vertical-align: top; text-align : left; background-color: white; border: 0px #F0F0F0 solid; padding:0px 4px 0px 4px\" class=\"hierarchy\">The details of the medication</td></tr>\r\n<tr style=\"border: 0px #F0F0F0 solid; padding:0px; vertical-align: top; background-color: #F7F7F7\"><td style=\"vertical-align: top; text-align : left; background-color: #F7F7F7; border: 0px #F0F0F0 solid; padding:0px 4px 0px 4px; white-space: nowrap; background-image: url(tbl_bck10010.png)\" class=\"hierarchy\"><img src=\"tbl_spacer.png\" alt=\".\" style=\"background-color: inherit\" class=\"hierarchy\"/><img src=\"tbl_vline.png\" alt=\".\" style=\"background-color: inherit\" class=\"hierarchy\"/><img src=\"tbl_blank.png\" alt=\".\" style=\"background-color: inherit\" class=\"hierarchy\"/><img src=\"tbl_blank.png\" alt=\".\" style=\"background-color: inherit\" class=\"hierarchy\"/><img src=\"tbl_vjoin.png\" alt=\".\" style=\"background-color: inherit\" class=\"hierarchy\"/><img src=\"icon_datatype.gif\" alt=\".\" style=\"background-color: #F7F7F7; background-color: inherit\" title=\"Data Type\" class=\"hierarchy\"/> <a href=\"StructureDefinition-be-model-medication-record-definitions.html#BeMedicationRecord.summary.treatmentLine.details.dosage\" title=\"The medication dosage\">dosage</a><a name=\"BeMedicationRecord.summary.treatmentLine.details.dosage\"> </a></td><td style=\"vertical-align: top; text-align : left; background-color: #F7F7F7; border: 0px #F0F0F0 solid; padding:0px 4px 0px 4px\" class=\"hierarchy\"/><td style=\"vertical-align: top; text-align : left; background-color: #F7F7F7; border: 0px #F0F0F0 solid; padding:0px 4px 0px 4px\" class=\"hierarchy\">0..1</td><td style=\"vertical-align: top; text-align : left; background-color: #F7F7F7; border: 0px #F0F0F0 solid; padding:0px 4px 0px 4px\" class=\"hierarchy\"><a href=\"http://hl7.org/fhir/R4/datatypes.html#Dosage\">Dosage</a></td><td style=\"vertical-align: top; text-align : left; background-color: #F7F7F7; border: 0px #F0F0F0 solid; padding:0px 4px 0px 4px\" class=\"hierarchy\">The medication dosage</td></tr>\r\n<tr style=\"border: 0px #F0F0F0 solid; padding:0px; vertical-align: top; background-color: white\"><td style=\"vertical-align: top; text-align : left; background-color: white; border: 0px #F0F0F0 solid; padding:0px 4px 0px 4px; white-space: nowrap; background-image: url(tbl_bck10010.png)\" class=\"hierarchy\"><img src=\"tbl_spacer.png\" alt=\".\" style=\"background-color: inherit\" class=\"hierarchy\"/><img src=\"tbl_vline.png\" alt=\".\" style=\"background-color: inherit\" class=\"hierarchy\"/><img src=\"tbl_blank.png\" alt=\".\" style=\"background-color: inherit\" class=\"hierarchy\"/><img src=\"tbl_blank.png\" alt=\".\" style=\"background-color: inherit\" class=\"hierarchy\"/><img src=\"tbl_vjoin.png\" alt=\".\" style=\"background-color: inherit\" class=\"hierarchy\"/><img src=\"icon_primitive.png\" alt=\".\" style=\"background-color: white; background-color: inherit\" title=\"Primitive Data Type\" class=\"hierarchy\"/> <a href=\"StructureDefinition-be-model-medication-record-definitions.html#BeMedicationRecord.summary.treatmentLine.details.status\" title=\"The medication status\">status</a><a name=\"BeMedicationRecord.summary.treatmentLine.details.status\"> </a></td><td style=\"vertical-align: top; text-align : left; background-color: white; border: 0px #F0F0F0 solid; padding:0px 4px 0px 4px\" class=\"hierarchy\"/><td style=\"vertical-align: top; text-align : left; background-color: white; border: 0px #F0F0F0 solid; padding:0px 4px 0px 4px\" class=\"hierarchy\">1..1</td><td style=\"vertical-align: top; text-align : left; background-color: white; border: 0px #F0F0F0 solid; padding:0px 4px 0px 4px\" class=\"hierarchy\"><a href=\"http://hl7.org/fhir/R4/datatypes.html#code\">code</a></td><td style=\"vertical-align: top; text-align : left; background-color: white; border: 0px #F0F0F0 solid; padding:0px 4px 0px 4px\" class=\"hierarchy\">The medication status</td></tr>\r\n<tr style=\"border: 0px #F0F0F0 solid; padding:0px; vertical-align: top; background-color: #F7F7F7\"><td style=\"vertical-align: top; text-align : left; background-color: #F7F7F7; border: 0px #F0F0F0 solid; padding:0px 4px 0px 4px; white-space: nowrap; background-image: url(tbl_bck10010.png)\" class=\"hierarchy\"><img src=\"tbl_spacer.png\" alt=\".\" style=\"background-color: inherit\" class=\"hierarchy\"/><img src=\"tbl_vline.png\" alt=\".\" style=\"background-color: inherit\" class=\"hierarchy\"/><img src=\"tbl_blank.png\" alt=\".\" style=\"background-color: inherit\" class=\"hierarchy\"/><img src=\"tbl_blank.png\" alt=\".\" style=\"background-color: inherit\" class=\"hierarchy\"/><img src=\"tbl_vjoin.png\" alt=\".\" style=\"background-color: inherit\" class=\"hierarchy\"/><img src=\"icon_primitive.png\" alt=\".\" style=\"background-color: #F7F7F7; background-color: inherit\" title=\"Primitive Data Type\" class=\"hierarchy\"/> <a href=\"StructureDefinition-be-model-medication-record-definitions.html#BeMedicationRecord.summary.treatmentLine.details.type\" title=\"The type of medication - OTC, hospital, or other\">type</a><a name=\"BeMedicationRecord.summary.treatmentLine.details.type\"> </a></td><td style=\"vertical-align: top; text-align : left; background-color: #F7F7F7; border: 0px #F0F0F0 solid; padding:0px 4px 0px 4px\" class=\"hierarchy\"/><td style=\"vertical-align: top; text-align : left; background-color: #F7F7F7; border: 0px #F0F0F0 solid; padding:0px 4px 0px 4px\" class=\"hierarchy\">0..1</td><td style=\"vertical-align: top; text-align : left; background-color: #F7F7F7; border: 0px #F0F0F0 solid; padding:0px 4px 0px 4px\" class=\"hierarchy\"><a href=\"http://hl7.org/fhir/R4/datatypes.html#code\">code</a></td><td style=\"vertical-align: top; text-align : left; background-color: #F7F7F7; border: 0px #F0F0F0 solid; padding:0px 4px 0px 4px\" class=\"hierarchy\">The type of medication - OTC, hospital, or other</td></tr>\r\n<tr style=\"border: 0px #F0F0F0 solid; padding:0px; vertical-align: top; background-color: white\"><td style=\"vertical-align: top; text-align : left; background-color: white; border: 0px #F0F0F0 solid; padding:0px 4px 0px 4px; white-space: nowrap; background-image: url(tbl_bck10010.png)\" class=\"hierarchy\"><img src=\"tbl_spacer.png\" alt=\".\" style=\"background-color: inherit\" class=\"hierarchy\"/><img src=\"tbl_vline.png\" alt=\".\" style=\"background-color: inherit\" class=\"hierarchy\"/><img src=\"tbl_blank.png\" alt=\".\" style=\"background-color: inherit\" class=\"hierarchy\"/><img src=\"tbl_blank.png\" alt=\".\" style=\"background-color: inherit\" class=\"hierarchy\"/><img src=\"tbl_vjoin.png\" alt=\".\" style=\"background-color: inherit\" class=\"hierarchy\"/><img src=\"icon_reference.png\" alt=\".\" style=\"background-color: white; background-color: inherit\" title=\"Reference to another Resource\" class=\"hierarchy\"/> <a href=\"StructureDefinition-be-model-medication-record-definitions.html#BeMedicationRecord.summary.treatmentLine.details.indication\" title=\"The indication(s) for which this medication is taken\">indication</a><a name=\"BeMedicationRecord.summary.treatmentLine.details.indication\"> </a></td><td style=\"vertical-align: top; text-align : left; background-color: white; border: 0px #F0F0F0 solid; padding:0px 4px 0px 4px\" class=\"hierarchy\"/><td style=\"vertical-align: top; text-align : left; background-color: white; border: 0px #F0F0F0 solid; padding:0px 4px 0px 4px\" class=\"hierarchy\">0..*</td><td style=\"vertical-align: top; text-align : left; background-color: white; border: 0px #F0F0F0 solid; padding:0px 4px 0px 4px\" class=\"hierarchy\"><a href=\"http://hl7.org/fhir/R4/references.html\">CodeableReference</a>()</td><td style=\"vertical-align: top; text-align : left; background-color: white; border: 0px #F0F0F0 solid; padding:0px 4px 0px 4px\" class=\"hierarchy\">The indication(s) for which this medication is taken<br/></td></tr>\r\n<tr style=\"border: 0px #F0F0F0 solid; padding:0px; vertical-align: top; background-color: #F7F7F7\"><td style=\"vertical-align: top; text-align : left; background-color: #F7F7F7; border: 0px #F0F0F0 solid; padding:0px 4px 0px 4px; white-space: nowrap; background-image: url(tbl_bck10001.png)\" class=\"hierarchy\"><img src=\"tbl_spacer.png\" alt=\".\" style=\"background-color: inherit\" class=\"hierarchy\"/><img src=\"tbl_vline.png\" alt=\".\" style=\"background-color: inherit\" class=\"hierarchy\"/><img src=\"tbl_blank.png\" alt=\".\" style=\"background-color: inherit\" class=\"hierarchy\"/><img src=\"tbl_blank.png\" alt=\".\" style=\"background-color: inherit\" class=\"hierarchy\"/><img src=\"tbl_vjoin_end.png\" alt=\".\" style=\"background-color: inherit\" class=\"hierarchy\"/><img src=\"icon_datatype.gif\" alt=\".\" style=\"background-color: #F7F7F7; background-color: inherit\" title=\"Data Type\" class=\"hierarchy\"/> <a href=\"StructureDefinition-be-model-medication-record-definitions.html#BeMedicationRecord.summary.treatmentLine.details.medication\" title=\"The medication that is planned or taken\">medication</a><a name=\"BeMedicationRecord.summary.treatmentLine.details.medication\"> </a></td><td style=\"vertical-align: top; text-align : left; background-color: #F7F7F7; border: 0px #F0F0F0 solid; padding:0px 4px 0px 4px\" class=\"hierarchy\"/><td style=\"vertical-align: top; text-align : left; background-color: #F7F7F7; border: 0px #F0F0F0 solid; padding:0px 4px 0px 4px\" class=\"hierarchy\">1..*</td><td style=\"vertical-align: top; text-align : left; background-color: #F7F7F7; border: 0px #F0F0F0 solid; padding:0px 4px 0px 4px\" class=\"hierarchy\"><a href=\"http://hl7.org/fhir/R4/datatypes.html#BackboneElement\">BackboneElement</a></td><td style=\"vertical-align: top; text-align : left; background-color: #F7F7F7; border: 0px #F0F0F0 solid; padding:0px 4px 0px 4px\" class=\"hierarchy\">The medication that is planned or taken<br/></td></tr>\r\n<tr style=\"border: 0px #F0F0F0 solid; padding:0px; vertical-align: top; background-color: white\"><td style=\"vertical-align: top; text-align : left; background-color: white; border: 0px #F0F0F0 solid; padding:0px 4px 0px 4px; white-space: nowrap; background-image: url(tbl_bck100010.png)\" class=\"hierarchy\"><img src=\"tbl_spacer.png\" alt=\".\" style=\"background-color: inherit\" class=\"hierarchy\"/><img src=\"tbl_vline.png\" alt=\".\" style=\"background-color: inherit\" class=\"hierarchy\"/><img src=\"tbl_blank.png\" alt=\".\" style=\"background-color: inherit\" class=\"hierarchy\"/><img src=\"tbl_blank.png\" alt=\".\" style=\"background-color: inherit\" class=\"hierarchy\"/><img src=\"tbl_blank.png\" alt=\".\" style=\"background-color: inherit\" class=\"hierarchy\"/><img src=\"tbl_vjoin.png\" alt=\".\" style=\"background-color: inherit\" class=\"hierarchy\"/><img src=\"icon_reference.png\" alt=\".\" style=\"background-color: white; background-color: inherit\" title=\"Reference to another Resource\" class=\"hierarchy\"/> <a href=\"StructureDefinition-be-model-medication-record-definitions.html#BeMedicationRecord.summary.treatmentLine.details.medication.reference\" title=\"A reference to a medication description\">reference</a><a name=\"BeMedicationRecord.summary.treatmentLine.details.medication.reference\"> </a></td><td style=\"vertical-align: top; text-align : left; background-color: white; border: 0px #F0F0F0 solid; padding:0px 4px 0px 4px\" class=\"hierarchy\"/><td style=\"vertical-align: top; text-align : left; background-color: white; border: 0px #F0F0F0 solid; padding:0px 4px 0px 4px\" class=\"hierarchy\">0..1</td><td style=\"vertical-align: top; text-align : left; background-color: white; border: 0px #F0F0F0 solid; padding:0px 4px 0px 4px\" class=\"hierarchy\"><a href=\"http://hl7.org/fhir/R4/references.html\">Reference</a>()</td><td style=\"vertical-align: top; text-align : left; background-color: white; border: 0px #F0F0F0 solid; padding:0px 4px 0px 4px\" class=\"hierarchy\">A reference to a medication description</td></tr>\r\n<tr style=\"border: 0px #F0F0F0 solid; padding:0px; vertical-align: top; background-color: #F7F7F7\"><td style=\"vertical-align: top; text-align : left; background-color: #F7F7F7; border: 0px #F0F0F0 solid; padding:0px 4px 0px 4px; white-space: nowrap; background-image: url(tbl_bck100010.png)\" class=\"hierarchy\"><img src=\"tbl_spacer.png\" alt=\".\" style=\"background-color: inherit\" class=\"hierarchy\"/><img src=\"tbl_vline.png\" alt=\".\" style=\"background-color: inherit\" class=\"hierarchy\"/><img src=\"tbl_blank.png\" alt=\".\" style=\"background-color: inherit\" class=\"hierarchy\"/><img src=\"tbl_blank.png\" alt=\".\" style=\"background-color: inherit\" class=\"hierarchy\"/><img src=\"tbl_blank.png\" alt=\".\" style=\"background-color: inherit\" class=\"hierarchy\"/><img src=\"tbl_vjoin.png\" alt=\".\" style=\"background-color: inherit\" class=\"hierarchy\"/><img src=\"icon_datatype.gif\" alt=\".\" style=\"background-color: #F7F7F7; background-color: inherit\" title=\"Data Type\" class=\"hierarchy\"/> <a href=\"StructureDefinition-be-model-medication-record-definitions.html#BeMedicationRecord.summary.treatmentLine.details.medication.code\" title=\"The code of the medication\">code</a><a name=\"BeMedicationRecord.summary.treatmentLine.details.medication.code\"> </a></td><td style=\"vertical-align: top; text-align : left; background-color: #F7F7F7; border: 0px #F0F0F0 solid; padding:0px 4px 0px 4px\" class=\"hierarchy\"/><td style=\"vertical-align: top; text-align : left; background-color: #F7F7F7; border: 0px #F0F0F0 solid; padding:0px 4px 0px 4px\" class=\"hierarchy\">0..1</td><td style=\"vertical-align: top; text-align : left; background-color: #F7F7F7; border: 0px #F0F0F0 solid; padding:0px 4px 0px 4px\" class=\"hierarchy\"><a href=\"http://hl7.org/fhir/R4/datatypes.html#CodeableConcept\">CodeableConcept</a></td><td style=\"vertical-align: top; text-align : left; background-color: #F7F7F7; border: 0px #F0F0F0 solid; padding:0px 4px 0px 4px\" class=\"hierarchy\">The code of the medication</td></tr>\r\n<tr style=\"border: 0px #F0F0F0 solid; padding:0px; vertical-align: top; background-color: white\"><td style=\"vertical-align: top; text-align : left; background-color: white; border: 0px #F0F0F0 solid; padding:0px 4px 0px 4px; white-space: nowrap; background-image: url(tbl_bck100000.png)\" class=\"hierarchy\"><img src=\"tbl_spacer.png\" alt=\".\" style=\"background-color: inherit\" class=\"hierarchy\"/><img src=\"tbl_vline.png\" alt=\".\" style=\"background-color: inherit\" class=\"hierarchy\"/><img src=\"tbl_blank.png\" alt=\".\" style=\"background-color: inherit\" class=\"hierarchy\"/><img src=\"tbl_blank.png\" alt=\".\" style=\"background-color: inherit\" class=\"hierarchy\"/><img src=\"tbl_blank.png\" alt=\".\" style=\"background-color: inherit\" class=\"hierarchy\"/><img src=\"tbl_vjoin_end.png\" alt=\".\" style=\"background-color: inherit\" class=\"hierarchy\"/><img src=\"icon_datatype.gif\" alt=\".\" style=\"background-color: white; background-color: inherit\" title=\"Data Type\" class=\"hierarchy\"/> <a href=\"StructureDefinition-be-model-medication-record-definitions.html#BeMedicationRecord.summary.treatmentLine.details.medication.class\" title=\"The class of the medication e.g. ATC\">class</a><a name=\"BeMedicationRecord.summary.treatmentLine.details.medication.class\"> </a></td><td style=\"vertical-align: top; text-align : left; background-color: white; border: 0px #F0F0F0 solid; padding:0px 4px 0px 4px\" class=\"hierarchy\"/><td style=\"vertical-align: top; text-align : left; background-color: white; border: 0px #F0F0F0 solid; padding:0px 4px 0px 4px\" class=\"hierarchy\">0..*</td><td style=\"vertical-align: top; text-align : left; background-color: white; border: 0px #F0F0F0 solid; padding:0px 4px 0px 4px\" class=\"hierarchy\"><a href=\"http://hl7.org/fhir/R4/datatypes.html#CodeableConcept\">CodeableConcept</a></td><td style=\"vertical-align: top; text-align : left; background-color: white; border: 0px #F0F0F0 solid; padding:0px 4px 0px 4px\" class=\"hierarchy\">The class of the medication e.g. ATC<br/></td></tr>\r\n<tr style=\"border: 0px #F0F0F0 solid; padding:0px; vertical-align: top; background-color: #F7F7F7\"><td style=\"vertical-align: top; text-align : left; background-color: #F7F7F7; border: 0px #F0F0F0 solid; padding:0px 4px 0px 4px; white-space: nowrap; background-image: url(tbl_bck11.png)\" class=\"hierarchy\"><img src=\"tbl_spacer.png\" alt=\".\" style=\"background-color: inherit\" class=\"hierarchy\"/><img src=\"tbl_vjoin.png\" alt=\".\" style=\"background-color: inherit\" class=\"hierarchy\"/><img src=\"icon_datatype.gif\" alt=\".\" style=\"background-color: #F7F7F7; background-color: inherit\" title=\"Data Type\" class=\"hierarchy\"/> <a href=\"StructureDefinition-be-model-medication-record-definitions.html#BeMedicationRecord.historyDetails\" title=\"The details about the medication history\">historyDetails</a><a name=\"BeMedicationRecord.historyDetails\"> </a></td><td style=\"vertical-align: top; text-align : left; background-color: #F7F7F7; border: 0px #F0F0F0 solid; padding:0px 4px 0px 4px\" class=\"hierarchy\"/><td style=\"vertical-align: top; text-align : left; background-color: #F7F7F7; border: 0px #F0F0F0 solid; padding:0px 4px 0px 4px\" class=\"hierarchy\">0..1</td><td style=\"vertical-align: top; text-align : left; background-color: #F7F7F7; border: 0px #F0F0F0 solid; padding:0px 4px 0px 4px\" class=\"hierarchy\"><a href=\"http://hl7.org/fhir/R4/datatypes.html#BackboneElement\">BackboneElement</a></td><td style=\"vertical-align: top; text-align : left; background-color: #F7F7F7; border: 0px #F0F0F0 solid; padding:0px 4px 0px 4px\" class=\"hierarchy\">The details about the medication history</td></tr>\r\n<tr style=\"border: 0px #F0F0F0 solid; padding:0px; vertical-align: top; background-color: white\"><td style=\"vertical-align: top; text-align : left; background-color: white; border: 0px #F0F0F0 solid; padding:0px 4px 0px 4px; white-space: nowrap; background-image: url(tbl_bck110.png)\" class=\"hierarchy\"><img src=\"tbl_spacer.png\" alt=\".\" style=\"background-color: inherit\" class=\"hierarchy\"/><img src=\"tbl_vline.png\" alt=\".\" style=\"background-color: inherit\" class=\"hierarchy\"/><img src=\"tbl_vjoin.png\" alt=\".\" style=\"background-color: inherit\" class=\"hierarchy\"/><img src=\"icon_reference.png\" alt=\".\" style=\"background-color: white; background-color: inherit\" title=\"Reference to another Resource\" class=\"hierarchy\"/> <a href=\"StructureDefinition-be-model-medication-record-definitions.html#BeMedicationRecord.historyDetails.orders\" title=\"History of orders and order changes for the medication\">orders</a><a name=\"BeMedicationRecord.historyDetails.orders\"> </a></td><td style=\"vertical-align: top; text-align : left; background-color: white; border: 0px #F0F0F0 solid; padding:0px 4px 0px 4px\" class=\"hierarchy\"/><td style=\"vertical-align: top; text-align : left; background-color: white; border: 0px #F0F0F0 solid; padding:0px 4px 0px 4px\" class=\"hierarchy\">0..*</td><td style=\"vertical-align: top; text-align : left; background-color: white; border: 0px #F0F0F0 solid; padding:0px 4px 0px 4px\" class=\"hierarchy\"><a href=\"http://hl7.org/fhir/R4/references.html\">Reference</a>()</td><td style=\"vertical-align: top; text-align : left; background-color: white; border: 0px #F0F0F0 solid; padding:0px 4px 0px 4px\" class=\"hierarchy\">History of orders and order changes for the medication<br/></td></tr>\r\n<tr style=\"border: 0px #F0F0F0 solid; padding:0px; vertical-align: top; background-color: #F7F7F7\"><td style=\"vertical-align: top; text-align : left; background-color: #F7F7F7; border: 0px #F0F0F0 solid; padding:0px 4px 0px 4px; white-space: nowrap; background-image: url(tbl_bck110.png)\" class=\"hierarchy\"><img src=\"tbl_spacer.png\" alt=\".\" style=\"background-color: inherit\" class=\"hierarchy\"/><img src=\"tbl_vline.png\" alt=\".\" style=\"background-color: inherit\" class=\"hierarchy\"/><img src=\"tbl_vjoin.png\" alt=\".\" style=\"background-color: inherit\" class=\"hierarchy\"/><img src=\"icon_reference.png\" alt=\".\" style=\"background-color: #F7F7F7; background-color: inherit\" title=\"Reference to another Resource\" class=\"hierarchy\"/> <a href=\"StructureDefinition-be-model-medication-record-definitions.html#BeMedicationRecord.historyDetails.dispenses\" title=\"History of dispenses of the medication\">dispenses</a><a name=\"BeMedicationRecord.historyDetails.dispenses\"> </a></td><td style=\"vertical-align: top; text-align : left; background-color: #F7F7F7; border: 0px #F0F0F0 solid; padding:0px 4px 0px 4px\" class=\"hierarchy\"/><td style=\"vertical-align: top; text-align : left; background-color: #F7F7F7; border: 0px #F0F0F0 solid; padding:0px 4px 0px 4px\" class=\"hierarchy\">0..*</td><td style=\"vertical-align: top; text-align : left; background-color: #F7F7F7; border: 0px #F0F0F0 solid; padding:0px 4px 0px 4px\" class=\"hierarchy\"><a href=\"http://hl7.org/fhir/R4/references.html\">Reference</a>()</td><td style=\"vertical-align: top; text-align : left; background-color: #F7F7F7; border: 0px #F0F0F0 solid; padding:0px 4px 0px 4px\" class=\"hierarchy\">History of dispenses of the medication<br/></td></tr>\r\n<tr style=\"border: 0px #F0F0F0 solid; padding:0px; vertical-align: top; background-color: white\"><td style=\"vertical-align: top; text-align : left; background-color: white; border: 0px #F0F0F0 solid; padding:0px 4px 0px 4px; white-space: nowrap; background-image: url(tbl_bck110.png)\" class=\"hierarchy\"><img src=\"tbl_spacer.png\" alt=\".\" style=\"background-color: inherit\" class=\"hierarchy\"/><img src=\"tbl_vline.png\" alt=\".\" style=\"background-color: inherit\" class=\"hierarchy\"/><img src=\"tbl_vjoin.png\" alt=\".\" style=\"background-color: inherit\" class=\"hierarchy\"/><img src=\"icon_reference.png\" alt=\".\" style=\"background-color: white; background-color: inherit\" title=\"Reference to another Resource\" class=\"hierarchy\"/> <a href=\"StructureDefinition-be-model-medication-record-definitions.html#BeMedicationRecord.historyDetails.administrations\" title=\"History of administrations of the medication\">administrations</a><a name=\"BeMedicationRecord.historyDetails.administrations\"> </a></td><td style=\"vertical-align: top; text-align : left; background-color: white; border: 0px #F0F0F0 solid; padding:0px 4px 0px 4px\" class=\"hierarchy\"/><td style=\"vertical-align: top; text-align : left; background-color: white; border: 0px #F0F0F0 solid; padding:0px 4px 0px 4px\" class=\"hierarchy\">0..*</td><td style=\"vertical-align: top; text-align : left; background-color: white; border: 0px #F0F0F0 solid; padding:0px 4px 0px 4px\" class=\"hierarchy\"><a href=\"http://hl7.org/fhir/R4/references.html\">Reference</a>()</td><td style=\"vertical-align: top; text-align : left; background-color: white; border: 0px #F0F0F0 solid; padding:0px 4px 0px 4px\" class=\"hierarchy\">History of administrations of the medication<br/></td></tr>\r\n<tr style=\"border: 0px #F0F0F0 solid; padding:0px; vertical-align: top; background-color: #F7F7F7\"><td style=\"vertical-align: top; text-align : left; background-color: #F7F7F7; border: 0px #F0F0F0 solid; padding:0px 4px 0px 4px; white-space: nowrap; background-image: url(tbl_bck100.png)\" class=\"hierarchy\"><img src=\"tbl_spacer.png\" alt=\".\" style=\"background-color: inherit\" class=\"hierarchy\"/><img src=\"tbl_vline.png\" alt=\".\" style=\"background-color: inherit\" class=\"hierarchy\"/><img src=\"tbl_vjoin_end.png\" alt=\".\" style=\"background-color: inherit\" class=\"hierarchy\"/><img src=\"icon_reference.png\" alt=\".\" style=\"background-color: #F7F7F7; background-color: inherit\" title=\"Reference to another Resource\" class=\"hierarchy\"/> <a href=\"StructureDefinition-be-model-medication-record-definitions.html#BeMedicationRecord.historyDetails.adverseEvents\" title=\"History of adverse events\">adverseEvents</a><a name=\"BeMedicationRecord.historyDetails.adverseEvents\"> </a></td><td style=\"vertical-align: top; text-align : left; background-color: #F7F7F7; border: 0px #F0F0F0 solid; padding:0px 4px 0px 4px\" class=\"hierarchy\"/><td style=\"vertical-align: top; text-align : left; background-color: #F7F7F7; border: 0px #F0F0F0 solid; padding:0px 4px 0px 4px\" class=\"hierarchy\">0..*</td><td style=\"vertical-align: top; text-align : left; background-color: #F7F7F7; border: 0px #F0F0F0 solid; padding:0px 4px 0px 4px\" class=\"hierarchy\"><a href=\"http://hl7.org/fhir/R4/references.html\">Reference</a>()</td><td style=\"vertical-align: top; text-align : left; background-color: #F7F7F7; border: 0px #F0F0F0 solid; padding:0px 4px 0px 4px\" class=\"hierarchy\">History of adverse events<br/></td></tr>\r\n<tr style=\"border: 0px #F0F0F0 solid; padding:0px; vertical-align: top; background-color: white\"><td style=\"vertical-align: top; text-align : left; background-color: white; border: 0px #F0F0F0 solid; padding:0px 4px 0px 4px; white-space: nowrap; background-image: url(tbl_bck00.png)\" class=\"hierarchy\"><img src=\"tbl_spacer.png\" alt=\".\" style=\"background-color: inherit\" class=\"hierarchy\"/><img src=\"tbl_vjoin_end.png\" alt=\".\" style=\"background-color: inherit\" class=\"hierarchy\"/><img src=\"icon_reference.png\" alt=\".\" style=\"background-color: white; background-color: inherit\" title=\"Reference to another Resource\" class=\"hierarchy\"/> <a href=\"StructureDefinition-be-model-medication-record-definitions.html#BeMedicationRecord.medicationAllergyIntolerance\" title=\"Known Allergies to medication\">medicationAllergyIntolerance</a><a name=\"BeMedicationRecord.medicationAllergyIntolerance\"> </a></td><td style=\"vertical-align: top; text-align : left; background-color: white; border: 0px #F0F0F0 solid; padding:0px 4px 0px 4px\" class=\"hierarchy\"/><td style=\"vertical-align: top; text-align : left; background-color: white; border: 0px #F0F0F0 solid; padding:0px 4px 0px 4px\" class=\"hierarchy\">0..*</td><td style=\"vertical-align: top; text-align : left; background-color: white; border: 0px #F0F0F0 solid; padding:0px 4px 0px 4px\" class=\"hierarchy\"><a href=\"http://hl7.org/fhir/R4/references.html\">Reference</a>()</td><td style=\"vertical-align: top; text-align : left; background-color: white; border: 0px #F0F0F0 solid; padding:0px 4px 0px 4px\" class=\"hierarchy\">Known Allergies to medication<br/></td></tr>\r\n<tr><td colspan=\"5\" class=\"hierarchy\"><br/><a href=\"http://hl7.org/fhir/R4/formats.html#table\" title=\"Legend for this format\"><img src=\"http://hl7.org/fhir/R4/help16.png\" alt=\"doco\" style=\"background-color: inherit\"/> Documentation for this format</a></td></tr></table></div>"},"url":"http://hl7belgium.org/fhir/be-model-medication-record","version":"0.2.0","name":"BeModelMedicationRecord","status":"draft","date":"2021-03-23","publisher":"HL7 Belgium","contact":[{"telecom":[{"system":"url","value":"http://hl7belgium.org"}]}],"description":"The Logical Data Model for a patient's Medication Record - with summary or details","jurisdiction":[{"coding":[{"system":"http://unstats.un.org/unsd/methods/m49/m49.htm","code":"056"}],"text":"Belgium"}],"fhirVersion":"4.0.1","mapping":[{"identity":"rim","uri":"http://hl7.org/v3","name":"RIM Mapping"}],"kind":"logical","abstract":false,"type":"BeMedicationRecord","baseDefinition":"http://hl7.org/fhir/StructureDefinition/Element","derivation":"specialization","snapshot":{"element":[{"id":"BeMedicationRecord","extension":[{"url":"http://hl7.org/fhir/StructureDefinition/structuredefinition-standards-status","valueCode":"normative"},{"url":"http://hl7.org/fhir/StructureDefinition/structuredefinition-normative-version","valueCode":"4.0.0"}],"path":"BeMedicationRecord","short":"Base for all elements","definition":"Base definition for all elements in a resource.","min":0,"max":"*","base":{"path":"Element","min":0,"max":"*"},"condition":["ele-1"],"constraint":[{"key":"ele-1","severity":"error","human":"All FHIR elements must have a @value or children","expression":"hasValue() or (children().count() > id.count())","xpath":"@value|f:*|h:div"}],"isModifier":false,"mapping":[{"identity":"rim","map":"n/a"}]},{"id":"BeMedicationRecord.id","path":"BeMedicationRecord.id","representation":["xmlAttr"],"short":"Unique id for inter-element referencing","definition":"Unique id for the element within a resource (for internal references). This may be any string value that does not contain spaces.","min":0,"max":"1","base":{"path":"Element.id","min":0,"max":"1"},"type":[{"extension":[{"url":"http://hl7.org/fhir/StructureDefinition/structuredefinition-fhir-type","valueUrl":"string"}],"code":"http://hl7.org/fhirpath/System.String"}],"isModifier":false,"isSummary":false,"mapping":[{"identity":"rim","map":"n/a"}]},{"id":"BeMedicationRecord.extension","path":"BeMedicationRecord.extension","slicing":{"discriminator":[{"type":"value","path":"url"}],"description":"Extensions are always sliced by (at least) url","rules":"open"},"short":"Additional content defined by implementations","definition":"May be used to represent additional information that is not part of the basic definition of the element. To make the use of extensions safe and manageable, there is a strict set of governance  applied to the definition and use of extensions. Though any implementer can define an extension, there is a set of requirements that SHALL be met as part of the definition of the extension.","comment":"There can be no stigma associated with the use of extensions by any application, project, or standard - regardless of the institution or jurisdiction that uses or defines the extensions.  The use of extensions is what allows the FHIR specification to retain a core level of simplicity for everyone.","alias":["extensions","user content"],"min":0,"max":"*","base":{"path":"Element.extension","min":0,"max":"*"},"type":[{"code":"Extension"}],"constraint":[{"key":"ele-1","severity":"error","human":"All FHIR elements must have a @value or children","expression":"hasValue() or (children().count() > id.count())","xpath":"@value|f:*|h:div","source":"http://hl7.org/fhir/StructureDefinition/Element"},{"key":"ext-1","severity":"error","human":"Must have either extensions or value[x], not both","expression":"extension.exists() != value.exists()","xpath":"exists(f:extension)!=exists(f:*[starts-with(local-name(.), \"value\")])","source":"http://hl7.org/fhir/StructureDefinition/Extension"}],"isModifier":false,"isSummary":false,"mapping":[{"identity":"rim","map":"n/a"}]},{"id":"BeMedicationRecord.patient","path":"BeMedicationRecord.patient","short":"The patient that has the medication","definition":"The patient that has the medication","min":1,"max":"1","base":{"path":"BeMedicationRecord.patient","min":1,"max":"1"},"type":[{"code":"BackboneElement"}]},{"id":"BeMedicationRecord.patient.name","path":"BeMedicationRecord.patient.name","short":"The name of the patient","definition":"The name of the patient","min":0,"max":"1","base":{"path":"BeMedicationRecord.patient.name","min":0,"max":"1"},"type":[{"code":"HumanName"}]},{"id":"BeMedicationRecord.patient.identifier","path":"BeMedicationRecord.patient.identifier","short":"An identifier or reference to the patient defined elsewhere","definition":"An identifier or reference to the patient defined elsewhere","min":0,"max":"1","base":{"path":"BeMedicationRecord.patient.identifier","min":0,"max":"1"},"type":[{"code":"CodeableReference"}]},{"id":"BeMedicationRecord.recordIdentifier","path":"BeMedicationRecord.recordIdentifier","short":"An identifier of the medication record when it needs to be exchanged or tracked","definition":"An identifier of the medication record when it needs to be exchanged or tracked","min":0,"max":"*","base":{"path":"BeMedicationRecord.recordIdentifier","min":0,"max":"*"},"type":[{"code":"Identifier"}]},{"id":"BeMedicationRecord.summary","path":"BeMedicationRecord.summary","short":"Summary section(s)","definition":"An overview (possibly aggregated) of the medication","min":0,"max":"*","base":{"path":"BeMedicationRecord.summary","min":0,"max":"*"},"type":[{"code":"BackboneElement"}]},{"id":"BeMedicationRecord.summary.identifier","path":"BeMedicationRecord.summary.identifier","short":"Unique business identifier for this summary","definition":"Unique business identifier for this summary","min":0,"max":"*","base":{"path":"BeMedicationRecord.summary.identifier","min":0,"max":"*"},"type":[{"code":"Identifier"}]},{"id":"BeMedicationRecord.summary.recordDate","path":"BeMedicationRecord.summary.recordDate","short":"The date the summary was created","definition":"The date the summary was created","min":0,"max":"1","base":{"path":"BeMedicationRecord.summary.recordDate","min":0,"max":"1"},"type":[{"code":"date"}]},{"id":"BeMedicationRecord.summary.lastUpdated","path":"BeMedicationRecord.summary.lastUpdated","short":"The date the summary was last updated","definition":"The date the summary was last updated","min":0,"max":"1","base":{"path":"BeMedicationRecord.summary.lastUpdated","min":0,"max":"1"},"type":[{"code":"date"}]},{"id":"BeMedicationRecord.summary.author","path":"BeMedicationRecord.summary.author","short":"The author of the summary","definition":"The author of the summary","min":1,"max":"1","base":{"path":"BeMedicationRecord.summary.author","min":1,"max":"1"},"type":[{"code":"Reference"}]},{"id":"BeMedicationRecord.summary.type","path":"BeMedicationRecord.summary.type","short":"The type of summary","definition":"The type of summary, which determines the rules for the creation of this summary","min":1,"max":"1","base":{"path":"BeMedicationRecord.summary.type","min":1,"max":"1"},"type":[{"code":"CodeableConcept"}],"binding":{"strength":"required","valueSet":"be-vs-medication-summary-types"}},{"id":"BeMedicationRecord.summary.basedOn","path":"BeMedicationRecord.summary.basedOn","short":"The information that this summary is basedOn","definition":"The information that this summary is basedOn, e.g. Provenance, MedicationRequest, MedicationDispense..","min":0,"max":"*","base":{"path":"BeMedicationRecord.summary.basedOn","min":0,"max":"*"},"type":[{"code":"Reference"}]},{"id":"BeMedicationRecord.summary.criteria","path":"BeMedicationRecord.summary.criteria","short":"A description of the criteria for this summary","definition":"A description of the criteria for this summary","min":0,"max":"1","base":{"path":"BeMedicationRecord.summary.criteria","min":0,"max":"1"},"type":[{"code":"Annotation"}]},{"id":"BeMedicationRecord.summary.period","path":"BeMedicationRecord.summary.period","short":"The period covered by this summary","definition":"The period to which the summary refers","min":0,"max":"1","base":{"path":"BeMedicationRecord.summary.period","min":0,"max":"1"},"type":[{"code":"Period"}]},{"id":"BeMedicationRecord.summary.treatmentLine","path":"BeMedicationRecord.summary.treatmentLine","short":"Each line in the summary","definition":"Each line in the summary - different types of summary may have different criteria for what constitutes a unique line","min":0,"max":"*","base":{"path":"BeMedicationRecord.summary.treatmentLine","min":0,"max":"*"},"type":[{"code":"BackboneElement"}]},{"id":"BeMedicationRecord.summary.treatmentLine.identifier","path":"BeMedicationRecord.summary.treatmentLine.identifier","short":"Unique business identifier for this treatment line","definition":"Unique business identifier for this treatment line","min":0,"max":"*","base":{"path":"BeMedicationRecord.summary.treatmentLine.identifier","min":0,"max":"*"},"type":[{"code":"Identifier"}]},{"id":"BeMedicationRecord.summary.treatmentLine.details","path":"BeMedicationRecord.summary.treatmentLine.details","short":"The details of the medication","definition":"The details of the medication","min":0,"max":"1","base":{"path":"BeMedicationRecord.summary.treatmentLine.details","min":0,"max":"1"},"type":[{"code":"BackboneElement"}]},{"id":"BeMedicationRecord.summary.treatmentLine.details.dosage","path":"BeMedicationRecord.summary.treatmentLine.details.dosage","short":"The medication dosage","definition":"The medication dosage","min":0,"max":"1","base":{"path":"BeMedicationRecord.summary.treatmentLine.details.dosage","min":0,"max":"1"},"type":[{"code":"Dosage"}]},{"id":"BeMedicationRecord.summary.treatmentLine.details.status","path":"BeMedicationRecord.summary.treatmentLine.details.status","short":"The medication status","definition":"The medication status","min":1,"max":"1","base":{"path":"BeMedicationRecord.summary.treatmentLine.details.status","min":1,"max":"1"},"type":[{"code":"code"}]},{"id":"BeMedicationRecord.summary.treatmentLine.details.type","path":"BeMedicationRecord.summary.treatmentLine.details.type","short":"The type of medication - OTC, hospital, or other","definition":"The type of medication - OTC, hospital, or other","min":0,"max":"1","base":{"path":"BeMedicationRecord.summary.treatmentLine.details.type","min":0,"max":"1"},"type":[{"code":"code"}]},{"id":"BeMedicationRecord.summary.treatmentLine.details.indication","path":"BeMedicationRecord.summary.treatmentLine.details.indication","short":"The indication(s) for which this medication is taken","definition":"The indication(s) for which this medication is taken","min":0,"max":"*","base":{"path":"BeMedicationRecord.summary.treatmentLine.details.indication","min":0,"max":"*"},"type":[{"code":"CodeableReference"}]},{"id":"BeMedicationRecord.summary.treatmentLine.details.medication","path":"BeMedicationRecord.summary.treatmentLine.details.medication","short":"The medication that is planned or taken","definition":"The medication that is planned or taken","min":1,"max":"*","base":{"path":"BeMedicationRecord.summary.treatmentLine.details.medication","min":1,"max":"*"},"type":[{"code":"BackboneElement"}]},{"id":"BeMedicationRecord.summary.treatmentLine.details.medication.reference","path":"BeMedicationRecord.summary.treatmentLine.details.medication.reference","short":"A reference to a medication description","definition":"A reference to a medication description","min":0,"max":"1","base":{"path":"BeMedicationRecord.summary.treatmentLine.details.medication.reference","min":0,"max":"1"},"type":[{"code":"Reference"}]},{"id":"BeMedicationRecord.summary.treatmentLine.details.medication.code","path":"BeMedicationRecord.summary.treatmentLine.details.medication.code","short":"The code of the medication","definition":"The code of the medication","min":0,"max":"1","base":{"path":"BeMedicationRecord.summary.treatmentLine.details.medication.code","min":0,"max":"1"},"type":[{"code":"CodeableConcept"}]},{"id":"BeMedicationRecord.summary.treatmentLine.details.medication.class","path":"BeMedicationRecord.summary.treatmentLine.details.medication.class","short":"The class of the medication e.g. ATC","definition":"The class of the medication e.g. ATC","min":0,"max":"*","base":{"path":"BeMedicationRecord.summary.treatmentLine.details.medication.class","min":0,"max":"*"},"type":[{"code":"CodeableConcept"}]},{"id":"BeMedicationRecord.historyDetails","path":"BeMedicationRecord.historyDetails","short":"The details about the medication history","definition":"The details about the medication history","min":0,"max":"1","base":{"path":"BeMedicationRecord.historyDetails","min":0,"max":"1"},"type":[{"code":"BackboneElement"}]},{"id":"BeMedicationRecord.historyDetails.orders","path":"BeMedicationRecord.historyDetails.orders","short":"History of orders and order changes for the medication","definition":"History of orders and order changes for the medication","min":0,"max":"*","base":{"path":"BeMedicationRecord.historyDetails.orders","min":0,"max":"*"},"type":[{"code":"Reference"}]},{"id":"BeMedicationRecord.historyDetails.dispenses","path":"BeMedicationRecord.historyDetails.dispenses","short":"History of dispenses of the medication","definition":"History of dispenses of the medication","min":0,"max":"*","base":{"path":"BeMedicationRecord.historyDetails.dispenses","min":0,"max":"*"},"type":[{"code":"Reference"}]},{"id":"BeMedicationRecord.historyDetails.administrations","path":"BeMedicationRecord.historyDetails.administrations","short":"History of administrations of the medication","definition":"History of administrations of the medication","min":0,"max":"*","base":{"path":"BeMedicationRecord.historyDetails.administrations","min":0,"max":"*"},"type":[{"code":"Reference"}]},{"id":"BeMedicationRecord.historyDetails.adverseEvents","path":"BeMedicationRecord.historyDetails.adverseEvents","short":"History of adverse events","definition":"History of adverse events","min":0,"max":"*","base":{"path":"BeMedicationRecord.historyDetails.adverseEvents","min":0,"max":"*"},"type":[{"code":"Reference"}]},{"id":"BeMedicationRecord.medicationAllergyIntolerance","path":"BeMedicationRecord.medicationAllergyIntolerance","short":"Known Allergies to medication","definition":"Known Allergies to medication","min":0,"max":"*","base":{"path":"BeMedicationRecord.medicationAllergyIntolerance","min":0,"max":"*"},"type":[{"code":"Reference"}]}]},"differential":{"element":[{"id":"BeMedicationRecord.patient","path":"BeMedicationRecord.patient","short":"The patient that has the medication","definition":"The patient that has the medication","min":1,"max":"1","type":[{"code":"BackboneElement"}]},{"id":"BeMedicationRecord.patient.name","path":"BeMedicationRecord.patient.name","short":"The name of the patient","definition":"The name of the patient","min":0,"max":"1","type":[{"code":"HumanName"}]},{"id":"BeMedicationRecord.patient.identifier","path":"BeMedicationRecord.patient.identifier","short":"An identifier or reference to the patient defined elsewhere","definition":"An identifier or reference to the patient defined elsewhere","min":0,"max":"1","type":[{"code":"CodeableReference"}]},{"id":"BeMedicationRecord.recordIdentifier","path":"BeMedicationRecord.recordIdentifier","short":"An identifier of the medication record when it needs to be exchanged or tracked","definition":"An identifier of the medication record when it needs to be exchanged or tracked","min":0,"max":"*","type":[{"code":"Identifier"}]},{"id":"BeMedicationRecord.summary","path":"BeMedicationRecord.summary","short":"Summary section(s)","definition":"An overview (possibly aggregated) of the medication","min":0,"max":"*","type":[{"code":"BackboneElement"}]},{"id":"BeMedicationRecord.summary.identifier","path":"BeMedicationRecord.summary.identifier","short":"Unique business identifier for this summary","definition":"Unique business identifier for this summary","min":0,"max":"*","type":[{"code":"Identifier"}]},{"id":"BeMedicationRecord.summary.recordDate","path":"BeMedicationRecord.summary.recordDate","short":"The date the summary was created","definition":"The date the summary was created","min":0,"max":"1","type":[{"code":"date"}]},{"id":"BeMedicationRecord.summary.lastUpdated","path":"BeMedicationRecord.summary.lastUpdated","short":"The date the summary was last updated","definition":"The date the summary was last updated","min":0,"max":"1","type":[{"code":"date"}]},{"id":"BeMedicationRecord.summary.author","path":"BeMedicationRecord.summary.author","short":"The author of the summary","definition":"The author of the summary","min":1,"max":"1","type":[{"code":"Reference"}]},{"id":"BeMedicationRecord.summary.type","path":"BeMedicationRecord.summary.type","short":"The type of summary","definition":"The type of summary, which determines the rules for the creation of this summary","min":1,"max":"1","type":[{"code":"CodeableConcept"}],"binding":{"strength":"required","valueSet":"be-vs-medication-summary-types"}},{"id":"BeMedicationRecord.summary.basedOn","path":"BeMedicationRecord.summary.basedOn","short":"The information that this summary is basedOn","definition":"The information that this summary is basedOn, e.g. Provenance, MedicationRequest, MedicationDispense..","min":0,"max":"*","type":[{"code":"Reference"}]},{"id":"BeMedicationRecord.summary.criteria","path":"BeMedicationRecord.summary.criteria","short":"A description of the criteria for this summary","definition":"A description of the criteria for this summary","min":0,"max":"1","type":[{"code":"Annotation"}]},{"id":"BeMedicationRecord.summary.period","path":"BeMedicationRecord.summary.period","short":"The period covered by this summary","definition":"The period to which the summary refers","min":0,"max":"1","type":[{"code":"Period"}]},{"id":"BeMedicationRecord.summary.treatmentLine","path":"BeMedicationRecord.summary.treatmentLine","short":"Each line in the summary","definition":"Each line in the summary - different types of summary may have different criteria for what constitutes a unique line","min":0,"max":"*","type":[{"code":"BackboneElement"}]},{"id":"BeMedicationRecord.summary.treatmentLine.identifier","path":"BeMedicationRecord.summary.treatmentLine.identifier","short":"Unique business identifier for this treatment line","definition":"Unique business identifier for this treatment line","min":0,"max":"*","type":[{"code":"Identifier"}]},{"id":"BeMedicationRecord.summary.treatmentLine.details","path":"BeMedicationRecord.summary.treatmentLine.details","short":"The details of the medication","definition":"The details of the medication","min":0,"max":"1","type":[{"code":"BackboneElement"}]},{"id":"BeMedicationRecord.summary.treatmentLine.details.dosage","path":"BeMedicationRecord.summary.treatmentLine.details.dosage","short":"The medication dosage","definition":"The medication dosage","min":0,"max":"1","type":[{"code":"Dosage"}]},{"id":"BeMedicationRecord.summary.treatmentLine.details.status","path":"BeMedicationRecord.summary.treatmentLine.details.status","short":"The medication status","definition":"The medication status","min":1,"max":"1","type":[{"code":"code"}]},{"id":"BeMedicationRecord.summary.treatmentLine.details.type","path":"BeMedicationRecord.summary.treatmentLine.details.type","short":"The type of medication - OTC, hospital, or other","definition":"The type of medication - OTC, hospital, or other","min":0,"max":"1","type":[{"code":"code"}]},{"id":"BeMedicationRecord.summary.treatmentLine.details.indication","path":"BeMedicationRecord.summary.treatmentLine.details.indication","short":"The indication(s) for which this medication is taken","definition":"The indication(s) for which this medication is taken","min":0,"max":"*","type":[{"code":"CodeableReference"}]},{"id":"BeMedicationRecord.summary.treatmentLine.details.medication","path":"BeMedicationRecord.summary.treatmentLine.details.medication","short":"The medication that is planned or taken","definition":"The medication that is planned or taken","min":1,"max":"*","type":[{"code":"BackboneElement"}]},{"id":"BeMedicationRecord.summary.treatmentLine.details.medication.reference","path":"BeMedicationRecord.summary.treatmentLine.details.medication.reference","short":"A reference to a medication description","definition":"A reference to a medication description","min":0,"max":"1","type":[{"code":"Reference"}]},{"id":"BeMedicationRecord.summary.treatmentLine.details.medication.code","path":"BeMedicationRecord.summary.treatmentLine.details.medication.code","short":"The code of the medication","definition":"The code of the medication","min":0,"max":"1","type":[{"code":"CodeableConcept"}]},{"id":"BeMedicationRecord.summary.treatmentLine.details.medication.class","path":"BeMedicationRecord.summary.treatmentLine.details.medication.class","short":"The class of the medication e.g. ATC","definition":"The class of the medication e.g. ATC","min":0,"max":"*","type":[{"code":"CodeableConcept"}]},{"id":"BeMedicationRecord.historyDetails","path":"BeMedicationRecord.historyDetails","short":"The details about the medication history","definition":"The details about the medication history","min":0,"max":"1","type":[{"code":"BackboneElement"}]},{"id":"BeMedicationRecord.historyDetails.orders","path":"BeMedicationRecord.historyDetails.orders","short":"History of orders and order changes for the medication","definition":"History of orders and order changes for the medication","min":0,"max":"*","type":[{"code":"Reference"}]},{"id":"BeMedicationRecord.historyDetails.dispenses","path":"BeMedicationRecord.historyDetails.dispenses","short":"History of dispenses of the medication","definition":"History of dispenses of the medication","min":0,"max":"*","type":[{"code":"Reference"}]},{"id":"BeMedicationRecord.historyDetails.administrations","path":"BeMedicationRecord.historyDetails.administrations","short":"History of administrations of the medication","definition":"History of administrations of the medication","min":0,"max":"*","type":[{"code":"Reference"}]},{"id":"BeMedicationRecord.historyDetails.adverseEvents","path":"BeMedicationRecord.historyDetails.adverseEvents","short":"History of adverse events","definition":"History of adverse events","min":0,"max":"*","type":[{"code":"Reference"}]},{"id":"BeMedicationRecord.medicationAllergyIntolerance","path":"BeMedicationRecord.medicationAllergyIntolerance","short":"Known Allergies to medication","definition":"Known Allergies to medication","min":0,"max":"*","type":[{"code":"Reference"}]}]}}