{
  "codeSystems" : [
    {
      "url" : "http://snomed.info/sct",
      "version" : null,
      "status" : "active",
      "name" : "SNOMED_CT",
      "title" : "SNOMED CT (all versions)",
      "description" : "SNOMED CT is the most comprehensive and precise clinical health terminology product in the world, owned and distributed around the world by The International Health Terminology Standards Development Organisation (IHTSDO).",
      "oids" : ["2.16.840.1.113883.6.96"],
      "uses" : {
      },
      "ValueSet-medication-exposure-category-vs.html" : "Medication exposure intent",
      "http://hl7.org/fhir/R4/valueset-medication-codes.html" : "SNOMED CT Medication Codes"
    },
    {
      "url" : "https://www.ehealth.fgov.be/standards/fhir/core/CodeSystem/cd-hcparty",
      "version" : "2.0.0",
      "status" : "active",
      "name" : "HCParty",
      "title" : null,
      "description" : "healthcare party in Belgium.",
      "uses" : {
      },
      "ValueSet-be-vs-dispenser-types.html" : "Dispenser Types"
    },
    {
      "url" : "https://www.ehealth.fgov.be/standards/fhir/medication/CodeSystem/medication-exposuretype",
      "version" : "1.0.1",
      "status" : "draft",
      "name" : "BEMLMExposureType",
      "title" : "Medication exposure purpose",
      "description" : "Medication exposure purpose",
      "uses" : {
      },
      "ValueSet-medication-exposuretype-vs.html" : "Medication exposure purpose"
    },
    {
      "url" : "https://www.ehealth.fgov.be/standards/fhir/medication/CodeSystem/medication-type",
      "version" : "1.0.1",
      "status" : "draft",
      "name" : "BEMLMedicationType",
      "title" : "Medication preparation Type",
      "description" : "Medication preparation type",
      "uses" : {
      },
      "ValueSet-medication-type-vs.html" : "Medication preparation Type value set"
    }
  ]
}
