<?xml version="1.0" encoding="UTF-8"?>

<CodeSystem xmlns="http://hl7.org/fhir">
  <id value="cd-hcparty"/>
  <text>
    <status value="extensions"/><div xmlns="http://www.w3.org/1999/xhtml"><p>This code system https://www.ehealth.fgov.be/standards/fhir/CodeSystem/cd-hcparty defines the following codes:</p><table class="codes"><tr><td style="white-space:nowrap"><b>Code</b></td><td><b>Display</b></td><td><b>Deprecated</b></td></tr><tr><td style="white-space:nowrap">deptanatomopathology<a name="cd-hcparty-deptanatomopathology"> </a></td><td>anatomopathology</td><td/></tr><tr><td style="white-space:nowrap">deptanesthesiology<a name="cd-hcparty-deptanesthesiology"> </a></td><td>anesthesiology</td><td/></tr><tr><td style="white-space:nowrap">deptbacteriology<a name="cd-hcparty-deptbacteriology"> </a></td><td>bacteriology</td><td/></tr><tr><td style="white-space:nowrap">deptcardiology<a name="cd-hcparty-deptcardiology"> </a></td><td>cardiology</td><td/></tr><tr><td style="white-space:nowrap">deptdermatology<a name="cd-hcparty-deptdermatology"> </a></td><td>dermatology</td><td/></tr><tr><td style="white-space:nowrap">deptdietetics<a name="cd-hcparty-deptdietetics"> </a></td><td>dietetics</td><td/></tr><tr><td style="white-space:nowrap">deptemergency<a name="cd-hcparty-deptemergency"> </a></td><td>emergency</td><td/></tr><tr><td style="white-space:nowrap">deptgastroenterology<a name="cd-hcparty-deptgastroenterology"> </a></td><td>gastroenterology</td><td/></tr><tr><td style="white-space:nowrap">deptgeneralpractice<a name="cd-hcparty-deptgeneralpractice"> </a></td><td>general practice</td><td/></tr><tr><td style="white-space:nowrap">deptgenetics<a name="cd-hcparty-deptgenetics"> </a></td><td>genetics</td><td/></tr><tr><td style="white-space:nowrap">deptgeriatry<a name="cd-hcparty-deptgeriatry"> </a></td><td>geriatry</td><td/></tr><tr><td style="white-space:nowrap">deptgynecology<a name="cd-hcparty-deptgynecology"> </a></td><td>gynecology</td><td/></tr><tr><td style="white-space:nowrap">depthematology<a name="cd-hcparty-depthematology"> </a></td><td>hematology</td><td/></tr><tr><td style="white-space:nowrap">deptintensivecare<a name="cd-hcparty-deptintensivecare"> </a></td><td>intensive care</td><td/></tr><tr><td style="white-space:nowrap">deptkinesitherapy<a name="cd-hcparty-deptkinesitherapy"> </a></td><td>kinesitherapy</td><td/></tr><tr><td style="white-space:nowrap">deptlaboratory<a name="cd-hcparty-deptlaboratory"> </a></td><td>Laboratory service or department within an organisation</td><td/></tr><tr><td style="white-space:nowrap">deptmedicine<a name="cd-hcparty-deptmedicine"> </a></td><td>internal medecine</td><td/></tr><tr><td style="white-space:nowrap">deptmolecularbiology<a name="cd-hcparty-deptmolecularbiology"> </a></td><td>molecular biology</td><td/></tr><tr><td style="white-space:nowrap">deptneonatalogy<a name="cd-hcparty-deptneonatalogy"> </a></td><td>neonatalogy</td><td/></tr><tr><td style="white-space:nowrap">deptnephrology<a name="cd-hcparty-deptnephrology"> </a></td><td>nephrology</td><td/></tr><tr><td style="white-space:nowrap">deptneurology<a name="cd-hcparty-deptneurology"> </a></td><td>neurology</td><td/></tr><tr><td style="white-space:nowrap">deptnte<a name="cd-hcparty-deptnte"> </a></td><td>nose-throat-ear</td><td/></tr><tr><td style="white-space:nowrap">deptnuclear<a name="cd-hcparty-deptnuclear"> </a></td><td>nuclear</td><td/></tr><tr><td style="white-space:nowrap">deptoncology<a name="cd-hcparty-deptoncology"> </a></td><td>oncology</td><td/></tr><tr><td style="white-space:nowrap">deptophtalmology<a name="cd-hcparty-deptophtalmology"> </a></td><td>ophtalmology</td><td/></tr><tr><td style="white-space:nowrap">deptpediatry<a name="cd-hcparty-deptpediatry"> </a></td><td>pediatry</td><td/></tr><tr><td style="white-space:nowrap">deptpharmacy<a name="cd-hcparty-deptpharmacy"> </a></td><td>Pharmacy service or department within an organisation</td><td/></tr><tr><td style="white-space:nowrap">deptphysiotherapy<a name="cd-hcparty-deptphysiotherapy"> </a></td><td>physiotherapy</td><td/></tr><tr><td style="white-space:nowrap">deptpneumology<a name="cd-hcparty-deptpneumology"> </a></td><td>pneumology</td><td/></tr><tr><td style="white-space:nowrap">deptpsychiatry<a name="cd-hcparty-deptpsychiatry"> </a></td><td>psychiatry</td><td/></tr><tr><td style="white-space:nowrap">deptradiology<a name="cd-hcparty-deptradiology"> </a></td><td>radiology</td><td/></tr><tr><td style="white-space:nowrap">deptradiotherapy<a name="cd-hcparty-deptradiotherapy"> </a></td><td>radiotherapy</td><td/></tr><tr><td style="white-space:nowrap">deptstomatology<a name="cd-hcparty-deptstomatology"> </a></td><td>stomatology</td><td/></tr><tr><td style="white-space:nowrap">deptsurgery<a name="cd-hcparty-deptsurgery"> </a></td><td>surgery</td><td/></tr><tr><td style="white-space:nowrap">depttoxicology<a name="cd-hcparty-depttoxicology"> </a></td><td>toxicology</td><td/></tr><tr><td style="white-space:nowrap">depturology<a name="cd-hcparty-depturology"> </a></td><td>urology</td><td/></tr><tr><td style="white-space:nowrap">orghospital<a name="cd-hcparty-orghospital"> </a></td><td>hospital</td><td/></tr><tr><td style="white-space:nowrap">orginsurance<a name="cd-hcparty-orginsurance"> </a></td><td>insurance</td><td/></tr><tr><td style="white-space:nowrap">orglaboratory<a name="cd-hcparty-orglaboratory"> </a></td><td>Independent laboratory</td><td/></tr><tr><td style="white-space:nowrap">orgpublichealth<a name="cd-hcparty-orgpublichealth"> </a></td><td>public health organisation</td><td/></tr><tr><td style="white-space:nowrap">persbiologist<a name="cd-hcparty-persbiologist"> </a></td><td>medical laboratory technician</td><td/></tr><tr><td style="white-space:nowrap">persdentist<a name="cd-hcparty-persdentist"> </a></td><td>dentist</td><td/></tr><tr><td style="white-space:nowrap">persnurse<a name="cd-hcparty-persnurse"> </a></td><td>nurse</td><td/></tr><tr><td style="white-space:nowrap">persparamedical<a name="cd-hcparty-persparamedical"> </a></td><td>paramedical</td><td/></tr><tr><td style="white-space:nowrap">perspharmacist<a name="cd-hcparty-perspharmacist"> </a></td><td>pharmacist</td><td/></tr><tr><td style="white-space:nowrap">persphysician<a name="cd-hcparty-persphysician"> </a></td><td>physician</td><td/></tr><tr><td style="white-space:nowrap">perssocialworker<a name="cd-hcparty-perssocialworker"> </a></td><td>social worker</td><td/></tr><tr><td style="white-space:nowrap">perstechnician<a name="cd-hcparty-perstechnician"> </a></td><td>Medical Imaging Technician</td><td/></tr><tr><td style="white-space:nowrap">persadministrative<a name="cd-hcparty-persadministrative"> </a></td><td>administrative</td><td/></tr><tr><td style="white-space:nowrap">persmidwife<a name="cd-hcparty-persmidwife"> </a></td><td>midwife</td><td/></tr><tr><td style="white-space:nowrap">application<a name="cd-hcparty-application"> </a></td><td>software application</td><td/></tr><tr><td style="white-space:nowrap">deptorthopedy<a name="cd-hcparty-deptorthopedy"> </a></td><td>orthopedy</td><td/></tr><tr><td style="white-space:nowrap">orgpractice<a name="cd-hcparty-orgpractice"> </a></td><td>practice organisation</td><td/></tr><tr><td style="white-space:nowrap">orgpharmacy<a name="cd-hcparty-orgpharmacy"> </a></td><td>Independent pharmacy</td><td/></tr><tr><td style="white-space:nowrap">deptalgology<a name="cd-hcparty-deptalgology"> </a></td><td>algology</td><td/></tr><tr><td style="white-space:nowrap">deptcardiacsurgery<a name="cd-hcparty-deptcardiacsurgery"> </a></td><td>cardiac surgery</td><td/></tr><tr><td style="white-space:nowrap">depthandsurgery<a name="cd-hcparty-depthandsurgery"> </a></td><td>hand surgery</td><td/></tr><tr><td style="white-space:nowrap">deptmaxillofacialsurgery<a name="cd-hcparty-deptmaxillofacialsurgery"> </a></td><td>maxillofacial surgery</td><td/></tr><tr><td style="white-space:nowrap">deptpediatricsurgery<a name="cd-hcparty-deptpediatricsurgery"> </a></td><td>pediatric surgery</td><td/></tr><tr><td style="white-space:nowrap">deptplasticandreparatorysurgery<a name="cd-hcparty-deptplasticandreparatorysurgery"> </a></td><td>plastic and reparatory surgery</td><td/></tr><tr><td style="white-space:nowrap">deptthoracicsurgery<a name="cd-hcparty-deptthoracicsurgery"> </a></td><td>thoracic surgery</td><td/></tr><tr><td style="white-space:nowrap">deptvascularsurgery<a name="cd-hcparty-deptvascularsurgery"> </a></td><td>vascular surgery</td><td/></tr><tr><td style="white-space:nowrap">deptvisceraldigestiveabdominalsurgery<a name="cd-hcparty-deptvisceraldigestiveabdominalsurgery"> </a></td><td>visceral digestive abdominal surgery</td><td/></tr><tr><td style="white-space:nowrap">deptdentistry<a name="cd-hcparty-deptdentistry"> </a></td><td>dentistry</td><td/></tr><tr><td style="white-space:nowrap">deptdiabetology<a name="cd-hcparty-deptdiabetology"> </a></td><td>diabetology</td><td/></tr><tr><td style="white-space:nowrap">deptendocrinology<a name="cd-hcparty-deptendocrinology"> </a></td><td>endocrinology</td><td/></tr><tr><td style="white-space:nowrap">deptoccupationaltherapy<a name="cd-hcparty-deptoccupationaltherapy"> </a></td><td>occupational therapy</td><td/></tr><tr><td style="white-space:nowrap">deptmajorburns<a name="cd-hcparty-deptmajorburns"> </a></td><td>major burns</td><td/></tr><tr><td style="white-space:nowrap">deptinfectiousdisease<a name="cd-hcparty-deptinfectiousdisease"> </a></td><td>infectious disease</td><td/></tr><tr><td style="white-space:nowrap">deptspeechtherapy<a name="cd-hcparty-deptspeechtherapy"> </a></td><td>speech therapy</td><td/></tr><tr><td style="white-space:nowrap">deptsportsmedecine<a name="cd-hcparty-deptsportsmedecine"> </a></td><td>sports medecine</td><td/></tr><tr><td style="white-space:nowrap">deptphysicalmedecine<a name="cd-hcparty-deptphysicalmedecine"> </a></td><td>physical medecine</td><td/></tr><tr><td style="white-space:nowrap">depttropicalmedecine<a name="cd-hcparty-depttropicalmedecine"> </a></td><td>tropical medecine</td><td/></tr><tr><td style="white-space:nowrap">deptneurosurgery<a name="cd-hcparty-deptneurosurgery"> </a></td><td>neuro surgery</td><td/></tr><tr><td style="white-space:nowrap">deptnutritiondietetics<a name="cd-hcparty-deptnutritiondietetics"> </a></td><td>nutrition dietetics</td><td/></tr><tr><td style="white-space:nowrap">deptobstetrics<a name="cd-hcparty-deptobstetrics"> </a></td><td>obstetrics</td><td/></tr><tr><td style="white-space:nowrap">deptchildandadolescentpsychiatry<a name="cd-hcparty-deptchildandadolescentpsychiatry"> </a></td><td>child and adolescent psychiatry</td><td/></tr><tr><td style="white-space:nowrap">deptpodiatry<a name="cd-hcparty-deptpodiatry"> </a></td><td>podiatry</td><td/></tr><tr><td style="white-space:nowrap">deptpsychology<a name="cd-hcparty-deptpsychology"> </a></td><td>psychology</td><td/></tr><tr><td style="white-space:nowrap">deptrevalidation<a name="cd-hcparty-deptrevalidation"> </a></td><td>revalidation</td><td/></tr><tr><td style="white-space:nowrap">deptsenology<a name="cd-hcparty-deptsenology"> </a></td><td>senology</td><td/></tr><tr><td style="white-space:nowrap">deptsocialservice<a name="cd-hcparty-deptsocialservice"> </a></td><td>social service</td><td/></tr><tr><td style="white-space:nowrap">deptpediatricintensivecare<a name="cd-hcparty-deptpediatricintensivecare"> </a></td><td>pediatric intensive care</td><td/></tr><tr><td style="white-space:nowrap">deptpalliativecare<a name="cd-hcparty-deptpalliativecare"> </a></td><td>palliative care</td><td/></tr><tr><td style="white-space:nowrap">deptrheumatology<a name="cd-hcparty-deptrheumatology"> </a></td><td>rheumatology</td><td/></tr><tr><td style="white-space:nowrap">persambulancefirstaid<a name="cd-hcparty-persambulancefirstaid"> </a></td><td>ambulance first aid</td><td/></tr><tr><td style="white-space:nowrap">persaudician<a name="cd-hcparty-persaudician"> </a></td><td>audician</td><td/></tr><tr><td style="white-space:nowrap">persaudiologist<a name="cd-hcparty-persaudiologist"> </a></td><td>audiologist</td><td/></tr><tr><td style="white-space:nowrap">perscaregiver<a name="cd-hcparty-perscaregiver"> </a></td><td>caregiver</td><td>Deprecated</td></tr><tr><td style="white-space:nowrap">persdietician<a name="cd-hcparty-persdietician"> </a></td><td>dietician</td><td/></tr><tr><td style="white-space:nowrap">perseducator<a name="cd-hcparty-perseducator"> </a></td><td>educator</td><td/></tr><tr><td style="white-space:nowrap">perslogopedist<a name="cd-hcparty-perslogopedist"> </a></td><td>logopedist</td><td/></tr><tr><td style="white-space:nowrap">persoccupationaltherapist<a name="cd-hcparty-persoccupationaltherapist"> </a></td><td>occupational therapist</td><td/></tr><tr><td style="white-space:nowrap">persorthoptist<a name="cd-hcparty-persorthoptist"> </a></td><td>orthoptist</td><td/></tr><tr><td style="white-space:nowrap">persoptician<a name="cd-hcparty-persoptician"> </a></td><td>optician</td><td/></tr><tr><td style="white-space:nowrap">perspharmacyassistant<a name="cd-hcparty-perspharmacyassistant"> </a></td><td>pharmacy assistant</td><td/></tr><tr><td style="white-space:nowrap">persphysiotherapist<a name="cd-hcparty-persphysiotherapist"> </a></td><td>physiotherapist</td><td/></tr><tr><td style="white-space:nowrap">perspodologist<a name="cd-hcparty-perspodologist"> </a></td><td>podologist</td><td/></tr><tr><td style="white-space:nowrap">perspracticalnurse<a name="cd-hcparty-perspracticalnurse"> </a></td><td>practical nurse</td><td/></tr><tr><td style="white-space:nowrap">perspsychologist<a name="cd-hcparty-perspsychologist"> </a></td><td>psychologist</td><td/></tr><tr><td style="white-space:nowrap">orgprimaryhealthcarecenter<a name="cd-hcparty-orgprimaryhealthcarecenter"> </a></td><td>primary health care center</td><td/></tr><tr><td style="white-space:nowrap">guardpost<a name="cd-hcparty-guardpost"> </a></td><td>Guard post</td><td/></tr><tr><td style="white-space:nowrap">groupofphysicianssameaddress<a name="cd-hcparty-groupofphysicianssameaddress"> </a></td><td>Group of physicians same address</td><td/></tr><tr><td style="white-space:nowrap">groupofphysiciansdifferentaddress<a name="cd-hcparty-groupofphysiciansdifferentaddress"> </a></td><td>Group of physicians different address</td><td/></tr><tr><td style="white-space:nowrap">groupofnurses<a name="cd-hcparty-groupofnurses"> </a></td><td>Group of nurses</td><td/></tr><tr><td style="white-space:nowrap">certificateholder<a name="cd-hcparty-certificateholder"> </a></td><td>Certificate holder</td><td/></tr><tr><td style="white-space:nowrap">perstrussmaker<a name="cd-hcparty-perstrussmaker"> </a></td><td>Truss maker</td><td/></tr><tr><td style="white-space:nowrap">patient<a name="cd-hcparty-patient"> </a></td><td>Patient</td><td/></tr><tr><td style="white-space:nowrap">persorthotist<a name="cd-hcparty-persorthotist"> </a></td><td>Orthotist</td><td/></tr><tr><td style="white-space:nowrap">perspatientdriver<a name="cd-hcparty-perspatientdriver"> </a></td><td>Patient driver (not urgent)</td><td/></tr><tr><td style="white-space:nowrap">orgprevention<a name="cd-hcparty-orgprevention"> </a></td><td>Prevention organisation</td><td/></tr><tr><td style="white-space:nowrap">perspharmacistclinicalbiologist<a name="cd-hcparty-perspharmacistclinicalbiologist"> </a></td><td>pharmacist-clinical biologist</td><td/></tr><tr><td style="white-space:nowrap">hub<a name="cd-hcparty-hub"> </a></td><td>hub</td><td/></tr><tr><td style="white-space:nowrap">deptnursing<a name="cd-hcparty-deptnursing"> </a></td><td>nursing</td><td/></tr><tr><td style="white-space:nowrap">persoraldentalhygienist<a name="cd-hcparty-persoraldentalhygienist"> </a></td><td>Oral dental hygienist</td><td/></tr><tr><td style="white-space:nowrap">persclinicalpsychologist<a name="cd-hcparty-persclinicalpsychologist"> </a></td><td>Clinical psychologist</td><td/></tr><tr><td style="white-space:nowrap">persclinicalorthopedagogist<a name="cd-hcparty-persclinicalorthopedagogist"> </a></td><td>Clinical orthopedagogist</td><td/></tr><tr><td style="white-space:nowrap">orgretirementhome<a name="cd-hcparty-orgretirementhome"> </a></td><td>retirementhome</td><td/></tr><tr><td style="white-space:nowrap">orgrevalidationcenter<a name="cd-hcparty-orgrevalidationcenter"> </a></td><td>revalidation center</td><td/></tr><tr><td style="white-space:nowrap">orgshelteredliving<a name="cd-hcparty-orgshelteredliving"> </a></td><td>sheltered living</td><td/></tr><tr><td style="white-space:nowrap">orgpsychiatriccarehome<a name="cd-hcparty-orgpsychiatriccarehome"> </a></td><td>psychiatric care home</td><td/></tr><tr><td style="white-space:nowrap">orgpolyclinic<a name="cd-hcparty-orgpolyclinic"> </a></td><td>polyclinic</td><td/></tr></table><p><b>Additional Language Displays</b></p><table class="codes"><tr><td><b>Code</b></td><td><b>Deutsch (German, de)</b></td><td><b>English (English, en)</b></td><td><b>French (Belgium) (fr)</b></td><td><b>Nederlands (België) (Dutch (Belgium), nl)</b></td></tr><tr><td>deptanatomopathology</td><td>pathologische Anatomie</td><td>anatomopathology</td><td>anatomopathologie</td><td>anatomo-pathologie</td></tr><tr><td>deptanesthesiology</td><td>Anästhesiologe</td><td>anesthesiology</td><td>anesthésiologie</td><td>anesthesiologie</td></tr><tr><td>deptbacteriology</td><td>Bakteriologie</td><td>bacteriology</td><td>bactériologie</td><td>bacteriologie</td></tr><tr><td>deptcardiology</td><td>Kardiologie</td><td>cardiology</td><td>cardiologie</td><td>cardiologie</td></tr><tr><td>deptdermatology</td><td>Dermatologie</td><td>dermatology</td><td>dermatologie</td><td>dermatologie</td></tr><tr><td>deptdietetics</td><td>Diätetik</td><td>dietetics</td><td>diététique</td><td>diëtetiek</td></tr><tr><td>deptemergency</td><td>Notfalldienst</td><td>emergency</td><td>services d'urgence</td><td>spoeddiensten</td></tr><tr><td>deptgastroenterology</td><td>Gastroenterologie</td><td>gastroenterology</td><td>gastroentérologie</td><td>gastro-enterologie</td></tr><tr><td>deptgeneralpractice</td><td>Allgemeinmedizin</td><td>general practice</td><td>médecine générale</td><td>algemene geneeskunde</td></tr><tr><td>deptgenetics</td><td>Genetik</td><td>genetics</td><td>génétique</td><td>genetica</td></tr><tr><td>deptgeriatry</td><td>Geriatrie</td><td>geriatry</td><td>gériatrie</td><td>geriatrie</td></tr><tr><td>deptgynecology</td><td>Gynäkologie</td><td>gynecology</td><td>gynécologie</td><td>gynaecologie</td></tr><tr><td>depthematology</td><td>Hämatologie</td><td>hematology</td><td>hématologie</td><td>hematologie</td></tr><tr><td>deptintensivecare</td><td>Intensivmedizin</td><td>intensive care</td><td>soins intensifs</td><td>intensieve zorgen</td></tr><tr><td>deptkinesitherapy</td><td>Bewegungstherapie</td><td>kinesitherapy</td><td>kinésithérapie</td><td>kinesitherapie</td></tr><tr><td>deptlaboratory</td><td>Laboratorium Dienst/Abteilung in einer Organisation</td><td>Laboratory service or department within an organisation</td><td>Service / Département laboratoire au sein d'une organisation</td><td>Laboratoriumdienst of -afdeling binnen een organisatie</td></tr><tr><td>deptmedicine</td><td>Innere Medizin</td><td>internal medecine</td><td>médicine interne</td><td>interne geneeskunde</td></tr><tr><td>deptmolecularbiology</td><td>Molekularbiologie</td><td>molecular biology</td><td>biologie moléculaire</td><td>moleculaire biologie</td></tr><tr><td>deptneonatalogy</td><td>Neonatologie</td><td>neonatalogy</td><td>néonatologie</td><td>neonatologie</td></tr><tr><td>deptnephrology</td><td>Nephrologie</td><td>nephrology</td><td>néphrologie</td><td>nefrologie</td></tr><tr><td>deptneurology</td><td>Neurologie</td><td>neurology</td><td>neurologie</td><td>neurologie</td></tr><tr><td>deptnte</td><td>Otorhinolaryngologie</td><td>nose-throat-ear</td><td>oto-rhino-laryngologie</td><td>oto-rhino-laryngologie</td></tr><tr><td>deptnuclear</td><td>Nuklearmedizin</td><td>nuclear</td><td>médecine nucléaire</td><td>nucleaire geneeskunde</td></tr><tr><td>deptoncology</td><td>Onkologie</td><td>oncology</td><td>oncologie</td><td>oncologie</td></tr><tr><td>deptophtalmology</td><td>Augenheilkunde</td><td>ophtalmology</td><td>ophtalmologie</td><td>oftalmologie</td></tr><tr><td>deptpediatry</td><td>Pädiatrie</td><td>pediatry</td><td>pédiatrie</td><td>pediatrie</td></tr><tr><td>deptpharmacy</td><td>Pharmazie Dienst/Abteilung in einer Organisation</td><td>Pharmacy service or department within an organisation</td><td>Service / Département pharmacie au sein d'une organisation</td><td>Apotheekdienst of -afdeling binnen een organisatie</td></tr><tr><td>deptphysiotherapy</td><td>Physiotherapie</td><td>physiotherapy</td><td>physiothérapie</td><td>fysiotherapie</td></tr><tr><td>deptpneumology</td><td>Pulmonologie</td><td>pneumology</td><td>pneumologie</td><td>pulmonologie</td></tr><tr><td>deptpsychiatry</td><td>Psychiatrie</td><td>psychiatry</td><td>psychiatrie</td><td>psychiatrie</td></tr><tr><td>deptradiology</td><td>Radiologie</td><td>radiology</td><td>radiologie</td><td>radiologie</td></tr><tr><td>deptradiotherapy</td><td>Strahlentherapie</td><td>radiotherapy</td><td>radiothérapie</td><td>radiotherapie</td></tr><tr><td>deptstomatology</td><td>Stomatologie</td><td>stomatology</td><td>stomatologie</td><td>stomatologie</td></tr><tr><td>deptsurgery</td><td>Chirurgie</td><td>surgery</td><td>chirurgie</td><td>chirurgie</td></tr><tr><td>depttoxicology</td><td>Toxikologie</td><td>toxicology</td><td>toxicologie</td><td>toxicologie</td></tr><tr><td>depturology</td><td>Urologie</td><td>urology</td><td>urologie</td><td>urologie</td></tr><tr><td>orghospital</td><td>Krankenhaus</td><td>hospital</td><td>hôpital</td><td>ziekenhuis</td></tr><tr><td>orginsurance</td><td>Versicherung</td><td>insurance</td><td>assurance</td><td>verzekering</td></tr><tr><td>orglaboratory</td><td>Unabhängiges Laboratorium</td><td>Independent laboratory</td><td>laboratoire indépendant</td><td>Onafhankelijk laboratorium</td></tr><tr><td>orgpublichealth</td><td>Gesundheitsbehörde</td><td>public health organisation</td><td>service public de santé</td><td>openbare gezondheidsdienst</td></tr><tr><td>persbiologist</td><td>medizinischer Labortechniker</td><td>medical laboratory technician</td><td>technicien de laboratoire médical</td><td>medisch laboratoriumtechnoloog</td></tr><tr><td>persdentist</td><td>Zahnarzt</td><td>dentist</td><td>dentiste</td><td>tandarts</td></tr><tr><td>persnurse</td><td>Krankenpfleger/in</td><td>nurse</td><td>infirmier</td><td>verpleegkundige</td></tr><tr><td>persparamedical</td><td>medizinisches Hilfspersonal</td><td>paramedical</td><td>personnel paramédical</td><td>paramedisch personeel</td></tr><tr><td>perspharmacist</td><td>Apotheker</td><td>pharmacist</td><td>pharmacien</td><td>apotheker</td></tr><tr><td>persphysician</td><td>Arzt</td><td>physician</td><td>médecin</td><td>arts</td></tr><tr><td>perssocialworker</td><td>Sozialarbeiter</td><td>social worker</td><td>travailleur social</td><td>maatschappelijk werker</td></tr><tr><td>perstechnician</td><td>medizinische Bildgebung Techniker</td><td>Medical Imaging Technician</td><td>Technicien d'imagerie médicale</td><td>Technicus medische beeldvorming</td></tr><tr><td>persadministrative</td><td>Büroangestellte(r)</td><td>administrative</td><td>personnel admistratif</td><td>administratieve medewerker</td></tr><tr><td>persmidwife</td><td>Hebamme</td><td>midwife</td><td>sage-femme</td><td>vroedvrouw</td></tr><tr><td>application</td><td>Softwareapplikation</td><td>software application</td><td>application logicielle</td><td>softwaretoepassing</td></tr><tr><td>deptorthopedy</td><td>Orthopädie</td><td>orthopedy</td><td>orthopédie</td><td>orthopedie</td></tr><tr><td>orgpractice</td><td>Praxis</td><td>practice organisation</td><td>cabinet</td><td>praktijk</td></tr><tr><td>orgpharmacy</td><td>Unabhängige Apotheke</td><td>Independent pharmacy</td><td>Pharmacie indépendante</td><td>Onafhankelijke apotheek</td></tr><tr><td>deptalgology</td><td>Algologie</td><td>algology</td><td>algologie</td><td>algologie</td></tr><tr><td>deptcardiacsurgery</td><td>Herzchirurgie</td><td>cardiac surgery</td><td>chirurgie cardiaque</td><td>hartchirurgie</td></tr><tr><td>depthandsurgery</td><td>Handchirurgie</td><td>hand surgery</td><td>chirurgie de la main</td><td>handchirurgie</td></tr><tr><td>deptmaxillofacialsurgery</td><td>Mund-Kiefer-Gesichtschirurgie</td><td>maxillofacial surgery</td><td>chirurgie maxillofaciale</td><td>mond-, kaak- en aangezichtschirurgie</td></tr><tr><td>deptpediatricsurgery</td><td>Kinderchirurgie</td><td>pediatric surgery</td><td>chirurgie pédiatrique</td><td>kinderchirurgie</td></tr><tr><td>deptplasticandreparatorysurgery</td><td>plastische Chirurgie und Reparaturchirurgie</td><td>plastic and reparatory surgery</td><td>chirurgie esthétique et réparatrice</td><td>plastische en reconstructieve chirurgie</td></tr><tr><td>deptthoracicsurgery</td><td>Thoraxchirurgie</td><td>thoracic surgery</td><td>chirurgie thoracique</td><td>thoraxchirurgie</td></tr><tr><td>deptvascularsurgery</td><td>Vaskuläre Chirurgie</td><td>vascular surgery</td><td>chirurgie vasculaire</td><td>vasculaire chirurgie</td></tr><tr><td>deptvisceraldigestiveabdominalsurgery</td><td>Viszeralchirurgie/Abdominalchirurgie/Bauchchirurgie</td><td>visceral digestive abdominal surgery</td><td>chirurgie abdominale, digestive et viscérale</td><td>digestieve/viscerale chirurgie/buikchirurgie</td></tr><tr><td>deptdentistry</td><td>Zahnheilkunde</td><td>dentistry</td><td>dentisterie</td><td>tandheelkunde</td></tr><tr><td>deptdiabetology</td><td>Diabetologie</td><td>diabetology</td><td>diabétologie</td><td>diabetologie</td></tr><tr><td>deptendocrinology</td><td>Endokrinologie</td><td>endocrinology</td><td>endocrinologie</td><td>endocrinologie/hormonenleer</td></tr><tr><td>deptoccupationaltherapy</td><td>Ergotherapie</td><td>occupational therapy</td><td>ergothérapie</td><td>ergotherapie</td></tr><tr><td>deptmajorburns</td><td>Zentrum für Schwerbrandverletzte</td><td>major burns</td><td>grands brûlés</td><td>brandwondencentrum</td></tr><tr><td>deptinfectiousdisease</td><td>Infektionskrankheit</td><td>infectious disease</td><td>maladie infectieuse</td><td>infectieziekte</td></tr><tr><td>deptspeechtherapy</td><td>Sprachtherapie</td><td>speech therapy</td><td>logopédie</td><td>logopedie</td></tr><tr><td>deptsportsmedecine</td><td>Sportmedizin</td><td>sports medecine</td><td>médecine des sports</td><td>sportgeneeskunde</td></tr><tr><td>deptphysicalmedecine</td><td>physikalische Medizin</td><td>physical medecine</td><td>médecine physique</td><td>fysische geneeskunde</td></tr><tr><td>depttropicalmedecine</td><td>Tropenmedizin</td><td>tropical medecine</td><td>médecine tropicale</td><td>tropische geneeskunde</td></tr><tr><td>deptneurosurgery</td><td>Neurologie</td><td>neuro surgery</td><td>neurologie</td><td>neurologie</td></tr><tr><td>deptnutritiondietetics</td><td>Diätetik</td><td>nutrition dietetics</td><td>diététique nutritionnelle</td><td>diëtetiek</td></tr><tr><td>deptobstetrics</td><td>Geburtshilfe</td><td>obstetrics</td><td>obstétrique</td><td>verloskunde</td></tr><tr><td>deptchildandadolescentpsychiatry</td><td>Kinder-und Jugendpsychologie</td><td>child and adolescent psychiatry</td><td>psychiatrie de l'enfant et de l'adolescent</td><td>kinder- en jeugdpsychiatrie</td></tr><tr><td>deptpodiatry</td><td>Podiatrie</td><td>podiatry</td><td>podiatrie</td><td>podiatrie</td></tr><tr><td>deptpsychology</td><td>Psychologie</td><td>psychology</td><td>psychologie</td><td>psychologie</td></tr><tr><td>deptrevalidation</td><td>Rehabilitation</td><td>revalidation</td><td>rééducation</td><td>revalidatie</td></tr><tr><td>deptsenology</td><td>Senologie</td><td>senology</td><td>sénologie</td><td>senologie</td></tr><tr><td>deptsocialservice</td><td>Sozialdienst</td><td>social service</td><td>service social</td><td>sociale dienst</td></tr><tr><td>deptpediatricintensivecare</td><td>Intensivpflege für Kinder</td><td>pediatric intensive care</td><td>soins intensifs pédiatriques</td><td>intensieve zorg voor kinderen</td></tr><tr><td>deptpalliativecare</td><td>Palliativpflege</td><td>palliative care</td><td>soins palliatifs</td><td>palliatieve zorg</td></tr><tr><td>deptrheumatology</td><td>Rheumatologie</td><td>rheumatology</td><td>rhumatologie</td><td>reumatologie</td></tr><tr><td>persambulancefirstaid</td><td>Krankenwagen erste Hilfe</td><td>ambulance first aid</td><td>ambulance premier secours</td><td>ambulance eerste hulp</td></tr><tr><td>persaudician</td><td>Hörgeräteakustiker</td><td>audician</td><td>audicien</td><td>audicien</td></tr><tr><td>persaudiologist</td><td>Audiologe</td><td>audiologist</td><td>audiologue</td><td>audioloog</td></tr><tr><td>perscaregiver</td><td>Pflegeperson</td><td>caregiver</td><td>soignant informel</td><td>mantelzorger</td></tr><tr><td>persdietician</td><td>Diätist</td><td>dietician</td><td>diététicien</td><td>dietist</td></tr><tr><td>perseducator</td><td>Erzieher</td><td>educator</td><td>éducateur</td><td>opvoeder</td></tr><tr><td>perslogopedist</td><td>Logopäde</td><td>logopedist</td><td>logopède</td><td>logopedist</td></tr><tr><td>persoccupationaltherapist</td><td>Ergotherapeut</td><td>occupational therapist</td><td>ergothérapeute</td><td>ergotherapeut</td></tr><tr><td>persorthoptist</td><td>Orthoptist</td><td>orthoptist</td><td>orthoptiste</td><td>orthoptist</td></tr><tr><td>persoptician</td><td>Optiker</td><td>optician</td><td>opticien</td><td>opticien</td></tr><tr><td>perspharmacyassistant</td><td>Apothekenhelfer</td><td>pharmacy assistant</td><td>assistant en pharmacie</td><td>apothekersassistent</td></tr><tr><td>persphysiotherapist</td><td>Krankengymnast</td><td>physiotherapist</td><td>kinésithérapeute</td><td>kinesitherapeut</td></tr><tr><td>perspodologist</td><td>Podologe</td><td>podologist</td><td>podologue</td><td>podologist</td></tr><tr><td>perspracticalnurse</td><td>Pfleger</td><td>practical nurse</td><td>aide-soignante</td><td>verzorgende</td></tr><tr><td>perspsychologist</td><td>Psychologe</td><td>psychologist</td><td>psychologue</td><td>psycholoog</td></tr><tr><td>orgprimaryhealthcarecenter</td><td>Gesundheitspflege der ersten Linie</td><td>primary health care center</td><td>Maison médicale</td><td>medisch huis</td></tr><tr><td>guardpost</td><td>Wachposten</td><td>Guard post</td><td>poste de garde</td><td>wachtpost</td></tr><tr><td>groupofphysicianssameaddress</td><td>Gruppierung von Ärzten gleiche Adresse</td><td>Group of physicians same address</td><td>regroupement de médecins même adresse</td><td>groepering van artsen zelfde adres</td></tr><tr><td>groupofphysiciansdifferentaddress</td><td>Gruppierung von Ärzten andere Adresse</td><td>Group of physicians different address</td><td>Regroupement de médecins adresse différente</td><td>Groepering van artsen verschillend adres</td></tr><tr><td>groupofnurses</td><td>Krankenpflegeverein</td><td>Group of nurses</td><td>Regroupement d'infirmiers</td><td>Groepering van verplegers</td></tr><tr><td>certificateholder</td><td>Zertifikatsinhaber</td><td>Certificate holder</td><td>Titulaire du certificat</td><td>Houder van certificaat</td></tr><tr><td>perstrussmaker</td><td>Bandagist</td><td>Truss maker</td><td>Bandagiste</td><td>Bandagist</td></tr><tr><td>patient</td><td>Patient</td><td>Patient</td><td>Patient</td><td>Patient</td></tr><tr><td>persorthotist</td><td>Orthopädietechniker</td><td>Orthotist</td><td>Orthésiste/Prothésiste</td><td>Orthopedische technieker</td></tr><tr><td>perspatientdriver</td><td>Patientenfahrer (nicht dringend)</td><td>Patient driver (not urgent)</td><td>Transporteur de patient (non urgent)</td><td>Ziekenvervoerder (niet urgent)</td></tr><tr><td>orgprevention</td><td>Präventionsdienst</td><td>Prevention organisation</td><td>Service de pévention</td><td>Preventiedienst</td></tr><tr><td>perspharmacistclinicalbiologist</td><td>Apotheker-klinische Biologe</td><td>pharmacist-clinical biologist</td><td>pharmacien-biologiste clinicien</td><td>apotheker-klinisch bioloog</td></tr><tr><td>hub</td><td>hub</td><td>hub</td><td>hub</td><td>hub</td></tr><tr><td>deptnursing</td><td>Krankenpflege</td><td>nursing</td><td>soins infirmiers</td><td>verpleegkunde</td></tr><tr><td>persoraldentalhygienist</td><td>Dentalhygieniker</td><td>Oral dental hygienist</td><td>Hygiéniste bucco-dentaire</td><td>Mondhygiënist</td></tr><tr><td>persclinicalpsychologist</td><td>Klinischer Psychologe</td><td>Clinical psychologist</td><td>Psychologue clinicien</td><td>Klinisch psycholoog</td></tr><tr><td>persclinicalorthopedagogist</td><td>Klinischer Orthopädagoge</td><td>Clinical orthopedagogist</td><td>Orthopédagogue clinicien</td><td>Klinisch orthopedagoog</td></tr><tr><td>orgretirementhome</td><td>Altenheim</td><td>retirementhome</td><td>maison de repos</td><td>woonzorgcentrum</td></tr><tr><td>orgrevalidationcenter</td><td>Unfallkrankenhaus</td><td>revalidation center</td><td>centre de revalidation</td><td>revalidatiecentrum</td></tr><tr><td>orgshelteredliving</td><td>geschütztes Leben</td><td>sheltered living</td><td>initiative d’habitation protégée</td><td>initiatief voor beschut wonen</td></tr><tr><td>orgpsychiatriccarehome</td><td>psychiatrisches Pflegeheim</td><td>psychiatric care home</td><td>maison de soins psychiatriques</td><td>psychiatrische verzorgingstehuis</td></tr><tr><td>orgpolyclinic</td><td>Poliklinik</td><td>polyclinic</td><td>polyclinique</td><td>polikliniek</td></tr></table></div>
  </text>
  <url value="https://www.ehealth.fgov.be/standards/fhir/CodeSystem/cd-hcparty"/>
  <version value="0.2.0"/>
  <name value="HCParty"/>
  <status value="active"/>
  <date value="2021-05-26T14:31:36+02:00"/>
  <publisher value="HL7 Belgium"/>
  <contact>
    <telecom>
      <system value="url"/>
      <value value="http://hl7belgium.org"/>
    </telecom>
  </contact>
  <description value="healthcare party in Belgium."/>
  <jurisdiction>
    <coding>
      <system value="http://unstats.un.org/unsd/methods/m49/m49.htm"/>
      <code value="056"/>
    </coding>
    <text value="Belgium"/>
  </jurisdiction>
  <content value="complete"/>
  <concept>
    <code value="deptanatomopathology"/>
    <display value="anatomopathology"/>
    <designation>
      <language value="en"/>
      <value value="anatomopathology"/>
    </designation>
    <designation>
      <language value="nl-BE"/>
      <value value="anatomo-pathologie"/>
    </designation>
    <designation>
      <language value="fr-BE"/>
      <value value="anatomopathologie"/>
    </designation>
    <designation>
      <language value="de"/>
      <value value="pathologische Anatomie"/>
    </designation>
  </concept>
  <concept>
    <code value="deptanesthesiology"/>
    <display value="anesthesiology"/>
    <designation>
      <language value="en"/>
      <value value="anesthesiology"/>
    </designation>
    <designation>
      <language value="nl-BE"/>
      <value value="anesthesiologie"/>
    </designation>
    <designation>
      <language value="fr-BE"/>
      <value value="anesthésiologie"/>
    </designation>
    <designation>
      <language value="de"/>
      <value value="Anästhesiologe"/>
    </designation>
  </concept>
  <concept>
    <code value="deptbacteriology"/>
    <display value="bacteriology"/>
    <designation>
      <language value="en"/>
      <value value="bacteriology"/>
    </designation>
    <designation>
      <language value="nl-BE"/>
      <value value="bacteriologie"/>
    </designation>
    <designation>
      <language value="fr-BE"/>
      <value value="bactériologie"/>
    </designation>
    <designation>
      <language value="de"/>
      <value value="Bakteriologie"/>
    </designation>
  </concept>
  <concept>
    <code value="deptcardiology"/>
    <display value="cardiology"/>
    <designation>
      <language value="en"/>
      <value value="cardiology"/>
    </designation>
    <designation>
      <language value="nl-BE"/>
      <value value="cardiologie"/>
    </designation>
    <designation>
      <language value="fr-BE"/>
      <value value="cardiologie"/>
    </designation>
    <designation>
      <language value="de"/>
      <value value="Kardiologie"/>
    </designation>
  </concept>
  <concept>
    <code value="deptdermatology"/>
    <display value="dermatology"/>
    <designation>
      <language value="en"/>
      <value value="dermatology"/>
    </designation>
    <designation>
      <language value="nl-BE"/>
      <value value="dermatologie"/>
    </designation>
    <designation>
      <language value="fr-BE"/>
      <value value="dermatologie"/>
    </designation>
    <designation>
      <language value="de"/>
      <value value="Dermatologie"/>
    </designation>
  </concept>
  <concept>
    <code value="deptdietetics"/>
    <display value="dietetics"/>
    <designation>
      <language value="en"/>
      <value value="dietetics"/>
    </designation>
    <designation>
      <language value="nl-BE"/>
      <value value="diëtetiek"/>
    </designation>
    <designation>
      <language value="fr-BE"/>
      <value value="diététique"/>
    </designation>
    <designation>
      <language value="de"/>
      <value value="Diätetik"/>
    </designation>
  </concept>
  <concept>
    <code value="deptemergency"/>
    <display value="emergency"/>
    <designation>
      <language value="en"/>
      <value value="emergency"/>
    </designation>
    <designation>
      <language value="nl-BE"/>
      <value value="spoeddiensten"/>
    </designation>
    <designation>
      <language value="fr-BE"/>
      <value value="services d&#39;urgence"/>
    </designation>
    <designation>
      <language value="de"/>
      <value value="Notfalldienst"/>
    </designation>
  </concept>
  <concept>
    <code value="deptgastroenterology"/>
    <display value="gastroenterology"/>
    <designation>
      <language value="en"/>
      <value value="gastroenterology"/>
    </designation>
    <designation>
      <language value="nl-BE"/>
      <value value="gastro-enterologie"/>
    </designation>
    <designation>
      <language value="fr-BE"/>
      <value value="gastroentérologie"/>
    </designation>
    <designation>
      <language value="de"/>
      <value value="Gastroenterologie"/>
    </designation>
  </concept>
  <concept>
    <code value="deptgeneralpractice"/>
    <display value="general practice"/>
    <designation>
      <language value="en"/>
      <value value="general practice"/>
    </designation>
    <designation>
      <language value="nl-BE"/>
      <value value="algemene geneeskunde"/>
    </designation>
    <designation>
      <language value="fr-BE"/>
      <value value="médecine générale"/>
    </designation>
    <designation>
      <language value="de"/>
      <value value="Allgemeinmedizin"/>
    </designation>
  </concept>
  <concept>
    <code value="deptgenetics"/>
    <display value="genetics"/>
    <designation>
      <language value="en"/>
      <value value="genetics"/>
    </designation>
    <designation>
      <language value="nl-BE"/>
      <value value="genetica"/>
    </designation>
    <designation>
      <language value="fr-BE"/>
      <value value="génétique"/>
    </designation>
    <designation>
      <language value="de"/>
      <value value="Genetik"/>
    </designation>
  </concept>
  <concept>
    <code value="deptgeriatry"/>
    <display value="geriatry"/>
    <designation>
      <language value="en"/>
      <value value="geriatry"/>
    </designation>
    <designation>
      <language value="nl-BE"/>
      <value value="geriatrie"/>
    </designation>
    <designation>
      <language value="fr-BE"/>
      <value value="gériatrie"/>
    </designation>
    <designation>
      <language value="de"/>
      <value value="Geriatrie"/>
    </designation>
  </concept>
  <concept>
    <code value="deptgynecology"/>
    <display value="gynecology"/>
    <designation>
      <language value="en"/>
      <value value="gynecology"/>
    </designation>
    <designation>
      <language value="nl-BE"/>
      <value value="gynaecologie"/>
    </designation>
    <designation>
      <language value="fr-BE"/>
      <value value="gynécologie"/>
    </designation>
    <designation>
      <language value="de"/>
      <value value="Gynäkologie"/>
    </designation>
  </concept>
  <concept>
    <code value="depthematology"/>
    <display value="hematology"/>
    <designation>
      <language value="en"/>
      <value value="hematology"/>
    </designation>
    <designation>
      <language value="nl-BE"/>
      <value value="hematologie"/>
    </designation>
    <designation>
      <language value="fr-BE"/>
      <value value="hématologie"/>
    </designation>
    <designation>
      <language value="de"/>
      <value value="Hämatologie"/>
    </designation>
  </concept>
  <concept>
    <code value="deptintensivecare"/>
    <display value="intensive care"/>
    <designation>
      <language value="en"/>
      <value value="intensive care"/>
    </designation>
    <designation>
      <language value="nl-BE"/>
      <value value="intensieve zorgen"/>
    </designation>
    <designation>
      <language value="fr-BE"/>
      <value value="soins intensifs"/>
    </designation>
    <designation>
      <language value="de"/>
      <value value="Intensivmedizin"/>
    </designation>
  </concept>
  <concept>
    <code value="deptkinesitherapy"/>
    <display value="kinesitherapy"/>
    <designation>
      <language value="en"/>
      <value value="kinesitherapy"/>
    </designation>
    <designation>
      <language value="nl-BE"/>
      <value value="kinesitherapie"/>
    </designation>
    <designation>
      <language value="fr-BE"/>
      <value value="kinésithérapie"/>
    </designation>
    <designation>
      <language value="de"/>
      <value value="Bewegungstherapie"/>
    </designation>
  </concept>
  <concept>
    <code value="deptlaboratory"/>
    <display value="Laboratory service or department within an organisation"/>
    <designation>
      <language value="en"/>
      <value value="Laboratory service or department within an organisation"/>
    </designation>
    <designation>
      <language value="nl-BE"/>
      <value value="Laboratoriumdienst of -afdeling binnen een organisatie"/>
    </designation>
    <designation>
      <language value="fr-BE"/>
      <value value="Service / Département laboratoire au sein d&#39;une organisation"/>
    </designation>
    <designation>
      <language value="de"/>
      <value value="Laboratorium Dienst/Abteilung in einer Organisation"/>
    </designation>
  </concept>
  <concept>
    <code value="deptmedicine"/>
    <display value="internal medecine"/>
    <designation>
      <language value="en"/>
      <value value="internal medecine"/>
    </designation>
    <designation>
      <language value="nl-BE"/>
      <value value="interne geneeskunde"/>
    </designation>
    <designation>
      <language value="fr-BE"/>
      <value value="médicine interne"/>
    </designation>
    <designation>
      <language value="de"/>
      <value value="Innere Medizin"/>
    </designation>
  </concept>
  <concept>
    <code value="deptmolecularbiology"/>
    <display value="molecular biology"/>
    <designation>
      <language value="en"/>
      <value value="molecular biology"/>
    </designation>
    <designation>
      <language value="nl-BE"/>
      <value value="moleculaire biologie"/>
    </designation>
    <designation>
      <language value="fr-BE"/>
      <value value="biologie moléculaire"/>
    </designation>
    <designation>
      <language value="de"/>
      <value value="Molekularbiologie"/>
    </designation>
  </concept>
  <concept>
    <code value="deptneonatalogy"/>
    <display value="neonatalogy"/>
    <designation>
      <language value="en"/>
      <value value="neonatalogy"/>
    </designation>
    <designation>
      <language value="nl-BE"/>
      <value value="neonatologie"/>
    </designation>
    <designation>
      <language value="fr-BE"/>
      <value value="néonatologie"/>
    </designation>
    <designation>
      <language value="de"/>
      <value value="Neonatologie"/>
    </designation>
  </concept>
  <concept>
    <code value="deptnephrology"/>
    <display value="nephrology"/>
    <designation>
      <language value="en"/>
      <value value="nephrology"/>
    </designation>
    <designation>
      <language value="nl-BE"/>
      <value value="nefrologie"/>
    </designation>
    <designation>
      <language value="fr-BE"/>
      <value value="néphrologie"/>
    </designation>
    <designation>
      <language value="de"/>
      <value value="Nephrologie"/>
    </designation>
  </concept>
  <concept>
    <code value="deptneurology"/>
    <display value="neurology"/>
    <designation>
      <language value="en"/>
      <value value="neurology"/>
    </designation>
    <designation>
      <language value="nl-BE"/>
      <value value="neurologie"/>
    </designation>
    <designation>
      <language value="fr-BE"/>
      <value value="neurologie"/>
    </designation>
    <designation>
      <language value="de"/>
      <value value="Neurologie"/>
    </designation>
  </concept>
  <concept>
    <code value="deptnte"/>
    <display value="nose-throat-ear"/>
    <designation>
      <language value="en"/>
      <value value="nose-throat-ear"/>
    </designation>
    <designation>
      <language value="nl-BE"/>
      <value value="oto-rhino-laryngologie"/>
    </designation>
    <designation>
      <language value="fr-BE"/>
      <value value="oto-rhino-laryngologie"/>
    </designation>
    <designation>
      <language value="de"/>
      <value value="Otorhinolaryngologie"/>
    </designation>
  </concept>
  <concept>
    <code value="deptnuclear"/>
    <display value="nuclear"/>
    <designation>
      <language value="en"/>
      <value value="nuclear"/>
    </designation>
    <designation>
      <language value="nl-BE"/>
      <value value="nucleaire geneeskunde"/>
    </designation>
    <designation>
      <language value="fr-BE"/>
      <value value="médecine nucléaire"/>
    </designation>
    <designation>
      <language value="de"/>
      <value value="Nuklearmedizin"/>
    </designation>
  </concept>
  <concept>
    <code value="deptoncology"/>
    <display value="oncology"/>
    <designation>
      <language value="en"/>
      <value value="oncology"/>
    </designation>
    <designation>
      <language value="nl-BE"/>
      <value value="oncologie"/>
    </designation>
    <designation>
      <language value="fr-BE"/>
      <value value="oncologie"/>
    </designation>
    <designation>
      <language value="de"/>
      <value value="Onkologie"/>
    </designation>
  </concept>
  <concept>
    <code value="deptophtalmology"/>
    <display value="ophtalmology"/>
    <designation>
      <language value="en"/>
      <value value="ophtalmology"/>
    </designation>
    <designation>
      <language value="nl-BE"/>
      <value value="oftalmologie"/>
    </designation>
    <designation>
      <language value="fr-BE"/>
      <value value="ophtalmologie"/>
    </designation>
    <designation>
      <language value="de"/>
      <value value="Augenheilkunde"/>
    </designation>
  </concept>
  <concept>
    <code value="deptpediatry"/>
    <display value="pediatry"/>
    <designation>
      <language value="en"/>
      <value value="pediatry"/>
    </designation>
    <designation>
      <language value="nl-BE"/>
      <value value="pediatrie"/>
    </designation>
    <designation>
      <language value="fr-BE"/>
      <value value="pédiatrie"/>
    </designation>
    <designation>
      <language value="de"/>
      <value value="Pädiatrie"/>
    </designation>
  </concept>
  <concept>
    <code value="deptpharmacy"/>
    <display value="Pharmacy service or department within an organisation"/>
    <designation>
      <language value="en"/>
      <value value="Pharmacy service or department within an organisation"/>
    </designation>
    <designation>
      <language value="nl-BE"/>
      <value value="Apotheekdienst of -afdeling binnen een organisatie"/>
    </designation>
    <designation>
      <language value="fr-BE"/>
      <value value="Service / Département pharmacie au sein d&#39;une organisation"/>
    </designation>
    <designation>
      <language value="de"/>
      <value value="Pharmazie Dienst/Abteilung in einer Organisation"/>
    </designation>
  </concept>
  <concept>
    <code value="deptphysiotherapy"/>
    <display value="physiotherapy"/>
    <designation>
      <language value="en"/>
      <value value="physiotherapy"/>
    </designation>
    <designation>
      <language value="nl-BE"/>
      <value value="fysiotherapie"/>
    </designation>
    <designation>
      <language value="fr-BE"/>
      <value value="physiothérapie"/>
    </designation>
    <designation>
      <language value="de"/>
      <value value="Physiotherapie"/>
    </designation>
  </concept>
  <concept>
    <code value="deptpneumology"/>
    <display value="pneumology"/>
    <designation>
      <language value="en"/>
      <value value="pneumology"/>
    </designation>
    <designation>
      <language value="nl-BE"/>
      <value value="pulmonologie"/>
    </designation>
    <designation>
      <language value="fr-BE"/>
      <value value="pneumologie"/>
    </designation>
    <designation>
      <language value="de"/>
      <value value="Pulmonologie"/>
    </designation>
  </concept>
  <concept>
    <code value="deptpsychiatry"/>
    <display value="psychiatry"/>
    <designation>
      <language value="en"/>
      <value value="psychiatry"/>
    </designation>
    <designation>
      <language value="nl-BE"/>
      <value value="psychiatrie"/>
    </designation>
    <designation>
      <language value="fr-BE"/>
      <value value="psychiatrie"/>
    </designation>
    <designation>
      <language value="de"/>
      <value value="Psychiatrie"/>
    </designation>
  </concept>
  <concept>
    <code value="deptradiology"/>
    <display value="radiology"/>
    <designation>
      <language value="en"/>
      <value value="radiology"/>
    </designation>
    <designation>
      <language value="nl-BE"/>
      <value value="radiologie"/>
    </designation>
    <designation>
      <language value="fr-BE"/>
      <value value="radiologie"/>
    </designation>
    <designation>
      <language value="de"/>
      <value value="Radiologie"/>
    </designation>
  </concept>
  <concept>
    <code value="deptradiotherapy"/>
    <display value="radiotherapy"/>
    <designation>
      <language value="en"/>
      <value value="radiotherapy"/>
    </designation>
    <designation>
      <language value="nl-BE"/>
      <value value="radiotherapie"/>
    </designation>
    <designation>
      <language value="fr-BE"/>
      <value value="radiothérapie"/>
    </designation>
    <designation>
      <language value="de"/>
      <value value="Strahlentherapie"/>
    </designation>
  </concept>
  <concept>
    <code value="deptstomatology"/>
    <display value="stomatology"/>
    <designation>
      <language value="en"/>
      <value value="stomatology"/>
    </designation>
    <designation>
      <language value="nl-BE"/>
      <value value="stomatologie"/>
    </designation>
    <designation>
      <language value="fr-BE"/>
      <value value="stomatologie"/>
    </designation>
    <designation>
      <language value="de"/>
      <value value="Stomatologie"/>
    </designation>
  </concept>
  <concept>
    <code value="deptsurgery"/>
    <display value="surgery"/>
    <designation>
      <language value="en"/>
      <value value="surgery"/>
    </designation>
    <designation>
      <language value="nl-BE"/>
      <value value="chirurgie"/>
    </designation>
    <designation>
      <language value="fr-BE"/>
      <value value="chirurgie"/>
    </designation>
    <designation>
      <language value="de"/>
      <value value="Chirurgie"/>
    </designation>
  </concept>
  <concept>
    <code value="depttoxicology"/>
    <display value="toxicology"/>
    <designation>
      <language value="en"/>
      <value value="toxicology"/>
    </designation>
    <designation>
      <language value="nl-BE"/>
      <value value="toxicologie"/>
    </designation>
    <designation>
      <language value="fr-BE"/>
      <value value="toxicologie"/>
    </designation>
    <designation>
      <language value="de"/>
      <value value="Toxikologie"/>
    </designation>
  </concept>
  <concept>
    <code value="depturology"/>
    <display value="urology"/>
    <designation>
      <language value="en"/>
      <value value="urology"/>
    </designation>
    <designation>
      <language value="nl-BE"/>
      <value value="urologie"/>
    </designation>
    <designation>
      <language value="fr-BE"/>
      <value value="urologie"/>
    </designation>
    <designation>
      <language value="de"/>
      <value value="Urologie"/>
    </designation>
  </concept>
  <concept>
    <code value="orghospital"/>
    <display value="hospital"/>
    <designation>
      <language value="en"/>
      <value value="hospital"/>
    </designation>
    <designation>
      <language value="nl-BE"/>
      <value value="ziekenhuis"/>
    </designation>
    <designation>
      <language value="fr-BE"/>
      <value value="hôpital"/>
    </designation>
    <designation>
      <language value="de"/>
      <value value="Krankenhaus"/>
    </designation>
  </concept>
  <concept>
    <code value="orginsurance"/>
    <display value="insurance"/>
    <designation>
      <language value="en"/>
      <value value="insurance"/>
    </designation>
    <designation>
      <language value="nl-BE"/>
      <value value="verzekering"/>
    </designation>
    <designation>
      <language value="fr-BE"/>
      <value value="assurance"/>
    </designation>
    <designation>
      <language value="de"/>
      <value value="Versicherung"/>
    </designation>
  </concept>
  <concept>
    <code value="orglaboratory"/>
    <display value="Independent laboratory"/>
    <designation>
      <language value="en"/>
      <value value="Independent laboratory"/>
    </designation>
    <designation>
      <language value="nl-BE"/>
      <value value="Onafhankelijk laboratorium"/>
    </designation>
    <designation>
      <language value="fr-BE"/>
      <value value="laboratoire indépendant"/>
    </designation>
    <designation>
      <language value="de"/>
      <value value="Unabhängiges Laboratorium"/>
    </designation>
  </concept>
  <concept>
    <code value="orgpublichealth"/>
    <display value="public health organisation"/>
    <designation>
      <language value="en"/>
      <value value="public health organisation"/>
    </designation>
    <designation>
      <language value="nl-BE"/>
      <value value="openbare gezondheidsdienst"/>
    </designation>
    <designation>
      <language value="fr-BE"/>
      <value value="service public de santé"/>
    </designation>
    <designation>
      <language value="de"/>
      <value value="Gesundheitsbehörde"/>
    </designation>
  </concept>
  <concept>
    <code value="persbiologist"/>
    <display value="medical laboratory technician"/>
    <designation>
      <language value="en"/>
      <value value="medical laboratory technician"/>
    </designation>
    <designation>
      <language value="nl-BE"/>
      <value value="medisch laboratoriumtechnoloog"/>
    </designation>
    <designation>
      <language value="fr-BE"/>
      <value value="technicien de laboratoire médical"/>
    </designation>
    <designation>
      <language value="de"/>
      <value value="medizinischer Labortechniker"/>
    </designation>
  </concept>
  <concept>
    <code value="persdentist"/>
    <display value="dentist"/>
    <designation>
      <language value="en"/>
      <value value="dentist"/>
    </designation>
    <designation>
      <language value="nl-BE"/>
      <value value="tandarts"/>
    </designation>
    <designation>
      <language value="fr-BE"/>
      <value value="dentiste"/>
    </designation>
    <designation>
      <language value="de"/>
      <value value="Zahnarzt"/>
    </designation>
  </concept>
  <concept>
    <code value="persnurse"/>
    <display value="nurse"/>
    <designation>
      <language value="en"/>
      <value value="nurse"/>
    </designation>
    <designation>
      <language value="nl-BE"/>
      <value value="verpleegkundige"/>
    </designation>
    <designation>
      <language value="fr-BE"/>
      <value value="infirmier"/>
    </designation>
    <designation>
      <language value="de"/>
      <value value="Krankenpfleger/in"/>
    </designation>
  </concept>
  <concept>
    <code value="persparamedical"/>
    <display value="paramedical"/>
    <designation>
      <language value="en"/>
      <value value="paramedical"/>
    </designation>
    <designation>
      <language value="nl-BE"/>
      <value value="paramedisch personeel"/>
    </designation>
    <designation>
      <language value="fr-BE"/>
      <value value="personnel paramédical"/>
    </designation>
    <designation>
      <language value="de"/>
      <value value="medizinisches Hilfspersonal"/>
    </designation>
  </concept>
  <concept>
    <code value="perspharmacist"/>
    <display value="pharmacist"/>
    <designation>
      <language value="en"/>
      <value value="pharmacist"/>
    </designation>
    <designation>
      <language value="nl-BE"/>
      <value value="apotheker"/>
    </designation>
    <designation>
      <language value="fr-BE"/>
      <value value="pharmacien"/>
    </designation>
    <designation>
      <language value="de"/>
      <value value="Apotheker"/>
    </designation>
  </concept>
  <concept>
    <code value="persphysician"/>
    <display value="physician"/>
    <designation>
      <language value="en"/>
      <value value="physician"/>
    </designation>
    <designation>
      <language value="nl-BE"/>
      <value value="arts"/>
    </designation>
    <designation>
      <language value="fr-BE"/>
      <value value="médecin"/>
    </designation>
    <designation>
      <language value="de"/>
      <value value="Arzt"/>
    </designation>
  </concept>
  <concept>
    <code value="perssocialworker"/>
    <display value="social worker"/>
    <designation>
      <language value="en"/>
      <value value="social worker"/>
    </designation>
    <designation>
      <language value="nl-BE"/>
      <value value="maatschappelijk werker"/>
    </designation>
    <designation>
      <language value="fr-BE"/>
      <value value="travailleur social"/>
    </designation>
    <designation>
      <language value="de"/>
      <value value="Sozialarbeiter"/>
    </designation>
  </concept>
  <concept>
    <code value="perstechnician"/>
    <display value="Medical Imaging Technician"/>
    <designation>
      <language value="en"/>
      <value value="Medical Imaging Technician"/>
    </designation>
    <designation>
      <language value="nl-BE"/>
      <value value="Technicus medische beeldvorming"/>
    </designation>
    <designation>
      <language value="fr-BE"/>
      <value value="Technicien d&#39;imagerie médicale"/>
    </designation>
    <designation>
      <language value="de"/>
      <value value="medizinische Bildgebung Techniker"/>
    </designation>
  </concept>
  <concept>
    <code value="persadministrative"/>
    <display value="administrative"/>
    <designation>
      <language value="en"/>
      <value value="administrative"/>
    </designation>
    <designation>
      <language value="nl-BE"/>
      <value value="administratieve medewerker"/>
    </designation>
    <designation>
      <language value="fr-BE"/>
      <value value="personnel admistratif"/>
    </designation>
    <designation>
      <language value="de"/>
      <value value="Büroangestellte(r)"/>
    </designation>
  </concept>
  <concept>
    <code value="persmidwife"/>
    <display value="midwife"/>
    <designation>
      <language value="en"/>
      <value value="midwife"/>
    </designation>
    <designation>
      <language value="nl-BE"/>
      <value value="vroedvrouw"/>
    </designation>
    <designation>
      <language value="fr-BE"/>
      <value value="sage-femme"/>
    </designation>
    <designation>
      <language value="de"/>
      <value value="Hebamme"/>
    </designation>
  </concept>
  <concept>
    <code value="application"/>
    <display value="software application"/>
    <designation>
      <language value="en"/>
      <value value="software application"/>
    </designation>
    <designation>
      <language value="nl-BE"/>
      <value value="softwaretoepassing"/>
    </designation>
    <designation>
      <language value="fr-BE"/>
      <value value="application logicielle"/>
    </designation>
    <designation>
      <language value="de"/>
      <value value="Softwareapplikation"/>
    </designation>
  </concept>
  <concept>
    <code value="deptorthopedy"/>
    <display value="orthopedy"/>
    <designation>
      <language value="en"/>
      <value value="orthopedy"/>
    </designation>
    <designation>
      <language value="nl-BE"/>
      <value value="orthopedie"/>
    </designation>
    <designation>
      <language value="fr-BE"/>
      <value value="orthopédie"/>
    </designation>
    <designation>
      <language value="de"/>
      <value value="Orthopädie"/>
    </designation>
  </concept>
  <concept>
    <code value="orgpractice"/>
    <display value="practice organisation"/>
    <designation>
      <language value="en"/>
      <value value="practice organisation"/>
    </designation>
    <designation>
      <language value="nl-BE"/>
      <value value="praktijk"/>
    </designation>
    <designation>
      <language value="fr-BE"/>
      <value value="cabinet"/>
    </designation>
    <designation>
      <language value="de"/>
      <value value="Praxis"/>
    </designation>
  </concept>
  <concept>
    <code value="orgpharmacy"/>
    <display value="Independent pharmacy"/>
    <designation>
      <language value="en"/>
      <value value="Independent pharmacy"/>
    </designation>
    <designation>
      <language value="nl-BE"/>
      <value value="Onafhankelijke apotheek"/>
    </designation>
    <designation>
      <language value="fr-BE"/>
      <value value="Pharmacie indépendante"/>
    </designation>
    <designation>
      <language value="de"/>
      <value value="Unabhängige Apotheke"/>
    </designation>
  </concept>
  <concept>
    <code value="deptalgology"/>
    <display value="algology"/>
    <designation>
      <language value="en"/>
      <value value="algology"/>
    </designation>
    <designation>
      <language value="nl-BE"/>
      <value value="algologie"/>
    </designation>
    <designation>
      <language value="fr-BE"/>
      <value value="algologie"/>
    </designation>
    <designation>
      <language value="de"/>
      <value value="Algologie"/>
    </designation>
  </concept>
  <concept>
    <code value="deptcardiacsurgery"/>
    <display value="cardiac surgery"/>
    <designation>
      <language value="en"/>
      <value value="cardiac surgery"/>
    </designation>
    <designation>
      <language value="nl-BE"/>
      <value value="hartchirurgie"/>
    </designation>
    <designation>
      <language value="fr-BE"/>
      <value value="chirurgie cardiaque"/>
    </designation>
    <designation>
      <language value="de"/>
      <value value="Herzchirurgie"/>
    </designation>
  </concept>
  <concept>
    <code value="depthandsurgery"/>
    <display value="hand surgery"/>
    <designation>
      <language value="en"/>
      <value value="hand surgery"/>
    </designation>
    <designation>
      <language value="nl-BE"/>
      <value value="handchirurgie"/>
    </designation>
    <designation>
      <language value="fr-BE"/>
      <value value="chirurgie de la main"/>
    </designation>
    <designation>
      <language value="de"/>
      <value value="Handchirurgie"/>
    </designation>
  </concept>
  <concept>
    <code value="deptmaxillofacialsurgery"/>
    <display value="maxillofacial surgery"/>
    <designation>
      <language value="en"/>
      <value value="maxillofacial surgery"/>
    </designation>
    <designation>
      <language value="nl-BE"/>
      <value value="mond-, kaak- en aangezichtschirurgie"/>
    </designation>
    <designation>
      <language value="fr-BE"/>
      <value value="chirurgie maxillofaciale"/>
    </designation>
    <designation>
      <language value="de"/>
      <value value="Mund-Kiefer-Gesichtschirurgie"/>
    </designation>
  </concept>
  <concept>
    <code value="deptpediatricsurgery"/>
    <display value="pediatric surgery"/>
    <designation>
      <language value="en"/>
      <value value="pediatric surgery"/>
    </designation>
    <designation>
      <language value="nl-BE"/>
      <value value="kinderchirurgie"/>
    </designation>
    <designation>
      <language value="fr-BE"/>
      <value value="chirurgie pédiatrique"/>
    </designation>
    <designation>
      <language value="de"/>
      <value value="Kinderchirurgie"/>
    </designation>
  </concept>
  <concept>
    <code value="deptplasticandreparatorysurgery"/>
    <display value="plastic and reparatory surgery"/>
    <designation>
      <language value="en"/>
      <value value="plastic and reparatory surgery"/>
    </designation>
    <designation>
      <language value="nl-BE"/>
      <value value="plastische en reconstructieve chirurgie"/>
    </designation>
    <designation>
      <language value="fr-BE"/>
      <value value="chirurgie esthétique et réparatrice"/>
    </designation>
    <designation>
      <language value="de"/>
      <value value="plastische Chirurgie und Reparaturchirurgie"/>
    </designation>
  </concept>
  <concept>
    <code value="deptthoracicsurgery"/>
    <display value="thoracic surgery"/>
    <designation>
      <language value="en"/>
      <value value="thoracic surgery"/>
    </designation>
    <designation>
      <language value="nl-BE"/>
      <value value="thoraxchirurgie"/>
    </designation>
    <designation>
      <language value="fr-BE"/>
      <value value="chirurgie thoracique"/>
    </designation>
    <designation>
      <language value="de"/>
      <value value="Thoraxchirurgie"/>
    </designation>
  </concept>
  <concept>
    <code value="deptvascularsurgery"/>
    <display value="vascular surgery"/>
    <designation>
      <language value="en"/>
      <value value="vascular surgery"/>
    </designation>
    <designation>
      <language value="nl-BE"/>
      <value value="vasculaire chirurgie"/>
    </designation>
    <designation>
      <language value="fr-BE"/>
      <value value="chirurgie vasculaire"/>
    </designation>
    <designation>
      <language value="de"/>
      <value value="Vaskuläre Chirurgie"/>
    </designation>
  </concept>
  <concept>
    <code value="deptvisceraldigestiveabdominalsurgery"/>
    <display value="visceral digestive abdominal surgery"/>
    <designation>
      <language value="en"/>
      <value value="visceral digestive abdominal surgery"/>
    </designation>
    <designation>
      <language value="nl-BE"/>
      <value value="digestieve/viscerale chirurgie/buikchirurgie"/>
    </designation>
    <designation>
      <language value="fr-BE"/>
      <value value="chirurgie abdominale, digestive et viscérale"/>
    </designation>
    <designation>
      <language value="de"/>
      <value value="Viszeralchirurgie/Abdominalchirurgie/Bauchchirurgie"/>
    </designation>
  </concept>
  <concept>
    <code value="deptdentistry"/>
    <display value="dentistry"/>
    <designation>
      <language value="en"/>
      <value value="dentistry"/>
    </designation>
    <designation>
      <language value="nl-BE"/>
      <value value="tandheelkunde"/>
    </designation>
    <designation>
      <language value="fr-BE"/>
      <value value="dentisterie"/>
    </designation>
    <designation>
      <language value="de"/>
      <value value="Zahnheilkunde"/>
    </designation>
  </concept>
  <concept>
    <code value="deptdiabetology"/>
    <display value="diabetology"/>
    <designation>
      <language value="en"/>
      <value value="diabetology"/>
    </designation>
    <designation>
      <language value="nl-BE"/>
      <value value="diabetologie"/>
    </designation>
    <designation>
      <language value="fr-BE"/>
      <value value="diabétologie"/>
    </designation>
    <designation>
      <language value="de"/>
      <value value="Diabetologie"/>
    </designation>
  </concept>
  <concept>
    <code value="deptendocrinology"/>
    <display value="endocrinology"/>
    <designation>
      <language value="en"/>
      <value value="endocrinology"/>
    </designation>
    <designation>
      <language value="nl-BE"/>
      <value value="endocrinologie/hormonenleer"/>
    </designation>
    <designation>
      <language value="fr-BE"/>
      <value value="endocrinologie"/>
    </designation>
    <designation>
      <language value="de"/>
      <value value="Endokrinologie"/>
    </designation>
  </concept>
  <concept>
    <code value="deptoccupationaltherapy"/>
    <display value="occupational therapy"/>
    <designation>
      <language value="en"/>
      <value value="occupational therapy"/>
    </designation>
    <designation>
      <language value="nl-BE"/>
      <value value="ergotherapie"/>
    </designation>
    <designation>
      <language value="fr-BE"/>
      <value value="ergothérapie"/>
    </designation>
    <designation>
      <language value="de"/>
      <value value="Ergotherapie"/>
    </designation>
  </concept>
  <concept>
    <code value="deptmajorburns"/>
    <display value="major burns"/>
    <designation>
      <language value="en"/>
      <value value="major burns"/>
    </designation>
    <designation>
      <language value="nl-BE"/>
      <value value="brandwondencentrum"/>
    </designation>
    <designation>
      <language value="fr-BE"/>
      <value value="grands brûlés"/>
    </designation>
    <designation>
      <language value="de"/>
      <value value="Zentrum für Schwerbrandverletzte"/>
    </designation>
  </concept>
  <concept>
    <code value="deptinfectiousdisease"/>
    <display value="infectious disease"/>
    <designation>
      <language value="en"/>
      <value value="infectious disease"/>
    </designation>
    <designation>
      <language value="nl-BE"/>
      <value value="infectieziekte"/>
    </designation>
    <designation>
      <language value="fr-BE"/>
      <value value="maladie infectieuse"/>
    </designation>
    <designation>
      <language value="de"/>
      <value value="Infektionskrankheit"/>
    </designation>
  </concept>
  <concept>
    <code value="deptspeechtherapy"/>
    <display value="speech therapy"/>
    <designation>
      <language value="en"/>
      <value value="speech therapy"/>
    </designation>
    <designation>
      <language value="nl-BE"/>
      <value value="logopedie"/>
    </designation>
    <designation>
      <language value="fr-BE"/>
      <value value="logopédie"/>
    </designation>
    <designation>
      <language value="de"/>
      <value value="Sprachtherapie"/>
    </designation>
  </concept>
  <concept>
    <code value="deptsportsmedecine"/>
    <display value="sports medecine"/>
    <designation>
      <language value="en"/>
      <value value="sports medecine"/>
    </designation>
    <designation>
      <language value="nl-BE"/>
      <value value="sportgeneeskunde"/>
    </designation>
    <designation>
      <language value="fr-BE"/>
      <value value="médecine des sports"/>
    </designation>
    <designation>
      <language value="de"/>
      <value value="Sportmedizin"/>
    </designation>
  </concept>
  <concept>
    <code value="deptphysicalmedecine"/>
    <display value="physical medecine"/>
    <designation>
      <language value="en"/>
      <value value="physical medecine"/>
    </designation>
    <designation>
      <language value="nl-BE"/>
      <value value="fysische geneeskunde"/>
    </designation>
    <designation>
      <language value="fr-BE"/>
      <value value="médecine physique"/>
    </designation>
    <designation>
      <language value="de"/>
      <value value="physikalische Medizin"/>
    </designation>
  </concept>
  <concept>
    <code value="depttropicalmedecine"/>
    <display value="tropical medecine"/>
    <designation>
      <language value="en"/>
      <value value="tropical medecine"/>
    </designation>
    <designation>
      <language value="nl-BE"/>
      <value value="tropische geneeskunde"/>
    </designation>
    <designation>
      <language value="fr-BE"/>
      <value value="médecine tropicale"/>
    </designation>
    <designation>
      <language value="de"/>
      <value value="Tropenmedizin"/>
    </designation>
  </concept>
  <concept>
    <code value="deptneurosurgery"/>
    <display value="neuro surgery"/>
    <designation>
      <language value="en"/>
      <value value="neuro surgery"/>
    </designation>
    <designation>
      <language value="nl-BE"/>
      <value value="neurologie"/>
    </designation>
    <designation>
      <language value="fr-BE"/>
      <value value="neurologie"/>
    </designation>
    <designation>
      <language value="de"/>
      <value value="Neurologie"/>
    </designation>
  </concept>
  <concept>
    <code value="deptnutritiondietetics"/>
    <display value="nutrition dietetics"/>
    <designation>
      <language value="en"/>
      <value value="nutrition dietetics"/>
    </designation>
    <designation>
      <language value="nl-BE"/>
      <value value="diëtetiek"/>
    </designation>
    <designation>
      <language value="fr-BE"/>
      <value value="diététique nutritionnelle"/>
    </designation>
    <designation>
      <language value="de"/>
      <value value="Diätetik"/>
    </designation>
  </concept>
  <concept>
    <code value="deptobstetrics"/>
    <display value="obstetrics"/>
    <designation>
      <language value="en"/>
      <value value="obstetrics"/>
    </designation>
    <designation>
      <language value="nl-BE"/>
      <value value="verloskunde"/>
    </designation>
    <designation>
      <language value="fr-BE"/>
      <value value="obstétrique"/>
    </designation>
    <designation>
      <language value="de"/>
      <value value="Geburtshilfe"/>
    </designation>
  </concept>
  <concept>
    <code value="deptchildandadolescentpsychiatry"/>
    <display value="child and adolescent psychiatry"/>
    <designation>
      <language value="en"/>
      <value value="child and adolescent psychiatry"/>
    </designation>
    <designation>
      <language value="nl-BE"/>
      <value value="kinder- en jeugdpsychiatrie"/>
    </designation>
    <designation>
      <language value="fr-BE"/>
      <value value="psychiatrie de l&#39;enfant et de l&#39;adolescent"/>
    </designation>
    <designation>
      <language value="de"/>
      <value value="Kinder-und Jugendpsychologie"/>
    </designation>
  </concept>
  <concept>
    <code value="deptpodiatry"/>
    <display value="podiatry"/>
    <designation>
      <language value="en"/>
      <value value="podiatry"/>
    </designation>
    <designation>
      <language value="nl-BE"/>
      <value value="podiatrie"/>
    </designation>
    <designation>
      <language value="fr-BE"/>
      <value value="podiatrie"/>
    </designation>
    <designation>
      <language value="de"/>
      <value value="Podiatrie"/>
    </designation>
  </concept>
  <concept>
    <code value="deptpsychology"/>
    <display value="psychology"/>
    <designation>
      <language value="en"/>
      <value value="psychology"/>
    </designation>
    <designation>
      <language value="nl-BE"/>
      <value value="psychologie"/>
    </designation>
    <designation>
      <language value="fr-BE"/>
      <value value="psychologie"/>
    </designation>
    <designation>
      <language value="de"/>
      <value value="Psychologie"/>
    </designation>
  </concept>
  <concept>
    <code value="deptrevalidation"/>
    <display value="revalidation"/>
    <designation>
      <language value="en"/>
      <value value="revalidation"/>
    </designation>
    <designation>
      <language value="nl-BE"/>
      <value value="revalidatie"/>
    </designation>
    <designation>
      <language value="fr-BE"/>
      <value value="rééducation"/>
    </designation>
    <designation>
      <language value="de"/>
      <value value="Rehabilitation"/>
    </designation>
  </concept>
  <concept>
    <code value="deptsenology"/>
    <display value="senology"/>
    <designation>
      <language value="en"/>
      <value value="senology"/>
    </designation>
    <designation>
      <language value="nl-BE"/>
      <value value="senologie"/>
    </designation>
    <designation>
      <language value="fr-BE"/>
      <value value="sénologie"/>
    </designation>
    <designation>
      <language value="de"/>
      <value value="Senologie"/>
    </designation>
  </concept>
  <concept>
    <code value="deptsocialservice"/>
    <display value="social service"/>
    <designation>
      <language value="en"/>
      <value value="social service"/>
    </designation>
    <designation>
      <language value="nl-BE"/>
      <value value="sociale dienst"/>
    </designation>
    <designation>
      <language value="fr-BE"/>
      <value value="service social"/>
    </designation>
    <designation>
      <language value="de"/>
      <value value="Sozialdienst"/>
    </designation>
  </concept>
  <concept>
    <code value="deptpediatricintensivecare"/>
    <display value="pediatric intensive care"/>
    <designation>
      <language value="en"/>
      <value value="pediatric intensive care"/>
    </designation>
    <designation>
      <language value="nl-BE"/>
      <value value="intensieve zorg voor kinderen"/>
    </designation>
    <designation>
      <language value="fr-BE"/>
      <value value="soins intensifs pédiatriques"/>
    </designation>
    <designation>
      <language value="de"/>
      <value value="Intensivpflege für Kinder"/>
    </designation>
  </concept>
  <concept>
    <code value="deptpalliativecare"/>
    <display value="palliative care"/>
    <designation>
      <language value="en"/>
      <value value="palliative care"/>
    </designation>
    <designation>
      <language value="nl-BE"/>
      <value value="palliatieve zorg"/>
    </designation>
    <designation>
      <language value="fr-BE"/>
      <value value="soins palliatifs"/>
    </designation>
    <designation>
      <language value="de"/>
      <value value="Palliativpflege"/>
    </designation>
  </concept>
  <concept>
    <code value="deptrheumatology"/>
    <display value="rheumatology"/>
    <designation>
      <language value="en"/>
      <value value="rheumatology"/>
    </designation>
    <designation>
      <language value="nl-BE"/>
      <value value="reumatologie"/>
    </designation>
    <designation>
      <language value="fr-BE"/>
      <value value="rhumatologie"/>
    </designation>
    <designation>
      <language value="de"/>
      <value value="Rheumatologie"/>
    </designation>
  </concept>
  <concept>
    <code value="persambulancefirstaid"/>
    <display value="ambulance first aid"/>
    <designation>
      <language value="en"/>
      <value value="ambulance first aid"/>
    </designation>
    <designation>
      <language value="nl-BE"/>
      <value value="ambulance eerste hulp"/>
    </designation>
    <designation>
      <language value="fr-BE"/>
      <value value="ambulance premier secours"/>
    </designation>
    <designation>
      <language value="de"/>
      <value value="Krankenwagen erste Hilfe"/>
    </designation>
  </concept>
  <concept>
    <code value="persaudician"/>
    <display value="audician"/>
    <designation>
      <language value="en"/>
      <value value="audician"/>
    </designation>
    <designation>
      <language value="nl-BE"/>
      <value value="audicien"/>
    </designation>
    <designation>
      <language value="fr-BE"/>
      <value value="audicien"/>
    </designation>
    <designation>
      <language value="de"/>
      <value value="Hörgeräteakustiker"/>
    </designation>
  </concept>
  <concept>
    <code value="persaudiologist"/>
    <display value="audiologist"/>
    <designation>
      <language value="en"/>
      <value value="audiologist"/>
    </designation>
    <designation>
      <language value="nl-BE"/>
      <value value="audioloog"/>
    </designation>
    <designation>
      <language value="fr-BE"/>
      <value value="audiologue"/>
    </designation>
    <designation>
      <language value="de"/>
      <value value="Audiologe"/>
    </designation>
  </concept>
  <concept>
    <code value="perscaregiver"/>
    <display value="caregiver"/>
    <designation>
      <language value="en"/>
      <value value="caregiver"/>
    </designation>
    <designation>
      <language value="nl-BE"/>
      <value value="mantelzorger"/>
    </designation>
    <designation>
      <language value="fr-BE"/>
      <value value="soignant informel"/>
    </designation>
    <designation>
      <language value="de"/>
      <value value="Pflegeperson"/>
    </designation>
    <property>
      <code value="status"/>
      <valueCode value="deprecated"/>
    </property>
  </concept>
  <concept>
    <code value="persdietician"/>
    <display value="dietician"/>
    <designation>
      <language value="en"/>
      <value value="dietician"/>
    </designation>
    <designation>
      <language value="nl-BE"/>
      <value value="dietist"/>
    </designation>
    <designation>
      <language value="fr-BE"/>
      <value value="diététicien"/>
    </designation>
    <designation>
      <language value="de"/>
      <value value="Diätist"/>
    </designation>
  </concept>
  <concept>
    <code value="perseducator"/>
    <display value="educator"/>
    <designation>
      <language value="en"/>
      <value value="educator"/>
    </designation>
    <designation>
      <language value="nl-BE"/>
      <value value="opvoeder"/>
    </designation>
    <designation>
      <language value="fr-BE"/>
      <value value="éducateur"/>
    </designation>
    <designation>
      <language value="de"/>
      <value value="Erzieher"/>
    </designation>
  </concept>
  <concept>
    <code value="perslogopedist"/>
    <display value="logopedist"/>
    <designation>
      <language value="en"/>
      <value value="logopedist"/>
    </designation>
    <designation>
      <language value="nl-BE"/>
      <value value="logopedist"/>
    </designation>
    <designation>
      <language value="fr-BE"/>
      <value value="logopède"/>
    </designation>
    <designation>
      <language value="de"/>
      <value value="Logopäde"/>
    </designation>
  </concept>
  <concept>
    <code value="persoccupationaltherapist"/>
    <display value="occupational therapist"/>
    <designation>
      <language value="en"/>
      <value value="occupational therapist"/>
    </designation>
    <designation>
      <language value="nl-BE"/>
      <value value="ergotherapeut"/>
    </designation>
    <designation>
      <language value="fr-BE"/>
      <value value="ergothérapeute"/>
    </designation>
    <designation>
      <language value="de"/>
      <value value="Ergotherapeut"/>
    </designation>
  </concept>
  <concept>
    <code value="persorthoptist"/>
    <display value="orthoptist"/>
    <designation>
      <language value="en"/>
      <value value="orthoptist"/>
    </designation>
    <designation>
      <language value="nl-BE"/>
      <value value="orthoptist"/>
    </designation>
    <designation>
      <language value="fr-BE"/>
      <value value="orthoptiste"/>
    </designation>
    <designation>
      <language value="de"/>
      <value value="Orthoptist"/>
    </designation>
  </concept>
  <concept>
    <code value="persoptician"/>
    <display value="optician"/>
    <designation>
      <language value="en"/>
      <value value="optician"/>
    </designation>
    <designation>
      <language value="nl-BE"/>
      <value value="opticien"/>
    </designation>
    <designation>
      <language value="fr-BE"/>
      <value value="opticien"/>
    </designation>
    <designation>
      <language value="de"/>
      <value value="Optiker"/>
    </designation>
  </concept>
  <concept>
    <code value="perspharmacyassistant"/>
    <display value="pharmacy assistant"/>
    <designation>
      <language value="en"/>
      <value value="pharmacy assistant"/>
    </designation>
    <designation>
      <language value="nl-BE"/>
      <value value="apothekersassistent"/>
    </designation>
    <designation>
      <language value="fr-BE"/>
      <value value="assistant en pharmacie"/>
    </designation>
    <designation>
      <language value="de"/>
      <value value="Apothekenhelfer"/>
    </designation>
  </concept>
  <concept>
    <code value="persphysiotherapist"/>
    <display value="physiotherapist"/>
    <designation>
      <language value="en"/>
      <value value="physiotherapist"/>
    </designation>
    <designation>
      <language value="nl-BE"/>
      <value value="kinesitherapeut"/>
    </designation>
    <designation>
      <language value="fr-BE"/>
      <value value="kinésithérapeute"/>
    </designation>
    <designation>
      <language value="de"/>
      <value value="Krankengymnast"/>
    </designation>
  </concept>
  <concept>
    <code value="perspodologist"/>
    <display value="podologist"/>
    <designation>
      <language value="en"/>
      <value value="podologist"/>
    </designation>
    <designation>
      <language value="nl-BE"/>
      <value value="podologist"/>
    </designation>
    <designation>
      <language value="fr-BE"/>
      <value value="podologue"/>
    </designation>
    <designation>
      <language value="de"/>
      <value value="Podologe"/>
    </designation>
  </concept>
  <concept>
    <code value="perspracticalnurse"/>
    <display value="practical nurse"/>
    <designation>
      <language value="en"/>
      <value value="practical nurse"/>
    </designation>
    <designation>
      <language value="nl-BE"/>
      <value value="verzorgende"/>
    </designation>
    <designation>
      <language value="fr-BE"/>
      <value value="aide-soignante"/>
    </designation>
    <designation>
      <language value="de"/>
      <value value="Pfleger"/>
    </designation>
  </concept>
  <concept>
    <code value="perspsychologist"/>
    <display value="psychologist"/>
    <designation>
      <language value="en"/>
      <value value="psychologist"/>
    </designation>
    <designation>
      <language value="nl-BE"/>
      <value value="psycholoog"/>
    </designation>
    <designation>
      <language value="fr-BE"/>
      <value value="psychologue"/>
    </designation>
    <designation>
      <language value="de"/>
      <value value="Psychologe"/>
    </designation>
  </concept>
  <concept>
    <code value="orgprimaryhealthcarecenter"/>
    <display value="primary health care center"/>
    <designation>
      <language value="en"/>
      <value value="primary health care center"/>
    </designation>
    <designation>
      <language value="nl-BE"/>
      <value value="medisch huis"/>
    </designation>
    <designation>
      <language value="fr-BE"/>
      <value value="Maison médicale"/>
    </designation>
    <designation>
      <language value="de"/>
      <value value="Gesundheitspflege der ersten Linie"/>
    </designation>
  </concept>
  <concept>
    <code value="guardpost"/>
    <display value="Guard post"/>
    <designation>
      <language value="en"/>
      <value value="Guard post"/>
    </designation>
    <designation>
      <language value="nl-BE"/>
      <value value="wachtpost"/>
    </designation>
    <designation>
      <language value="fr-BE"/>
      <value value="poste de garde"/>
    </designation>
    <designation>
      <language value="de"/>
      <value value="Wachposten"/>
    </designation>
  </concept>
  <concept>
    <code value="groupofphysicianssameaddress"/>
    <display value="Group of physicians same address"/>
    <designation>
      <language value="en"/>
      <value value="Group of physicians same address"/>
    </designation>
    <designation>
      <language value="nl-BE"/>
      <value value="groepering van artsen zelfde adres"/>
    </designation>
    <designation>
      <language value="fr-BE"/>
      <value value="regroupement de médecins même adresse"/>
    </designation>
    <designation>
      <language value="de"/>
      <value value="Gruppierung von Ärzten gleiche Adresse"/>
    </designation>
  </concept>
  <concept>
    <code value="groupofphysiciansdifferentaddress"/>
    <display value="Group of physicians different address"/>
    <designation>
      <language value="en"/>
      <value value="Group of physicians different address"/>
    </designation>
    <designation>
      <language value="nl-BE"/>
      <value value="Groepering van artsen verschillend adres"/>
    </designation>
    <designation>
      <language value="fr-BE"/>
      <value value="Regroupement de médecins adresse différente"/>
    </designation>
    <designation>
      <language value="de"/>
      <value value="Gruppierung von Ärzten andere Adresse"/>
    </designation>
  </concept>
  <concept>
    <code value="groupofnurses"/>
    <display value="Group of nurses"/>
    <designation>
      <language value="en"/>
      <value value="Group of nurses"/>
    </designation>
    <designation>
      <language value="nl-BE"/>
      <value value="Groepering van verplegers"/>
    </designation>
    <designation>
      <language value="fr-BE"/>
      <value value="Regroupement d&#39;infirmiers"/>
    </designation>
    <designation>
      <language value="de"/>
      <value value="Krankenpflegeverein"/>
    </designation>
  </concept>
  <concept>
    <code value="certificateholder"/>
    <display value="Certificate holder"/>
    <designation>
      <language value="en"/>
      <value value="Certificate holder"/>
    </designation>
    <designation>
      <language value="nl-BE"/>
      <value value="Houder van certificaat"/>
    </designation>
    <designation>
      <language value="fr-BE"/>
      <value value="Titulaire du certificat"/>
    </designation>
    <designation>
      <language value="de"/>
      <value value="Zertifikatsinhaber"/>
    </designation>
  </concept>
  <concept>
    <code value="perstrussmaker"/>
    <display value="Truss maker"/>
    <designation>
      <language value="en"/>
      <value value="Truss maker"/>
    </designation>
    <designation>
      <language value="nl-BE"/>
      <value value="Bandagist"/>
    </designation>
    <designation>
      <language value="fr-BE"/>
      <value value="Bandagiste"/>
    </designation>
    <designation>
      <language value="de"/>
      <value value="Bandagist"/>
    </designation>
  </concept>
  <concept>
    <code value="patient"/>
    <display value="Patient"/>
    <designation>
      <language value="en"/>
      <value value="Patient"/>
    </designation>
    <designation>
      <language value="nl-BE"/>
      <value value="Patient"/>
    </designation>
    <designation>
      <language value="fr-BE"/>
      <value value="Patient"/>
    </designation>
    <designation>
      <language value="de"/>
      <value value="Patient"/>
    </designation>
  </concept>
  <concept>
    <code value="persorthotist"/>
    <display value="Orthotist"/>
    <designation>
      <language value="en"/>
      <value value="Orthotist"/>
    </designation>
    <designation>
      <language value="nl-BE"/>
      <value value="Orthopedische technieker"/>
    </designation>
    <designation>
      <language value="fr-BE"/>
      <value value="Orthésiste/Prothésiste"/>
    </designation>
    <designation>
      <language value="de"/>
      <value value="Orthopädietechniker"/>
    </designation>
  </concept>
  <concept>
    <code value="perspatientdriver"/>
    <display value="Patient driver (not urgent)"/>
    <designation>
      <language value="en"/>
      <value value="Patient driver (not urgent)"/>
    </designation>
    <designation>
      <language value="nl-BE"/>
      <value value="Ziekenvervoerder (niet urgent)"/>
    </designation>
    <designation>
      <language value="fr-BE"/>
      <value value="Transporteur de patient (non urgent)"/>
    </designation>
    <designation>
      <language value="de"/>
      <value value="Patientenfahrer (nicht dringend)"/>
    </designation>
  </concept>
  <concept>
    <code value="orgprevention"/>
    <display value="Prevention organisation"/>
    <designation>
      <language value="en"/>
      <value value="Prevention organisation"/>
    </designation>
    <designation>
      <language value="nl-BE"/>
      <value value="Preventiedienst"/>
    </designation>
    <designation>
      <language value="fr-BE"/>
      <value value="Service de pévention"/>
    </designation>
    <designation>
      <language value="de"/>
      <value value="Präventionsdienst"/>
    </designation>
  </concept>
  <concept>
    <code value="perspharmacistclinicalbiologist"/>
    <display value="pharmacist-clinical biologist"/>
    <designation>
      <language value="en"/>
      <value value="pharmacist-clinical biologist"/>
    </designation>
    <designation>
      <language value="nl-BE"/>
      <value value="apotheker-klinisch bioloog"/>
    </designation>
    <designation>
      <language value="fr-BE"/>
      <value value="pharmacien-biologiste clinicien"/>
    </designation>
    <designation>
      <language value="de"/>
      <value value="Apotheker-klinische Biologe"/>
    </designation>
  </concept>
  <concept>
    <code value="hub"/>
    <display value="hub"/>
    <designation>
      <language value="en"/>
      <value value="hub"/>
    </designation>
    <designation>
      <language value="nl-BE"/>
      <value value="hub"/>
    </designation>
    <designation>
      <language value="fr-BE"/>
      <value value="hub"/>
    </designation>
    <designation>
      <language value="de"/>
      <value value="hub"/>
    </designation>
  </concept>
  <concept>
    <code value="deptnursing"/>
    <display value="nursing"/>
    <designation>
      <language value="en"/>
      <value value="nursing"/>
    </designation>
    <designation>
      <language value="nl-BE"/>
      <value value="verpleegkunde"/>
    </designation>
    <designation>
      <language value="fr-BE"/>
      <value value="soins infirmiers"/>
    </designation>
    <designation>
      <language value="de"/>
      <value value="Krankenpflege"/>
    </designation>
  </concept>
  <concept>
    <code value="persoraldentalhygienist"/>
    <display value="Oral dental hygienist"/>
    <designation>
      <language value="en"/>
      <value value="Oral dental hygienist"/>
    </designation>
    <designation>
      <language value="nl-BE"/>
      <value value="Mondhygiënist"/>
    </designation>
    <designation>
      <language value="fr-BE"/>
      <value value="Hygiéniste bucco-dentaire"/>
    </designation>
    <designation>
      <language value="de"/>
      <value value="Dentalhygieniker"/>
    </designation>
  </concept>
  <concept>
    <code value="persclinicalpsychologist"/>
    <display value="Clinical psychologist"/>
    <designation>
      <language value="en"/>
      <value value="Clinical psychologist"/>
    </designation>
    <designation>
      <language value="nl-BE"/>
      <value value="Klinisch psycholoog"/>
    </designation>
    <designation>
      <language value="fr-BE"/>
      <value value="Psychologue clinicien"/>
    </designation>
    <designation>
      <language value="de"/>
      <value value="Klinischer Psychologe"/>
    </designation>
  </concept>
  <concept>
    <code value="persclinicalorthopedagogist"/>
    <display value="Clinical orthopedagogist"/>
    <designation>
      <language value="en"/>
      <value value="Clinical orthopedagogist"/>
    </designation>
    <designation>
      <language value="nl-BE"/>
      <value value="Klinisch orthopedagoog"/>
    </designation>
    <designation>
      <language value="fr-BE"/>
      <value value="Orthopédagogue clinicien"/>
    </designation>
    <designation>
      <language value="de"/>
      <value value="Klinischer Orthopädagoge"/>
    </designation>
  </concept>
  <concept>
    <code value="orgretirementhome"/>
    <display value="retirementhome"/>
    <designation>
      <language value="en"/>
      <value value="retirementhome"/>
    </designation>
    <designation>
      <language value="nl-BE"/>
      <value value="woonzorgcentrum"/>
    </designation>
    <designation>
      <language value="fr-BE"/>
      <value value="maison de repos"/>
    </designation>
    <designation>
      <language value="de"/>
      <value value="Altenheim"/>
    </designation>
  </concept>
  <concept>
    <code value="orgrevalidationcenter"/>
    <display value="revalidation center"/>
    <designation>
      <language value="en"/>
      <value value="revalidation center"/>
    </designation>
    <designation>
      <language value="nl-BE"/>
      <value value="revalidatiecentrum"/>
    </designation>
    <designation>
      <language value="fr-BE"/>
      <value value="centre de revalidation"/>
    </designation>
    <designation>
      <language value="de"/>
      <value value="Unfallkrankenhaus"/>
    </designation>
  </concept>
  <concept>
    <code value="orgshelteredliving"/>
    <display value="sheltered living"/>
    <designation>
      <language value="en"/>
      <value value="sheltered living"/>
    </designation>
    <designation>
      <language value="nl-BE"/>
      <value value="initiatief voor beschut wonen"/>
    </designation>
    <designation>
      <language value="fr-BE"/>
      <value value="initiative d’habitation protégée"/>
    </designation>
    <designation>
      <language value="de"/>
      <value value="geschütztes Leben"/>
    </designation>
  </concept>
  <concept>
    <code value="orgpsychiatriccarehome"/>
    <display value="psychiatric care home"/>
    <designation>
      <language value="en"/>
      <value value="psychiatric care home"/>
    </designation>
    <designation>
      <language value="nl-BE"/>
      <value value="psychiatrische verzorgingstehuis"/>
    </designation>
    <designation>
      <language value="fr-BE"/>
      <value value="maison de soins psychiatriques"/>
    </designation>
    <designation>
      <language value="de"/>
      <value value="psychiatrisches Pflegeheim"/>
    </designation>
  </concept>
  <concept>
    <code value="orgpolyclinic"/>
    <display value="polyclinic"/>
    <designation>
      <language value="en"/>
      <value value="polyclinic"/>
    </designation>
    <designation>
      <language value="nl-BE"/>
      <value value="polikliniek"/>
    </designation>
    <designation>
      <language value="fr-BE"/>
      <value value="polyclinique"/>
    </designation>
    <designation>
      <language value="de"/>
      <value value="Poliklinik"/>
    </designation>
  </concept>
</CodeSystem>