{
  "resourceType" : "CodeSystem",
  "id" : "medication-type",
  "text" : {
    "status" : "generated",
    "div" : "<div xmlns=\"http://www.w3.org/1999/xhtml\"><p>This case-insensitive code system <code>https://www.ehealth.fgov.be/standards/fhir/medication/CodeSystem/medication-type</code> defines the following codes:</p><table class=\"codes\"><tr><td style=\"white-space:nowrap\"><b>Code</b></td><td><b>Display</b></td></tr><tr><td style=\"white-space:nowrap\">magistral<a name=\"medication-type-magistral\"> </a></td><td>Magistral preparation</td></tr><tr><td style=\"white-space:nowrap\">officinal<a name=\"medication-type-officinal\"> </a></td><td>Officinal preparation</td></tr><tr><td style=\"white-space:nowrap\">medicinal-product<a name=\"medication-type-medicinal-product\"> </a></td><td>Medicinal Product</td></tr><tr><td style=\"white-space:nowrap\">non-medicinal-product<a name=\"medication-type-non-medicinal-product\"> </a></td><td>non-medicinal product e.g. supplement</td></tr></table></div>"
  },
  "url" : "https://www.ehealth.fgov.be/standards/fhir/medication/CodeSystem/medication-type",
  "version" : "2.0.0",
  "name" : "BEMLMedicationType",
  "title" : "Medication preparation Type",
  "status" : "draft",
  "experimental" : false,
  "date" : "2024-03-30T14:41:48+00:00",
  "publisher" : "eHealth Platform",
  "contact" : [{
    "name" : "eHealth Platform",
    "telecom" : [{
      "system" : "url",
      "value" : "https://www.ehealth.fgov.be/standards/fhir"
    },
    {
      "system" : "email",
      "value" : "message-structure@ehealth.fgov.be"
    }]
  },
  {
    "name" : "Message Structure eHealth",
    "telecom" : [{
      "system" : "email",
      "value" : "message-structure@ehealth.fgov.be",
      "use" : "work"
    }]
  }],
  "description" : "Medication preparation type",
  "jurisdiction" : [{
    "coding" : [{
      "system" : "urn:iso:std:iso:3166",
      "code" : "BE",
      "display" : "Belgium"
    }]
  }],
  "caseSensitive" : false,
  "content" : "complete",
  "count" : 4,
  "concept" : [{
    "code" : "magistral",
    "display" : "Magistral preparation"
  },
  {
    "code" : "officinal",
    "display" : "Officinal preparation"
  },
  {
    "code" : "medicinal-product",
    "display" : "Medicinal Product"
  },
  {
    "code" : "non-medicinal-product",
    "display" : "non-medicinal product e.g. supplement"
  }]
}