{
  "resourceType" : "Bundle",
  "id" : "83819111-7d8e-4c23-8ef7-6d419b4bc3a1",
  "meta" : {
    "lastUpdated" : "2023-10-07T20:10:57.032+00:00"
  },
  "type" : "collection",
  "entry" : [{
    "fullUrl" : "https://www.ehealth.fgov.be/standards/fhir/medication/ValueSet/medication-exposuretype-vs",
    "resource" : {
      "resourceType" : "ValueSet",
      "text" : {
        "status" : "generated",
        "div" : "<div xmlns=\"http://www.w3.org/1999/xhtml\"><p>This value set contains 3 concepts</p><p style=\"border: black 1px dotted; background-color: #EEEEEE; padding: 8px; margin-bottom: 8px\">Expansion based on <a href=\"CodeSystem-medication-exposuretype.html\">codesystem Medication exposure purpose v1.0.1 (CodeSystem)</a></p><table class=\"codes\"><tr><td style=\"white-space:nowrap\"><b>Code</b></td><td><b>System</b></td><td><b>Display</b></td></tr><tr><td style=\"white-space:nowrap\"><a name=\"https---www.ehealth.fgov.be-standards-fhir-medication-CodeSystem-medication-exposuretype-prophylaxys\"> </a>\u00a0\u00a0<a href=\"CodeSystem-medication-exposuretype.html#medication-exposuretype-prophylaxys\">prophylaxys</a></td><td>https://www.ehealth.fgov.be/standards/fhir/medication/CodeSystem/medication-exposuretype</td><td>Prophylactic purpose</td></tr><tr><td style=\"white-space:nowrap\"><a name=\"https---www.ehealth.fgov.be-standards-fhir-medication-CodeSystem-medication-exposuretype-therapy\"> </a>\u00a0\u00a0<a href=\"CodeSystem-medication-exposuretype.html#medication-exposuretype-therapy\">therapy</a></td><td>https://www.ehealth.fgov.be/standards/fhir/medication/CodeSystem/medication-exposuretype</td><td>Therapeutic purpose</td></tr><tr><td style=\"white-space:nowrap\"><a name=\"https---www.ehealth.fgov.be-standards-fhir-medication-CodeSystem-medication-exposuretype-other\"> </a>\u00a0\u00a0<a href=\"CodeSystem-medication-exposuretype.html#medication-exposuretype-other\">other</a></td><td>https://www.ehealth.fgov.be/standards/fhir/medication/CodeSystem/medication-exposuretype</td><td>Other e.g. diagnostic purposes</td></tr></table></div>"
      },
      "url" : "https://www.ehealth.fgov.be/standards/fhir/medication/ValueSet/medication-exposuretype-vs",
      "version" : "1.0.1",
      "name" : "BEMLMExposureTypeVS",
      "title" : "Medication exposure purpose",
      "status" : "draft",
      "date" : "2023-10-07T20:10:57+00:00",
      "jurisdiction" : [{
        "coding" : [{
          "system" : "urn:iso:std:iso:3166",
          "code" : "BE",
          "display" : "Belgium"
        }]
      }],
      "expansion" : {
        "identifier" : "urn:uuid:6a576eb2-682a-457c-a19b-e31de270cfd2",
        "timestamp" : "2023-10-07T20:11:35+00:00",
        "total" : 3,
        "parameter" : [{
          "name" : "excludeNested",
          "valueBoolean" : false
        },
        {
          "name" : "used-codesystem",
          "valueUri" : "https://www.ehealth.fgov.be/standards/fhir/medication/CodeSystem/medication-exposuretype|1.0.1"
        }],
        "contains" : [{
          "system" : "https://www.ehealth.fgov.be/standards/fhir/medication/CodeSystem/medication-exposuretype",
          "code" : "prophylaxys",
          "display" : "Prophylactic purpose"
        },
        {
          "system" : "https://www.ehealth.fgov.be/standards/fhir/medication/CodeSystem/medication-exposuretype",
          "code" : "therapy",
          "display" : "Therapeutic purpose"
        },
        {
          "system" : "https://www.ehealth.fgov.be/standards/fhir/medication/CodeSystem/medication-exposuretype",
          "code" : "other",
          "display" : "Other e.g. diagnostic purposes"
        }]
      }
    }
  },
  {
    "fullUrl" : "https://www.ehealth.fgov.be/standards/fhir/medication/ValueSet/medication-type-vs",
    "resource" : {
      "resourceType" : "ValueSet",
      "text" : {
        "status" : "generated",
        "div" : "<div xmlns=\"http://www.w3.org/1999/xhtml\"><p>This value set contains 4 concepts</p><p style=\"border: black 1px dotted; background-color: #EEEEEE; padding: 8px; margin-bottom: 8px\">Expansion based on <a href=\"CodeSystem-medication-type.html\">codesystem Medication preparation Type v1.0.1 (CodeSystem)</a></p><table class=\"codes\"><tr><td style=\"white-space:nowrap\"><b>Code</b></td><td><b>System</b></td><td><b>Display</b></td></tr><tr><td style=\"white-space:nowrap\"><a name=\"https---www.ehealth.fgov.be-standards-fhir-medication-CodeSystem-medication-type-magistral\"> </a>\u00a0\u00a0<a href=\"CodeSystem-medication-type.html#medication-type-magistral\">magistral</a></td><td>https://www.ehealth.fgov.be/standards/fhir/medication/CodeSystem/medication-type</td><td>Magistral preparation</td></tr><tr><td style=\"white-space:nowrap\"><a name=\"https---www.ehealth.fgov.be-standards-fhir-medication-CodeSystem-medication-type-officinal\"> </a>\u00a0\u00a0<a href=\"CodeSystem-medication-type.html#medication-type-officinal\">officinal</a></td><td>https://www.ehealth.fgov.be/standards/fhir/medication/CodeSystem/medication-type</td><td>Officinal preparation</td></tr><tr><td style=\"white-space:nowrap\"><a name=\"https---www.ehealth.fgov.be-standards-fhir-medication-CodeSystem-medication-type-medicinal-product\"> </a>\u00a0\u00a0<a href=\"CodeSystem-medication-type.html#medication-type-medicinal-product\">medicinal-product</a></td><td>https://www.ehealth.fgov.be/standards/fhir/medication/CodeSystem/medication-type</td><td>Medicinal Product</td></tr><tr><td style=\"white-space:nowrap\"><a name=\"https---www.ehealth.fgov.be-standards-fhir-medication-CodeSystem-medication-type-non-medicinal-product\"> </a>\u00a0\u00a0<a href=\"CodeSystem-medication-type.html#medication-type-non-medicinal-product\">non-medicinal-product</a></td><td>https://www.ehealth.fgov.be/standards/fhir/medication/CodeSystem/medication-type</td><td>non-medicinal product e.g. supplement</td></tr></table></div>"
      },
      "url" : "https://www.ehealth.fgov.be/standards/fhir/medication/ValueSet/medication-type-vs",
      "version" : "1.0.1",
      "name" : "BEMLMedicationTypeVS",
      "status" : "draft",
      "date" : "2023-10-07T20:10:57+00:00",
      "jurisdiction" : [{
        "coding" : [{
          "system" : "urn:iso:std:iso:3166",
          "code" : "BE",
          "display" : "Belgium"
        }]
      }],
      "expansion" : {
        "identifier" : "urn:uuid:beb4dbcd-8693-46f7-9ae0-73609bcc770a",
        "timestamp" : "2023-10-07T20:11:36+00:00",
        "total" : 4,
        "parameter" : [{
          "name" : "excludeNested",
          "valueBoolean" : false
        },
        {
          "name" : "used-codesystem",
          "valueUri" : "https://www.ehealth.fgov.be/standards/fhir/medication/CodeSystem/medication-type|1.0.1"
        }],
        "contains" : [{
          "system" : "https://www.ehealth.fgov.be/standards/fhir/medication/CodeSystem/medication-type",
          "code" : "magistral",
          "display" : "Magistral preparation"
        },
        {
          "system" : "https://www.ehealth.fgov.be/standards/fhir/medication/CodeSystem/medication-type",
          "code" : "officinal",
          "display" : "Officinal preparation"
        },
        {
          "system" : "https://www.ehealth.fgov.be/standards/fhir/medication/CodeSystem/medication-type",
          "code" : "medicinal-product",
          "display" : "Medicinal Product"
        },
        {
          "system" : "https://www.ehealth.fgov.be/standards/fhir/medication/CodeSystem/medication-type",
          "code" : "non-medicinal-product",
          "display" : "non-medicinal product e.g. supplement"
        }]
      }
    }
  },
  {
    "fullUrl" : "https://www.ehealth.fgov.be/standards/fhir/medication/ValueSet/be-vs-dispenser-types",
    "resource" : {
      "resourceType" : "ValueSet",
      "text" : {
        "status" : "generated",
        "div" : "<div xmlns=\"http://www.w3.org/1999/xhtml\"><p>This value set contains 7 concepts</p><p style=\"border: black 1px dotted; background-color: #EEEEEE; padding: 8px; margin-bottom: 8px\">Expansion based on <a href=\"https://www.ehealth.fgov.be/standards/fhir/core/2.0.0/CodeSystem-cd-hcparty.html\">codesystem HCParty v2.0.0 (CodeSystem)</a></p><table class=\"codes\"><tr><td style=\"white-space:nowrap\"><b>Code</b></td><td><b>System</b></td><td><b>Display</b></td></tr><tr><td style=\"white-space:nowrap\"><a name=\"https---www.ehealth.fgov.be-standards-fhir-core-CodeSystem-cd-hcparty-deptpharmacy\"> </a>\u00a0\u00a0<a href=\"https://www.ehealth.fgov.be/standards/fhir/core/2.0.0/CodeSystem-cd-hcparty.html#cd-hcparty-deptpharmacy\">deptpharmacy</a></td><td>https://www.ehealth.fgov.be/standards/fhir/core/CodeSystem/cd-hcparty</td><td>Pharmacy service or department within an organisation</td></tr><tr><td style=\"white-space:nowrap\"><a name=\"https---www.ehealth.fgov.be-standards-fhir-core-CodeSystem-cd-hcparty-perspharmacist\"> </a>\u00a0\u00a0<a href=\"https://www.ehealth.fgov.be/standards/fhir/core/2.0.0/CodeSystem-cd-hcparty.html#cd-hcparty-perspharmacist\">perspharmacist</a></td><td>https://www.ehealth.fgov.be/standards/fhir/core/CodeSystem/cd-hcparty</td><td>pharmacist</td></tr><tr><td style=\"white-space:nowrap\"><a name=\"https---www.ehealth.fgov.be-standards-fhir-core-CodeSystem-cd-hcparty-orgpharmacy\"> </a>\u00a0\u00a0<a href=\"https://www.ehealth.fgov.be/standards/fhir/core/2.0.0/CodeSystem-cd-hcparty.html#cd-hcparty-orgpharmacy\">orgpharmacy</a></td><td>https://www.ehealth.fgov.be/standards/fhir/core/CodeSystem/cd-hcparty</td><td>Independent pharmacy</td></tr><tr><td style=\"white-space:nowrap\"><a name=\"https---www.ehealth.fgov.be-standards-fhir-core-CodeSystem-cd-hcparty-perspharmacyassistant\"> </a>\u00a0\u00a0<a href=\"https://www.ehealth.fgov.be/standards/fhir/core/2.0.0/CodeSystem-cd-hcparty.html#cd-hcparty-perspharmacyassistant\">perspharmacyassistant</a></td><td>https://www.ehealth.fgov.be/standards/fhir/core/CodeSystem/cd-hcparty</td><td>pharmacy assistant</td></tr><tr><td style=\"white-space:nowrap\"><a name=\"https---www.ehealth.fgov.be-standards-fhir-core-CodeSystem-cd-hcparty-perspharmacistclinicalbiologist\"> </a>\u00a0\u00a0<a href=\"https://www.ehealth.fgov.be/standards/fhir/core/2.0.0/CodeSystem-cd-hcparty.html#cd-hcparty-perspharmacistclinicalbiologist\">perspharmacistclinicalbiologist</a></td><td>https://www.ehealth.fgov.be/standards/fhir/core/CodeSystem/cd-hcparty</td><td>pharmacist-clinical biologist</td></tr><tr><td style=\"white-space:nowrap\"><a name=\"https---www.ehealth.fgov.be-standards-fhir-core-CodeSystem-cd-hcparty-persdentist\"> </a>\u00a0\u00a0<a href=\"https://www.ehealth.fgov.be/standards/fhir/core/2.0.0/CodeSystem-cd-hcparty.html#cd-hcparty-persdentist\">persdentist</a></td><td>https://www.ehealth.fgov.be/standards/fhir/core/CodeSystem/cd-hcparty</td><td>dentist</td></tr><tr><td style=\"white-space:nowrap\"><a name=\"https---www.ehealth.fgov.be-standards-fhir-core-CodeSystem-cd-hcparty-deptdentistry\"> </a>\u00a0\u00a0<a href=\"https://www.ehealth.fgov.be/standards/fhir/core/2.0.0/CodeSystem-cd-hcparty.html#cd-hcparty-deptdentistry\">deptdentistry</a></td><td>https://www.ehealth.fgov.be/standards/fhir/core/CodeSystem/cd-hcparty</td><td>dentistry</td></tr></table></div>"
      },
      "url" : "https://www.ehealth.fgov.be/standards/fhir/medication/ValueSet/be-vs-dispenser-types",
      "version" : "1.0.1",
      "name" : "DispenserTypes",
      "title" : "Dispenser Types",
      "status" : "draft",
      "date" : "2023-10-07T20:10:57+00:00",
      "jurisdiction" : [{
        "coding" : [{
          "system" : "urn:iso:std:iso:3166",
          "code" : "BE",
          "display" : "Belgium"
        }]
      }],
      "expansion" : {
        "identifier" : "urn:uuid:8f76cc37-aede-42b7-83ab-bf8e44ef8f6b",
        "timestamp" : "2023-10-07T20:11:36+00:00",
        "total" : 7,
        "parameter" : [{
          "name" : "excludeNested",
          "valueBoolean" : false
        },
        {
          "name" : "used-codesystem",
          "valueUri" : "https://www.ehealth.fgov.be/standards/fhir/core/CodeSystem/cd-hcparty|2.0.0"
        }],
        "contains" : [{
          "system" : "https://www.ehealth.fgov.be/standards/fhir/core/CodeSystem/cd-hcparty",
          "code" : "deptpharmacy",
          "display" : "Pharmacy service or department within an organisation"
        },
        {
          "system" : "https://www.ehealth.fgov.be/standards/fhir/core/CodeSystem/cd-hcparty",
          "code" : "perspharmacist",
          "display" : "pharmacist"
        },
        {
          "system" : "https://www.ehealth.fgov.be/standards/fhir/core/CodeSystem/cd-hcparty",
          "code" : "orgpharmacy",
          "display" : "Independent pharmacy"
        },
        {
          "system" : "https://www.ehealth.fgov.be/standards/fhir/core/CodeSystem/cd-hcparty",
          "code" : "perspharmacyassistant",
          "display" : "pharmacy assistant"
        },
        {
          "system" : "https://www.ehealth.fgov.be/standards/fhir/core/CodeSystem/cd-hcparty",
          "code" : "perspharmacistclinicalbiologist",
          "display" : "pharmacist-clinical biologist"
        },
        {
          "system" : "https://www.ehealth.fgov.be/standards/fhir/core/CodeSystem/cd-hcparty",
          "code" : "persdentist",
          "display" : "dentist"
        },
        {
          "system" : "https://www.ehealth.fgov.be/standards/fhir/core/CodeSystem/cd-hcparty",
          "code" : "deptdentistry",
          "display" : "dentistry"
        }]
      }
    }
  }]
}