<?xml version="1.0" encoding="UTF-8"?>

<Bundle xmlns="http://hl7.org/fhir">
  <id value="9e43a044-378a-4bdc-a246-c06756abd929"/>
  <meta>
    <lastUpdated value="2021-06-19T13:00:40.060+00:00"/>
  </meta>
  <type value="collection"/>
  <entry>
    <fullUrl value="https://www.hl7belgium.be/fhir/ValueSet/be-vs-medication-summary-types"/>
    <resource>
      <ValueSet>
        <id value="be-vs-medication-summary-types"/>
        <text>
          <status value="generated"/>
          <div xmlns="http://www.w3.org/1999/xhtml">
            <p>This value set contains 2 concepts</p>
            <p style="border: black 1px dotted; background-color: #EEEEEE; padding: 8px; margin-bottom: 8px">Expansion based on 
              <a href="CodeSystem-be-cs-medication-summary-types.html">Medication Summary types v0.2.0 (CodeSystem)</a>
            </p>
            <p>All codes from system 
              <a href="CodeSystem-be-cs-medication-summary-types.html">
                <code>https://www.hl7belgium.be/fhir/CodeSystem/be-cs-medication-summary-types</code>
              </a>
            </p>
            <table class="codes">
              <tr>
                <td style="white-space:nowrap">
                  <b>Code</b>
                </td>
                <td>
                  <b>Display</b>
                </td>
                <td>
                  <b>Definition</b>
                </td>
              </tr>
              <tr>
                <td style="white-space:nowrap">
                  <a name="https---www.hl7belgium.be-fhir-CodeSystem-be-cs-medication-summary-types-kmehr-ms-5.6"> </a>
                  <a href="CodeSystem-be-cs-medication-summary-types.html#be-cs-medication-summary-types-kmehr-ms-5.466">kmehr-ms-5.6</a>
                </td>
                <td>Belgian Medication Schema v5.6 - 09/2018</td>
                <td/>
              </tr>
              <tr>
                <td style="white-space:nowrap">
                  <a name="https---www.hl7belgium.be-fhir-CodeSystem-be-cs-medication-summary-types-kmehr-ms-5.5"> </a>
                  <a href="CodeSystem-be-cs-medication-summary-types.html#be-cs-medication-summary-types-kmehr-ms-5.465">kmehr-ms-5.5</a>
                </td>
                <td>Belgian Medication Schema v5.5 - 12-2017</td>
                <td/>
              </tr>
            </table>
          </div>
        </text>
        <url value="https://www.hl7belgium.be/fhir/ValueSet/be-vs-medication-summary-types"/>
        <version value="0.2.0"/>
        <name value="BeVSMedicationSummaryTypes"/>
        <title value="Medication Summary types"/>
        <status value="active"/>
        <date value="2021-06-19T13:00:40+00:00"/>
        <publisher value="HL7 Belgium"/>
        <contact>
          <telecom>
            <system value="url"/>
            <value value="http://hl7belgium.org"/>
          </telecom>
        </contact>
        <description value="Valueset -  Medication Summary types"/>
        <jurisdiction>
          <coding>
            <system value="http://unstats.un.org/unsd/methods/m49/m49.htm"/>
            <code value="056"/>
          </coding>
          <text value="Belgium"/>
        </jurisdiction>
        <expansion>
          <identifier value="urn:uuid:e3773ff4-0200-4703-8f64-b99c160f0ca6"/>
          <timestamp value="2021-06-19T13:01:02+00:00"/>
          <total value="2"/>
          <parameter>
            <name value="excludeNested"/>
            <valueBoolean value="false"/>
          </parameter>
          <parameter>
            <name value="version"/>
            <valueUri value="https://www.hl7belgium.be/fhir/CodeSystem/be-cs-medication-summary-types|0.2.0"/>
          </parameter>
          <contains>
            <system value="https://www.hl7belgium.be/fhir/CodeSystem/be-cs-medication-summary-types"/>
            <code value="kmehr-ms-5.6"/>
            <display value="Belgian Medication Schema v5.6 - 09/2018"/>
          </contains>
          <contains>
            <system value="https://www.hl7belgium.be/fhir/CodeSystem/be-cs-medication-summary-types"/>
            <code value="kmehr-ms-5.5"/>
            <display value="Belgian Medication Schema v5.5 - 12-2017"/>
          </contains>
        </expansion>
      </ValueSet>
    </resource>
  </entry>
</Bundle>