<?xml version="1.0" encoding="UTF-8"?>

<MedicationDispense xmlns="http://hl7.org/fhir">
  <id value="example-dispense-communitypharmacy-1med"/>
  <meta>
    <profile value="https://www.ehealth.fgov.be/standards/fhir/medication/StructureDefinition/be-medicationdispense"/>
  </meta>
  <language value="fr-BE"/>
  <text>
    <status value="generated"/><div xmlns="http://www.w3.org/1999/xhtml" xml:lang="fr-BE" lang="fr-BE"><p><b>Generated Narrative</b></p><div style="display: inline-block; background-color: #d9e0e7; padding: 6px; margin: 4px; border: 1px solid #8da1b4; border-radius: 5px; line-height: 60%"><p style="margin-bottom: 0px">Resource "example-dispense-communitypharmacy-1med"  (Language "fr-BE") </p><p style="margin-bottom: 0px">Profile: <a href="StructureDefinition-be-medicationdispense.html">BeMedicationDispense</a></p></div><p><b>identifier</b>: dguid: a8ca980c-72aa-11e7-8cf7-a6006ad3dba0</p><p><b>status</b>: completed</p><p><b>medication</b>: Topazolam tab 50x 1,0mg <span style="background: LightGoldenRodYellow; margin: 4px; border: 1px solid khaki"> (cnk-codes#1439562; <a href="http://terminology.hl7.org/3.1.0/CodeSystem-atc.html">American Type Culture Collection</a>#N05BA12)</span></p><p><b>subject</b>: <span></span></p><p><b>context</b>: <span></span></p><blockquote><p><b>performer</b></p><p><b>actor</b>: <span>: Jan Janssen</span></p></blockquote><blockquote><p><b>performer</b></p><p><b>actor</b>: <span>: Apotheek onder de toren</span></p></blockquote><p><b>authorizingPrescription</b>: <span>: Prescription</span></p><p><b>quantity</b>: 1(unit package from https://www.gfd-dpp.be/fhir/reference/packaging)<span style="background: LightGoldenRodYellow"> (Details: https://www.gfd-dpp.be/fhir/reference/packaging code package = 'package')</span></p><p><b>whenHandedOver</b>: 2020-03-10</p></div>
  </text>
  <identifier>
    <type>
      <coding>
        <code value="dguid"/>
      </coding>
    </type>
    <system value="https://www.gfd-dpp.be/fhir/reference/dguid"/>
    <value value="a8ca980c-72aa-11e7-8cf7-a6006ad3dba0"/>
  </identifier>
  <status value="completed"/>
  <medicationCodeableConcept>
    <coding>
      <system value="https://www.ehealth.fgov.be/standards/fhir/medication/NamingSystem/cnk-codes"/>
      <code value="1439562"/>
      <display value="Topazolam tab 50x 1,0mg">
        <extension url="http://hl7.org/fhir/StructureDefinition/translation">
          <extension url="lang">
            <valueCode value="nl-BE"/>
          </extension>
          <extension url="content">
            <valueString value="Topazolam tab 50x 1,0mg"/>
          </extension>
        </extension>
      </display>
    </coding>
    <coding>
      <system value="http://www.whocc.no/atc"/>
      <code value="N05BA12"/>
    </coding>
  </medicationCodeableConcept>
  <subject>
    <identifier>
      <system value="https://www.ehealth.fgov.be/standards/fhir/NamingSystem/ssin"/>
      <value value="64110219106"/>
    </identifier>
  </subject>
  <context>
    <identifier>
      <type>
        <coding>
          <code value="sguid"/>
        </coding>
      </type>
      <system value="https://www.gfd-dpp.be/fhir/reference/sguid"/>
      <value value="b8ca980c-72aa-11e7-8cf7-a6006ad3dba0"/>
    </identifier>
  </context>
  <performer>
    <actor>
      <identifier>
        <system value="https://www.ehealth.fgov.be/standards/fhir/NamingSystem/nihdi-practitioner"/>
        <value value="6547432"/>
      </identifier>
      <display value="Jan Janssen"/>
    </actor>
  </performer>
  <performer>
    <actor>
      <identifier>
        <system value="https://www.ehealth.fgov.be/standards/fhir/NamingSystem/nihdi-organization"/>
        <value value="27457532"/>
      </identifier>
      <display value="Apotheek onder de toren"/>
    </actor>
  </performer>
  <authorizingPrescription>
    <identifier>
      <system value="https://www.ehealth.fgov.be/standards/fhir/NamingSystem/prescription-id"/>
      <value value="Prescription"/>
    </identifier>
    <display value="Prescription"/>
  </authorizingPrescription>
  <quantity>
    <value value="1"/>
    <system value="https://www.gfd-dpp.be/fhir/reference/packaging"/>
    <code value="package"/>
  </quantity>
  <whenHandedOver value="2020-03-10"/>
  <dosageInstruction>
    <text value="3 x par jour">
      <extension url="http://hl7.org/fhir/StructureDefinition/translation">
        <extension url="lang">
          <valueCode value="nl-BE"/>
        </extension>
        <extension url="content">
          <valueString value="3 x per dag"/>
        </extension>
      </extension>
    </text>
  </dosageInstruction>
</MedicationDispense>