"Id","Path","Slice Name","Alias(s)","Label","Min","Max","Must Support?","Is Modifier?","Is Summary?","Type(s)","Short","Definition","Comments","Requirements","Default Value","Meaning When Missing","Fixed Value","Pattern","Example","Minimum Value","Maximum Value","Maximum Length","Binding Strength","Binding Description","Binding Value Set","Code","Slicing Discriminator","Slicing Description","Slicing Ordered","Slicing Rules","Base Path","Base Min","Base Max","Condition(s)","Constraint(s)","Mapping: RIM Mapping"
"be-lm-medicationline","be-lm-medicationline","","","",0,*,"","","","null {[]} {[]}
","Medication Treatment Line - logical model","A model for representing a Treatment Line.","","","","","","","","","",,,,,"",,,,"Base",0,*,"",""
"be-lm-medicationline.uniqueIdentifier","be-lm-medicationline.uniqueIdentifier","","","",1,1,"","","","Identifier {[]} {[]}
","Unique identifier","A unique identifier for the medication line. This identifier alone may be the same for different versions of the medication line.","","","","","","","","","",,,,,"",,,,"be-lm-medicationline.uniqueIdentifier",1,1,"",""
"be-lm-medicationline.versionIdentifier","be-lm-medicationline.versionIdentifier","","","",1,1,"","","","string {[]} {[]}
","Timestamp the medication line content was recorded or last updated.","Timestamp the medication line content was recorded or last updated.","","","","","","","","","",,,,,"",,,,"be-lm-medicationline.versionIdentifier",1,1,"",""
"be-lm-medicationline.lastUpdatedDate","be-lm-medicationline.lastUpdatedDate","","","",1,1,"","","","string {[]} {[]}
","Timestamp the medication line content was recorded or last updated.","Timestamp the medication line content was recorded or last updated."," We consider this is redundant with the above, given the intended use in Belgium (version is a date). How to ensure the compatibility?","","","","","","","","",,,,,"",,,,"be-lm-medicationline.lastUpdatedDate",1,1,"",""
"be-lm-medicationline.status","be-lm-medicationline.status","","","",1,1,"","","","code {[]} {[]}
","Status of the treatment line entry","Status of the treatment line entry","","","","","","","","","",,,,,"",,,,"be-lm-medicationline.status",1,1,"",""
"be-lm-medicationline.statusReason","be-lm-medicationline.statusReason","","","",0,1,"","","","CodeableConcept {[]} {[]}
","Reason for the status","Reason for the status"," We consider this is not necessary - should we add?","","","","","","","","",,,,,"",,,,"be-lm-medicationline.statusReason",0,1,"",""
"be-lm-medicationline.recordedDate","be-lm-medicationline.recordedDate","","","",0,1,"","","","dateTime {[]} {[]}
","Date the medication line was first recorded","Date the medication line was first recorded"," We consider this is not necessary","","","","","","","","",,,,,"",,,,"be-lm-medicationline.recordedDate",0,1,"",""
"be-lm-medicationline.assertedDate","be-lm-medicationline.assertedDate","","","",0,1,"","","","dateTime {[]} {[]}
","Date the medication line was first asserted or known","Date the medication line was first asserted or known"," We consider this is not necessary","","","","","","","","",,,,,"",,,,"be-lm-medicationline.assertedDate",0,1,"",""
"be-lm-medicationline.recorder","be-lm-medicationline.recorder","","","",1,1,"","","","Reference {[]} {[CanonicalType[http://hl7.org/fhir/StructureDefinition/Practitioner]]}
","Recorder","Recorder","We understand this will be updated as the line changes","","","","","","","","",,,,,"",,,,"be-lm-medicationline.recorder",1,1,"",""
"be-lm-medicationline.patient","be-lm-medicationline.patient","","","",1,1,"","","","Reference {[]} {[CanonicalType[http://hl7.org/fhir/StructureDefinition/Patient]]}
","Patient","Patient","","","","","","","","","",,,,,"",,,,"be-lm-medicationline.patient",1,1,"",""
"be-lm-medicationline.category","be-lm-medicationline.category","","","",0,1,"","","","BackboneElement {[]} {[]}
","Category for the treatment line","Category for the treatment line","","","","","","","","","",,,,,"",,,,"be-lm-medicationline.category",0,1,"","ele-1:All FHIR elements must have a @value or children {hasValue() or (children().count() > id.count())}
"
"be-lm-medicationline.category.id","be-lm-medicationline.category.id","","","",0,1,"","","","string {[]} {[]}
","Unique id for inter-element referencing","Unique id for the element within a resource (for internal references). This may be any string value that does not contain spaces.","","","","","","","","","",,,,,"",,,,"Element.id",0,1,"","","n/a"
"be-lm-medicationline.category.extension","be-lm-medicationline.category.extension","","extensions
user content","",0,*,"","","","Extension {[]} {[]}
","Additional content defined by implementations","May be used to represent additional information that is not part of the basic definition of the element. To make the use of extensions safe and manageable, there is a strict set of governance  applied to the definition and use of extensions. Though any implementer can define an extension, there is a set of requirements that SHALL be met as part of the definition of the extension.","There can be no stigma associated with the use of extensions by any application, project, or standard - regardless of the institution or jurisdiction that uses or defines the extensions.  The use of extensions is what allows the FHIR specification to retain a core level of simplicity for everyone.","","","","","","","","",,,,,"","value:url}
","Extensions are always sliced by (at least) url",,"open","Element.extension",0,*,"","ele-1:All FHIR elements must have a @value or children {hasValue() or (children().count() > id.count())}
ext-1:Must have either extensions or value[x], not both {extension.exists() != value.exists()}","n/a"
"be-lm-medicationline.category.modifierExtension","be-lm-medicationline.category.modifierExtension","","extensions
user contentmodifiers","",0,*,"","Y","Y","Extension {[]} {[]}
","Extensions that cannot be ignored even if unrecognized","May be used to represent additional information that is not part of the basic definition of the element and that modifies the understanding of the element in which it is contained and/or the understanding of the containing element's descendants. Usually modifier elements provide negation or qualification. To make the use of extensions safe and manageable, there is a strict set of governance applied to the definition and use of extensions. Though any implementer can define an extension, there is a set of requirements that SHALL be met as part of the definition of the extension. Applications processing a resource are required to check for modifier extensions.

Modifier extensions SHALL NOT change the meaning of any elements on Resource or DomainResource (including cannot change the meaning of modifierExtension itself).","There can be no stigma associated with the use of extensions by any application, project, or standard - regardless of the institution or jurisdiction that uses or defines the extensions.  The use of extensions is what allows the FHIR specification to retain a core level of simplicity for everyone.","Modifier extensions allow for extensions that *cannot* be safely ignored to be clearly distinguished from the vast majority of extensions which can be safely ignored.  This promotes interoperability by eliminating the need for implementers to prohibit the presence of extensions. For further information, see the [definition of modifier extensions](http://hl7.org/fhir/R4/extensibility.html#modifierExtension).","","","","","","","",,,,,"",,,,"BackboneElement.modifierExtension",0,*,"","ele-1:All FHIR elements must have a @value or children {hasValue() or (children().count() > id.count())}
ext-1:Must have either extensions or value[x], not both {extension.exists() != value.exists()}","N/A"
"be-lm-medicationline.category.originType","be-lm-medicationline.category.originType","","","",0,1,"","","","CodeableConcept {[]} {[]}
","The origin...","The origin...","","","","","","","","","",,,,,"",,,,"be-lm-medicationline.category.originType",0,1,"",""
"be-lm-medicationline.medication","be-lm-medicationline.medication","","","",1,1,"","","","BackboneElement {[]} {[]}
","The product or substance","The product or substance","","","","","","","","","",,,,,"",,,,"be-lm-medicationline.medication",1,1,"","ele-1:All FHIR elements must have a @value or children {hasValue() or (children().count() > id.count())}
"
"be-lm-medicationline.medication.id","be-lm-medicationline.medication.id","","","",0,1,"","","","string {[]} {[]}
","Unique id for inter-element referencing","Unique id for the element within a resource (for internal references). This may be any string value that does not contain spaces.","","","","","","","","","",,,,,"",,,,"Element.id",0,1,"","","n/a"
"be-lm-medicationline.medication.extension","be-lm-medicationline.medication.extension","","extensions
user content","",0,*,"","","","Extension {[]} {[]}
","Additional content defined by implementations","May be used to represent additional information that is not part of the basic definition of the element. To make the use of extensions safe and manageable, there is a strict set of governance  applied to the definition and use of extensions. Though any implementer can define an extension, there is a set of requirements that SHALL be met as part of the definition of the extension.","There can be no stigma associated with the use of extensions by any application, project, or standard - regardless of the institution or jurisdiction that uses or defines the extensions.  The use of extensions is what allows the FHIR specification to retain a core level of simplicity for everyone.","","","","","","","","",,,,,"","value:url}
","Extensions are always sliced by (at least) url",,"open","Element.extension",0,*,"","ele-1:All FHIR elements must have a @value or children {hasValue() or (children().count() > id.count())}
ext-1:Must have either extensions or value[x], not both {extension.exists() != value.exists()}","n/a"
"be-lm-medicationline.medication.modifierExtension","be-lm-medicationline.medication.modifierExtension","","extensions
user contentmodifiers","",0,*,"","Y","Y","Extension {[]} {[]}
","Extensions that cannot be ignored even if unrecognized","May be used to represent additional information that is not part of the basic definition of the element and that modifies the understanding of the element in which it is contained and/or the understanding of the containing element's descendants. Usually modifier elements provide negation or qualification. To make the use of extensions safe and manageable, there is a strict set of governance applied to the definition and use of extensions. Though any implementer can define an extension, there is a set of requirements that SHALL be met as part of the definition of the extension. Applications processing a resource are required to check for modifier extensions.

Modifier extensions SHALL NOT change the meaning of any elements on Resource or DomainResource (including cannot change the meaning of modifierExtension itself).","There can be no stigma associated with the use of extensions by any application, project, or standard - regardless of the institution or jurisdiction that uses or defines the extensions.  The use of extensions is what allows the FHIR specification to retain a core level of simplicity for everyone.","Modifier extensions allow for extensions that *cannot* be safely ignored to be clearly distinguished from the vast majority of extensions which can be safely ignored.  This promotes interoperability by eliminating the need for implementers to prohibit the presence of extensions. For further information, see the [definition of modifier extensions](http://hl7.org/fhir/R4/extensibility.html#modifierExtension).","","","","","","","",,,,,"",,,,"BackboneElement.modifierExtension",0,*,"","ele-1:All FHIR elements must have a @value or children {hasValue() or (children().count() > id.count())}
ext-1:Must have either extensions or value[x], not both {extension.exists() != value.exists()}","N/A"
"be-lm-medicationline.medication.product","be-lm-medicationline.medication.product","","","",1,1,"","","","Reference {[]} {[CanonicalType[https://www.ehealth.fgov.be/standards/fhir/medication/StructureDefinition/BELMMedProduct]]}
","Product reference, identifier or name","Product reference, identifier or name","","","","","","","","","",,,,,"",,,,"be-lm-medicationline.medication.product",1,1,"",""
"be-lm-medicationline.medication.type","be-lm-medicationline.medication.type","","","",1,1,"","","","CodeableConcept {[]} {[]}
","Type of medication - magistral, medicinal product, non-medicinal product","Type of medication - magistral, medicinal product, non-medicinal product","","","","","","","","","",,"required","","https://www.ehealth.fgov.be/standards/fhir/medication/ValueSet/medication-type-vs","",,,,"be-lm-medicationline.medication.type",1,1,"",""
"be-lm-medicationline.exposure","be-lm-medicationline.exposure","","","",0,1,"","","","CodeableConcept {[]} {[]}
","Therapeutic, Prophylactic","Therapeutic, Prophylactic","","","","","","","","","",,"required","","https://www.ehealth.fgov.be/standards/fhir/medication/ValueSet/medication-exposuretype-vs","",,,,"be-lm-medicationline.exposure",0,1,"",""
"be-lm-medicationline.reason","be-lm-medicationline.reason","","","",0,*,"","","","BackboneElement {[]} {[]}
","Reason for the medication treatment","Reason for the medication treatment","","","","","","","","","",,,,,"",,,,"be-lm-medicationline.reason",0,*,"","ele-1:All FHIR elements must have a @value or children {hasValue() or (children().count() > id.count())}
"
"be-lm-medicationline.reason.id","be-lm-medicationline.reason.id","","","",0,1,"","","","string {[]} {[]}
","Unique id for inter-element referencing","Unique id for the element within a resource (for internal references). This may be any string value that does not contain spaces.","","","","","","","","","",,,,,"",,,,"Element.id",0,1,"","","n/a"
"be-lm-medicationline.reason.extension","be-lm-medicationline.reason.extension","","extensions
user content","",0,*,"","","","Extension {[]} {[]}
","Additional content defined by implementations","May be used to represent additional information that is not part of the basic definition of the element. To make the use of extensions safe and manageable, there is a strict set of governance  applied to the definition and use of extensions. Though any implementer can define an extension, there is a set of requirements that SHALL be met as part of the definition of the extension.","There can be no stigma associated with the use of extensions by any application, project, or standard - regardless of the institution or jurisdiction that uses or defines the extensions.  The use of extensions is what allows the FHIR specification to retain a core level of simplicity for everyone.","","","","","","","","",,,,,"","value:url}
","Extensions are always sliced by (at least) url",,"open","Element.extension",0,*,"","ele-1:All FHIR elements must have a @value or children {hasValue() or (children().count() > id.count())}
ext-1:Must have either extensions or value[x], not both {extension.exists() != value.exists()}","n/a"
"be-lm-medicationline.reason.modifierExtension","be-lm-medicationline.reason.modifierExtension","","extensions
user contentmodifiers","",0,*,"","Y","Y","Extension {[]} {[]}
","Extensions that cannot be ignored even if unrecognized","May be used to represent additional information that is not part of the basic definition of the element and that modifies the understanding of the element in which it is contained and/or the understanding of the containing element's descendants. Usually modifier elements provide negation or qualification. To make the use of extensions safe and manageable, there is a strict set of governance applied to the definition and use of extensions. Though any implementer can define an extension, there is a set of requirements that SHALL be met as part of the definition of the extension. Applications processing a resource are required to check for modifier extensions.

Modifier extensions SHALL NOT change the meaning of any elements on Resource or DomainResource (including cannot change the meaning of modifierExtension itself).","There can be no stigma associated with the use of extensions by any application, project, or standard - regardless of the institution or jurisdiction that uses or defines the extensions.  The use of extensions is what allows the FHIR specification to retain a core level of simplicity for everyone.","Modifier extensions allow for extensions that *cannot* be safely ignored to be clearly distinguished from the vast majority of extensions which can be safely ignored.  This promotes interoperability by eliminating the need for implementers to prohibit the presence of extensions. For further information, see the [definition of modifier extensions](http://hl7.org/fhir/R4/extensibility.html#modifierExtension).","","","","","","","",,,,,"",,,,"BackboneElement.modifierExtension",0,*,"","ele-1:All FHIR elements must have a @value or children {hasValue() or (children().count() > id.count())}
ext-1:Must have either extensions or value[x], not both {extension.exists() != value.exists()}","N/A"
"be-lm-medicationline.reason.reference","be-lm-medicationline.reason.reference","","","",0,1,"","","","Reference {[]} {[]}
","Reference to existing condition or reason","Reference to existing condition or reason","","","","","","","","","",,,,,"",,,,"be-lm-medicationline.reason.reference",0,1,"",""
"be-lm-medicationline.reason.code","be-lm-medicationline.reason.code","","","",0,1,"","","","CodeableConcept {[]} {[]}
","Code of the condition, or free text","Code of the condition, or free text","","","","","","","","","",,,,,"",,,,"be-lm-medicationline.reason.code",0,1,"",""
"be-lm-medicationline.effectivePeriod","be-lm-medicationline.effectivePeriod","","","",1,1,"","","","BackboneElement {[]} {[]}
","Period of medication treatment","Period of medication treatment",".effectiveDateTime OR .effectivePeriod.start. Do we need to support both? Can we use effectivePeriod when .end is known? And when only .start is known, we use dateTime?","","","","","","","","",,,,,"",,,,"be-lm-medicationline.effectivePeriod",1,1,"","ele-1:All FHIR elements must have a @value or children {hasValue() or (children().count() > id.count())}
"
"be-lm-medicationline.effectivePeriod.id","be-lm-medicationline.effectivePeriod.id","","","",0,1,"","","","string {[]} {[]}
","Unique id for inter-element referencing","Unique id for the element within a resource (for internal references). This may be any string value that does not contain spaces.","","","","","","","","","",,,,,"",,,,"Element.id",0,1,"","","n/a"
"be-lm-medicationline.effectivePeriod.extension","be-lm-medicationline.effectivePeriod.extension","","extensions
user content","",0,*,"","","","Extension {[]} {[]}
","Additional content defined by implementations","May be used to represent additional information that is not part of the basic definition of the element. To make the use of extensions safe and manageable, there is a strict set of governance  applied to the definition and use of extensions. Though any implementer can define an extension, there is a set of requirements that SHALL be met as part of the definition of the extension.","There can be no stigma associated with the use of extensions by any application, project, or standard - regardless of the institution or jurisdiction that uses or defines the extensions.  The use of extensions is what allows the FHIR specification to retain a core level of simplicity for everyone.","","","","","","","","",,,,,"","value:url}
","Extensions are always sliced by (at least) url",,"open","Element.extension",0,*,"","ele-1:All FHIR elements must have a @value or children {hasValue() or (children().count() > id.count())}
ext-1:Must have either extensions or value[x], not both {extension.exists() != value.exists()}","n/a"
"be-lm-medicationline.effectivePeriod.modifierExtension","be-lm-medicationline.effectivePeriod.modifierExtension","","extensions
user contentmodifiers","",0,*,"","Y","Y","Extension {[]} {[]}
","Extensions that cannot be ignored even if unrecognized","May be used to represent additional information that is not part of the basic definition of the element and that modifies the understanding of the element in which it is contained and/or the understanding of the containing element's descendants. Usually modifier elements provide negation or qualification. To make the use of extensions safe and manageable, there is a strict set of governance applied to the definition and use of extensions. Though any implementer can define an extension, there is a set of requirements that SHALL be met as part of the definition of the extension. Applications processing a resource are required to check for modifier extensions.

Modifier extensions SHALL NOT change the meaning of any elements on Resource or DomainResource (including cannot change the meaning of modifierExtension itself).","There can be no stigma associated with the use of extensions by any application, project, or standard - regardless of the institution or jurisdiction that uses or defines the extensions.  The use of extensions is what allows the FHIR specification to retain a core level of simplicity for everyone.","Modifier extensions allow for extensions that *cannot* be safely ignored to be clearly distinguished from the vast majority of extensions which can be safely ignored.  This promotes interoperability by eliminating the need for implementers to prohibit the presence of extensions. For further information, see the [definition of modifier extensions](http://hl7.org/fhir/R4/extensibility.html#modifierExtension).","","","","","","","",,,,,"",,,,"BackboneElement.modifierExtension",0,*,"","ele-1:All FHIR elements must have a @value or children {hasValue() or (children().count() > id.count())}
ext-1:Must have either extensions or value[x], not both {extension.exists() != value.exists()}","N/A"
"be-lm-medicationline.effectivePeriod.start","be-lm-medicationline.effectivePeriod.start","","","",1,1,"","","","dateTime {[]} {[]}
","The begin of the medication line","The begin of the medication line","","","","","","","","","",,,,,"",,,,"be-lm-medicationline.effectivePeriod.start",1,1,"",""
"be-lm-medicationline.effectivePeriod.end","be-lm-medicationline.effectivePeriod.end","","","",0,1,"","","","dateTime {[]} {[]}
","The end of the medication line","The end of the medication line","","","","","","","","","",,,,,"",,,,"be-lm-medicationline.effectivePeriod.end",0,1,"",""
"be-lm-medicationline.adherence","be-lm-medicationline.adherence","","","",0,1,"","","","BackboneElement {[]} {[]}
","Whether the patient is known to be taking the medication","Whether the patient is known to be taking the medication","","","","","","","","","",,,,,"",,,,"be-lm-medicationline.adherence",0,1,"","ele-1:All FHIR elements must have a @value or children {hasValue() or (children().count() > id.count())}
"
"be-lm-medicationline.adherence.id","be-lm-medicationline.adherence.id","","","",0,1,"","","","string {[]} {[]}
","Unique id for inter-element referencing","Unique id for the element within a resource (for internal references). This may be any string value that does not contain spaces.","","","","","","","","","",,,,,"",,,,"Element.id",0,1,"","","n/a"
"be-lm-medicationline.adherence.extension","be-lm-medicationline.adherence.extension","","extensions
user content","",0,*,"","","","Extension {[]} {[]}
","Additional content defined by implementations","May be used to represent additional information that is not part of the basic definition of the element. To make the use of extensions safe and manageable, there is a strict set of governance  applied to the definition and use of extensions. Though any implementer can define an extension, there is a set of requirements that SHALL be met as part of the definition of the extension.","There can be no stigma associated with the use of extensions by any application, project, or standard - regardless of the institution or jurisdiction that uses or defines the extensions.  The use of extensions is what allows the FHIR specification to retain a core level of simplicity for everyone.","","","","","","","","",,,,,"","value:url}
","Extensions are always sliced by (at least) url",,"open","Element.extension",0,*,"","ele-1:All FHIR elements must have a @value or children {hasValue() or (children().count() > id.count())}
ext-1:Must have either extensions or value[x], not both {extension.exists() != value.exists()}","n/a"
"be-lm-medicationline.adherence.modifierExtension","be-lm-medicationline.adherence.modifierExtension","","extensions
user contentmodifiers","",0,*,"","Y","Y","Extension {[]} {[]}
","Extensions that cannot be ignored even if unrecognized","May be used to represent additional information that is not part of the basic definition of the element and that modifies the understanding of the element in which it is contained and/or the understanding of the containing element's descendants. Usually modifier elements provide negation or qualification. To make the use of extensions safe and manageable, there is a strict set of governance applied to the definition and use of extensions. Though any implementer can define an extension, there is a set of requirements that SHALL be met as part of the definition of the extension. Applications processing a resource are required to check for modifier extensions.

Modifier extensions SHALL NOT change the meaning of any elements on Resource or DomainResource (including cannot change the meaning of modifierExtension itself).","There can be no stigma associated with the use of extensions by any application, project, or standard - regardless of the institution or jurisdiction that uses or defines the extensions.  The use of extensions is what allows the FHIR specification to retain a core level of simplicity for everyone.","Modifier extensions allow for extensions that *cannot* be safely ignored to be clearly distinguished from the vast majority of extensions which can be safely ignored.  This promotes interoperability by eliminating the need for implementers to prohibit the presence of extensions. For further information, see the [definition of modifier extensions](http://hl7.org/fhir/R4/extensibility.html#modifierExtension).","","","","","","","",,,,,"",,,,"BackboneElement.modifierExtension",0,*,"","ele-1:All FHIR elements must have a @value or children {hasValue() or (children().count() > id.count())}
ext-1:Must have either extensions or value[x], not both {extension.exists() != value.exists()}","N/A"
"be-lm-medicationline.adherence.code","be-lm-medicationline.adherence.code","","","",1,1,"","","","CodeableConcept {[]} {[]}
","The status - taking, not taking,...","The status - taking, not taking,...","","","","","","","","","",,,,,"",,,,"be-lm-medicationline.adherence.code",1,1,"",""
"be-lm-medicationline.adherence.adherenceReason","be-lm-medicationline.adherence.adherenceReason","","","",0,1,"","","","CodeableConcept {[]} {[]}
","Reason for the adherence status","Reason for the adherence status","","","","","","","","","",,,,,"",,,,"be-lm-medicationline.adherence.adherenceReason",0,1,"",""
"be-lm-medicationline.dosage","be-lm-medicationline.dosage","","","",0,1,"","","","BackboneElement {[]} {[]}
","Dosage","Dosage","","","","","","","","","",,,,,"",,,,"be-lm-medicationline.dosage",0,1,"","ele-1:All FHIR elements must have a @value or children {hasValue() or (children().count() > id.count())}
"
"be-lm-medicationline.dosage.id","be-lm-medicationline.dosage.id","","","",0,1,"","","","string {[]} {[]}
","Unique id for inter-element referencing","Unique id for the element within a resource (for internal references). This may be any string value that does not contain spaces.","","","","","","","","","",,,,,"",,,,"Element.id",0,1,"","","n/a"
"be-lm-medicationline.dosage.extension","be-lm-medicationline.dosage.extension","","extensions
user content","",0,*,"","","","Extension {[]} {[]}
","Additional content defined by implementations","May be used to represent additional information that is not part of the basic definition of the element. To make the use of extensions safe and manageable, there is a strict set of governance  applied to the definition and use of extensions. Though any implementer can define an extension, there is a set of requirements that SHALL be met as part of the definition of the extension.","There can be no stigma associated with the use of extensions by any application, project, or standard - regardless of the institution or jurisdiction that uses or defines the extensions.  The use of extensions is what allows the FHIR specification to retain a core level of simplicity for everyone.","","","","","","","","",,,,,"","value:url}
","Extensions are always sliced by (at least) url",,"open","Element.extension",0,*,"","ele-1:All FHIR elements must have a @value or children {hasValue() or (children().count() > id.count())}
ext-1:Must have either extensions or value[x], not both {extension.exists() != value.exists()}","n/a"
"be-lm-medicationline.dosage.modifierExtension","be-lm-medicationline.dosage.modifierExtension","","extensions
user contentmodifiers","",0,*,"","Y","Y","Extension {[]} {[]}
","Extensions that cannot be ignored even if unrecognized","May be used to represent additional information that is not part of the basic definition of the element and that modifies the understanding of the element in which it is contained and/or the understanding of the containing element's descendants. Usually modifier elements provide negation or qualification. To make the use of extensions safe and manageable, there is a strict set of governance applied to the definition and use of extensions. Though any implementer can define an extension, there is a set of requirements that SHALL be met as part of the definition of the extension. Applications processing a resource are required to check for modifier extensions.

Modifier extensions SHALL NOT change the meaning of any elements on Resource or DomainResource (including cannot change the meaning of modifierExtension itself).","There can be no stigma associated with the use of extensions by any application, project, or standard - regardless of the institution or jurisdiction that uses or defines the extensions.  The use of extensions is what allows the FHIR specification to retain a core level of simplicity for everyone.","Modifier extensions allow for extensions that *cannot* be safely ignored to be clearly distinguished from the vast majority of extensions which can be safely ignored.  This promotes interoperability by eliminating the need for implementers to prohibit the presence of extensions. For further information, see the [definition of modifier extensions](http://hl7.org/fhir/R4/extensibility.html#modifierExtension).","","","","","","","",,,,,"",,,,"BackboneElement.modifierExtension",0,*,"","ele-1:All FHIR elements must have a @value or children {hasValue() or (children().count() > id.count())}
ext-1:Must have either extensions or value[x], not both {extension.exists() != value.exists()}","N/A"
"be-lm-medicationline.dosage.dosageDetails","be-lm-medicationline.dosage.dosageDetails","","","",0,1,"","","","Dosage {[]} {[]}
","Structure Dosage","Structure Dosage","","","","","","","","","",,,,,"",,,,"be-lm-medicationline.dosage.dosageDetails",0,1,"",""
"be-lm-medicationline.dosage.dosageOverride","be-lm-medicationline.dosage.dosageOverride","","","",0,1,"","","","boolean {[]} {[]}
","Dosage Override","Dosage Override","should these be extensions on dosage or on the line?","","","","","","","","",,,,,"",,,,"be-lm-medicationline.dosage.dosageOverride",0,1,"",""
"be-lm-medicationline.dosage.dosageOverrideReason","be-lm-medicationline.dosage.dosageOverrideReason","","","",1,1,"","","","CodeableConcept {[]} {[]}
","Dosage Override reason","Dosage Override reason","should these be extensions on dosage or on the line?","","","","","","","","",,,,,"",,,,"be-lm-medicationline.dosage.dosageOverrideReason",1,1,"",""
"be-lm-medicationline.note","be-lm-medicationline.note","","","",0,*,"","","","Annotation {[]} {[]}
","A note captured by a professional","A note captured by a professional","","","","","","","","","",,,,,"",,,,"be-lm-medicationline.note",0,*,"",""
"be-lm-medicationline.dispenseRequestNeeded","be-lm-medicationline.dispenseRequestNeeded","","","",0,*,"","","","CodeableConcept {[]} {[]}
","Whether the medication needs a prescription or request to be dispensed","Whether the medication needs a prescription or request to be dispensed","","","","","","","","","",,,,,"",,,,"be-lm-medicationline.dispenseRequestNeeded",0,*,"",""
"be-lm-medicationline.visibility","be-lm-medicationline.visibility","","","",0,*,"","","","CodeableConcept {[]} {[]}
","Whether the patient has explicitly requested the medication line not to be seen - when other rules don't prevail","Whether the patient has explicitly requested the medication line not to be seen - when other rules don't prevail","","","","","","","","","",,,,,"",,,,"be-lm-medicationline.visibility",0,*,"",""
