<?xml version="1.0" encoding="UTF-8"?>

<ValueSet xmlns="http://hl7.org/fhir">
  <id value="be-vs-dispenser-types"/>
  <text>
    <status value="generated"/><div xmlns="http://www.w3.org/1999/xhtml"><ul><li>Include these codes as defined in <code>https://www.ehealth.fgov.be/standards/fhir/core/CodeSystem/cd-hcparty</code><table class="none"><tr><td style="white-space:nowrap"><b>Code</b></td><td><b>Display</b></td></tr><tr><td>deptpharmacy</td><td/></tr><tr><td>perspharmacist</td><td/></tr><tr><td>orgpharmacy</td><td/></tr><tr><td>perspharmacyassistant</td><td/></tr><tr><td>perspharmacistclinicalbiologist</td><td/></tr><tr><td>persdentist</td><td/></tr><tr><td>deptdentistry</td><td/></tr></table></li></ul></div>
  </text>
  <url value="https://www.ehealth.fgov.be/standards/fhir/medication/ValueSet/be-vs-dispenser-types"/>
  <version value="0.2.0"/>
  <name value="DispenserTypes"/>
  <title value="Dispenser Types"/>
  <status value="active"/>
  <date value="2022-03-29T14:38:19+00:00"/>
  <publisher value="HL7 Belgium/eHealth Platform"/>
  <contact>
    <telecom>
      <system value="url"/>
      <value value="http://hl7belgium.org"/>
    </telecom>
  </contact>
  <description value="Dispenser Types - from hcparty"/>
  <jurisdiction>
    <coding>
      <system value="urn:iso:std:iso:3166"/>
      <code value="BE"/>
    </coding>
    <text value="Belgium"/>
  </jurisdiction>
  <compose>
    <include>
      <system value="https://www.ehealth.fgov.be/standards/fhir/core/CodeSystem/cd-hcparty"/>
      <concept>
        <code value="deptpharmacy"/>
      </concept>
      <concept>
        <code value="perspharmacist"/>
      </concept>
      <concept>
        <code value="orgpharmacy"/>
      </concept>
      <concept>
        <code value="perspharmacyassistant"/>
      </concept>
      <concept>
        <code value="perspharmacistclinicalbiologist"/>
      </concept>
      <concept>
        <code value="persdentist"/>
      </concept>
      <concept>
        <code value="deptdentistry"/>
      </concept>
    </include>
  </compose>
</ValueSet>