{"resourceType":"CodeSystem","id":"medication-line-origin-type","text":{"status":"generated","div":"<div xmlns=\"http://www.w3.org/1999/xhtml\"><p>This case-sensitive code system <code>https://www.ehealth.fgov.be/standards/fhir/medication/CodeSystem/medication-line-origin-type</code> defines the following codes:</p><table class=\"codes\"><tr><td style=\"white-space:nowrap\"><b>Code</b></td><td><b>Display</b></td></tr><tr><td style=\"white-space:nowrap\">ambulatory<a name=\"medication-line-origin-type-ambulatory\"> </a></td><td>Ambulatory</td></tr><tr><td style=\"white-space:nowrap\">hospital<a name=\"medication-line-origin-type-hospital\"> </a></td><td>Hospital</td></tr></table></div>"},"url":"https://www.ehealth.fgov.be/standards/fhir/medication/CodeSystem/medication-line-origin-type","version":"1.1.0","name":"MedicationLineOrigintype","title":"Medication origin type","status":"active","experimental":false,"date":"2024-04-07T12:14:10+00:00","publisher":"eHealth Platform","contact":[{"name":"eHealth Platform","telecom":[{"system":"url","value":"https://www.ehealth.fgov.be/standards/fhir"},{"system":"email","value":"message-structure@ehealth.fgov.be"}]},{"name":"Message Structure eHealth","telecom":[{"system":"email","value":"message-structure@ehealth.fgov.be","use":"work"}]}],"description":"Medication treatment origin type - what is the type of care that originated the medication treatment","jurisdiction":[{"coding":[{"system":"urn:iso:std:iso:3166","code":"BE","display":"Belgium"}]}],"caseSensitive":true,"content":"complete","count":2,"concept":[{"code":"ambulatory","display":"Ambulatory"},{"code":"hospital","display":"Hospital"}]}