{"resourceType":"ImplementationGuide","id":"hl7.fhir.be.medication","text":{"status":"extensions","div":"<div xmlns=\"http://www.w3.org/1999/xhtml\"><h2>Medication</h2><p>The official URL for this implementation guide is: </p><pre>https://www.ehealth.fgov.be/standards/fhir/medication/ImplementationGuide/hl7.fhir.be.medication</pre><div><p>Medication</p>\n</div></div>"},"url":"https://www.ehealth.fgov.be/standards/fhir/medication/ImplementationGuide/hl7.fhir.be.medication","version":"1.0.0","name":"Medication","title":"Medication","status":"active","date":"2020-02-26","publisher":"eHealth Platform","contact":[{"name":"eHealth Platform","telecom":[{"system":"url","value":"https://www.ehealth.fgov.be/standards/fhir"},{"system":"email","value":"message-structure@ehealth.fgov.be"}]},{"name":"Message Structure eHealth","telecom":[{"system":"email","value":"message-structure@ehealth.fgov.be","use":"work"}]}],"description":"Medication","jurisdiction":[{"coding":[{"system":"urn:iso:std:iso:3166","code":"BE","display":"Belgium"}]}],"packageId":"hl7.fhir.be.medication","license":"CC0-1.0","fhirVersion":["4.0.1"],"dependsOn":[{"id":"hl7_fhir_be_core","uri":"https://www.ehealth.fgov.be/standards/fhir/core/ImplementationGuide/hl7.fhir.be.core","packageId":"hl7.fhir.be.core","version":"2.0.0"}],"definition":{"extension":[{"extension":[{"url":"code","valueString":"copyrightyear"},{"url":"value","valueString":"2021+"}],"url":"http://hl7.org/fhir/tools/StructureDefinition/ig-parameter"},{"extension":[{"url":"code","valueString":"releaselabel"},{"url":"value","valueString":"STU1"}],"url":"http://hl7.org/fhir/tools/StructureDefinition/ig-parameter"},{"extension":[{"url":"code","valueString":"shownav"},{"url":"value","valueString":"true"}],"url":"http://hl7.org/fhir/tools/StructureDefinition/ig-parameter"},{"extension":[{"url":"code","valueString":"apply-contact"},{"url":"value","valueString":"true"}],"url":"http://hl7.org/fhir/tools/StructureDefinition/ig-parameter"},{"extension":[{"url":"code","valueString":"apply-jurisdiction"},{"url":"value","valueString":"true"}],"url":"http://hl7.org/fhir/tools/StructureDefinition/ig-parameter"},{"extension":[{"url":"code","valueString":"apply-publisher"},{"url":"value","valueString":"true"}],"url":"http://hl7.org/fhir/tools/StructureDefinition/ig-parameter"},{"extension":[{"url":"code","valueString":"apply-version"},{"url":"value","valueString":"true"}],"url":"http://hl7.org/fhir/tools/StructureDefinition/ig-parameter"},{"extension":[{"url":"code","valueString":"autoload-resources"},{"url":"value","valueString":"true"}],"url":"http://hl7.org/fhir/tools/StructureDefinition/ig-parameter"},{"extension":[{"url":"code","valueString":"path-liquid"},{"url":"value","valueString":"template/liquid"}],"url":"http://hl7.org/fhir/tools/StructureDefinition/ig-parameter"},{"extension":[{"url":"code","valueString":"path-liquid"},{"url":"value","valueString":"input/liquid"}],"url":"http://hl7.org/fhir/tools/StructureDefinition/ig-parameter"},{"extension":[{"url":"code","valueString":"path-qa"},{"url":"value","valueString":"temp/qa"}],"url":"http://hl7.org/fhir/tools/StructureDefinition/ig-parameter"},{"extension":[{"url":"code","valueString":"path-temp"},{"url":"value","valueString":"temp/pages"}],"url":"http://hl7.org/fhir/tools/StructureDefinition/ig-parameter"},{"extension":[{"url":"code","valueString":"path-output"},{"url":"value","valueString":"output"}],"url":"http://hl7.org/fhir/tools/StructureDefinition/ig-parameter"},{"extension":[{"url":"code","valueString":"path-suppressed-warnings"},{"url":"value","valueString":"input/ignoreWarnings.txt"}],"url":"http://hl7.org/fhir/tools/StructureDefinition/ig-parameter"},{"extension":[{"url":"code","valueString":"path-history"},{"url":"value","valueString":"history.html"}],"url":"http://hl7.org/fhir/tools/StructureDefinition/ig-parameter"},{"extension":[{"url":"code","valueString":"template-html"},{"url":"value","valueString":"template-page.html"}],"url":"http://hl7.org/fhir/tools/StructureDefinition/ig-parameter"},{"extension":[{"url":"code","valueString":"template-md"},{"url":"value","valueString":"template-page-md.html"}],"url":"http://hl7.org/fhir/tools/StructureDefinition/ig-parameter"},{"extension":[{"url":"code","valueString":"apply-context"},{"url":"value","valueString":"true"}],"url":"http://hl7.org/fhir/tools/StructureDefinition/ig-parameter"},{"extension":[{"url":"code","valueString":"apply-copyright"},{"url":"value","valueString":"true"}],"url":"http://hl7.org/fhir/tools/StructureDefinition/ig-parameter"},{"extension":[{"url":"code","valueString":"apply-license"},{"url":"value","valueString":"true"}],"url":"http://hl7.org/fhir/tools/StructureDefinition/ig-parameter"},{"extension":[{"url":"code","valueString":"active-tables"},{"url":"value","valueString":"true"}],"url":"http://hl7.org/fhir/tools/StructureDefinition/ig-parameter"},{"extension":[{"url":"code","valueString":"fmm-definition"},{"url":"value","valueString":"http://hl7.org/fhir/versions.html#maturity"}],"url":"http://hl7.org/fhir/tools/StructureDefinition/ig-parameter"},{"extension":[{"url":"code","valueString":"propagate-status"},{"url":"value","valueString":"true"}],"url":"http://hl7.org/fhir/tools/StructureDefinition/ig-parameter"}],"grouping":[{"id":"-str-logicalmodel","name":"Structures: Logical Models","description":"These define data models that represent the domain covered by this implementation guide in more business-friendly terms than the underlying FHIR resources."},{"id":"-str-profile","name":"Structures: Resource Profiles","description":"These define constraints on FHIR resources for systems conforming to this implementation guide"},{"id":"-term-valueset","name":"Terminology: Value Sets","description":"These define sets of codes used by systems conforming to this implementation guide"},{"id":"-term-namingsystem","name":"Terminology: Naming Systems","description":"These define identifier and/or code system identities used by systems conforming to this implementation guide"},{"id":"-ex-example","name":"Example: Example Instances","description":"These are example instances that show what data produced and consumed by systems conforming with this implementation guide might look like"}],"resource":[{"extension":[{"url":"http://hl7.org/fhir/StructureDefinition/implementationguide-page","valueUri":"StructureDefinition-be-medicationdispense.html"}],"reference":{"reference":"StructureDefinition/be-medicationdispense"},"name":"BeMedicationDispense","description":"Defines constraints and extensions on the Medication Dispense resource for a record of a dispensation in Belgium.","exampleBoolean":false,"groupingId":"-str-profile"},{"extension":[{"url":"http://hl7.org/fhir/StructureDefinition/implementationguide-page","valueUri":"ValueSet-be-vs-dispenser-types.html"}],"reference":{"reference":"ValueSet/be-vs-dispenser-types"},"name":"Dispenser Types","description":"Dispenser Types - from hcparty","exampleBoolean":false,"groupingId":"-term-valueset"},{"extension":[{"url":"http://hl7.org/fhir/StructureDefinition/implementationguide-page","valueUri":"StructureDefinition-be-model-medication-dispense.html"}],"reference":{"reference":"StructureDefinition/be-model-medication-dispense"},"name":"be-model-medication-dispense","description":"This is the logical model for the Dispense Record entry - the information that can be captured upon the act of dispensing - in a hospital pharmacy, or a community pharmacy. This is not for a future dispense, rather a record of an actual dispense.","exampleBoolean":false,"groupingId":"-str-logicalmodel"},{"extension":[{"url":"http://hl7.org/fhir/StructureDefinition/implementationguide-page","valueUri":"NamingSystem-be-ns-cnk-codes.html"}],"reference":{"reference":"NamingSystem/be-ns-cnk-codes"},"name":"be-ns-cnk-codes","description":"Naming System - CNK Product Codes","exampleBoolean":false,"groupingId":"-term-namingsystem"},{"extension":[{"url":"http://hl7.org/fhir/StructureDefinition/implementationguide-page","valueUri":"NamingSystem-be-ns-cti-extended-code.html"}],"reference":{"reference":"NamingSystem/be-ns-cti-extended-code"},"name":"be-ns-cti-extended-code","description":"Naming System - CTI Extended Codes","exampleBoolean":false,"groupingId":"-term-namingsystem"},{"extension":[{"url":"http://hl7.org/fhir/StructureDefinition/implementationguide-page","valueUri":"NamingSystem-be-ns-prescription-ids.html"}],"reference":{"reference":"NamingSystem/be-ns-prescription-ids"},"name":"be-ns-prescription-ids","description":"Naming System - Prescription IDs","exampleBoolean":false,"groupingId":"-term-namingsystem"},{"extension":[{"url":"http://hl7.org/fhir/StructureDefinition/implementationguide-page","valueUri":"NamingSystem-be-ns-product-package-type.html"}],"reference":{"reference":"NamingSystem/be-ns-product-package-type"},"name":"be-ns-product-package-type","description":"Naming System - Prescription IDs","exampleBoolean":false,"groupingId":"-term-namingsystem"},{"extension":[{"url":"http://hl7.org/fhir/StructureDefinition/implementationguide-page","valueUri":"MedicationDispense-example-dispense-communitypharmacy-1med.html"}],"reference":{"reference":"MedicationDispense/example-dispense-communitypharmacy-1med"},"name":"Dispense entry Example - Community Pharmacy dispense, from prescription","description":"Medication Dispense example","exampleCanonical":"https://www.ehealth.fgov.be/standards/fhir/medication/StructureDefinition/be-medicationdispense","groupingId":"-ex-example"},{"extension":[{"url":"http://hl7.org/fhir/StructureDefinition/implementationguide-page","valueUri":"MedicationDispense-example-dispense-hospital.html"}],"reference":{"reference":"MedicationDispense/example-dispense-hospital"},"name":"A dispense from a hospital pharmacy","description":"A dispense from a hospital pharmacy, with a hospital nihdi and based on a prescription","exampleCanonical":"https://www.ehealth.fgov.be/standards/fhir/medication/StructureDefinition/be-medicationdispense","groupingId":"-ex-example"},{"extension":[{"url":"http://hl7.org/fhir/StructureDefinition/implementationguide-page","valueUri":"MedicationDispense-example-minimal-dispense.html"}],"reference":{"reference":"MedicationDispense/example-minimal-dispense"},"name":"Dispense Example - Minimal amount of information","description":"Medication Dispense example","exampleCanonical":"https://www.ehealth.fgov.be/standards/fhir/medication/StructureDefinition/be-medicationdispense","groupingId":"-ex-example"},{"extension":[{"url":"http://hl7.org/fhir/StructureDefinition/implementationguide-page","valueUri":"MedicationDispense-medication-dispense-example-2.html"},{"extension":[{"url":"type","valueCode":"Organization"},{"url":"id","valueId":"apotheek-onder-de-toren"},{"url":"title","valueString":"Organization"},{"url":"description"}],"url":"http://hl7.org/fhir/tools/StructureDefinition/contained-resource-information"}],"reference":{"reference":"MedicationDispense/medication-dispense-example-2"},"name":"Dispense entry Example - Community Pharmacy dispense, from prescription, with contained org.","description":"Medication Dispense example","exampleCanonical":"https://www.ehealth.fgov.be/standards/fhir/medication/StructureDefinition/be-medicationdispense","groupingId":"-ex-example"}],"page":{"nameUrl":"toc.html","title":"Table of Contents","generation":"html","page":[{"nameUrl":"index.html","title":"Home","generation":"html"},{"nameUrl":"downloads.html","title":"Downloads","generation":"html"},{"nameUrl":"howto.html","title":"Howto","generation":"html"},{"nameUrl":"logical-models.html","title":"Logical Models","generation":"markdown"},{"nameUrl":"medicationrecord.html","title":"Medicationrecord","generation":"markdown"},{"nameUrl":"medicationrecord-definitions.html","title":"Medicationrecord Definitions","generation":"markdown"},{"nameUrl":"medicationrecord-pattern-1.html","title":"Medicationrecord Pattern 1","generation":"markdown"},{"nameUrl":"medicationrecord-pattern-2.html","title":"Medicationrecord Pattern 2","generation":"markdown"},{"nameUrl":"medicationrecord-pattern-3.html","title":"Medicationrecord Pattern 3","generation":"markdown"},{"nameUrl":"medicationrecord-patterns.html","title":"Medicationrecord Patterns","generation":"markdown"},{"nameUrl":"medicationrecord-requirements.html","title":"Medicationrecord Requirements","generation":"markdown"},{"nameUrl":"medicationrecord-scenario-1.html","title":"Medicationrecord Scenario 1","generation":"markdown"},{"nameUrl":"medicationrecord-scenario-2.html","title":"Medicationrecord Scenario 2","generation":"markdown"},{"nameUrl":"medicationrecord-scenarios.html","title":"Medicationrecord Scenarios","generation":"markdown"},{"nameUrl":"usecases-dispense.html","title":"Usecases Dispense","generation":"markdown"},{"nameUrl":"artifacts.html","title":"Artifacts Summary","generation":"html","page":[{"nameUrl":"StructureDefinition-be-model-medication-dispense.html","title":"be-model-medication-dispense","generation":"generated"},{"nameUrl":"StructureDefinition-be-medicationdispense.html","title":"BeMedicationDispense","generation":"generated"},{"nameUrl":"ValueSet-be-vs-dispenser-types.html","title":"Dispenser Types","generation":"generated"},{"nameUrl":"NamingSystem-be-ns-cnk-codes.html","title":"be-ns-cnk-codes","generation":"generated"},{"nameUrl":"NamingSystem-be-ns-cti-extended-code.html","title":"be-ns-cti-extended-code","generation":"generated"},{"nameUrl":"NamingSystem-be-ns-prescription-ids.html","title":"be-ns-prescription-ids","generation":"generated"},{"nameUrl":"NamingSystem-be-ns-product-package-type.html","title":"be-ns-product-package-type","generation":"generated"},{"nameUrl":"MedicationDispense-example-dispense-communitypharmacy-1med.html","title":"Dispense entry Example - Community Pharmacy dispense, from prescription","generation":"generated"},{"nameUrl":"MedicationDispense-example-dispense-hospital.html","title":"A dispense from a hospital pharmacy","generation":"generated"},{"nameUrl":"MedicationDispense-example-minimal-dispense.html","title":"Dispense Example - Minimal amount of information","generation":"generated"},{"nameUrl":"MedicationDispense-medication-dispense-example-2.html","title":"Dispense entry Example - Community Pharmacy dispense, from prescription, with contained org.","generation":"generated","page":[{"nameUrl":"Organization-medication-dispense-example-2_apotheek-onder-de-toren.html","title":"Organization","generation":"generated"}]}]}]},"parameter":[{"code":"path-resource","value":"input/capabilities"},{"code":"path-resource","value":"input/examples"},{"code":"path-resource","value":"input/extensions"},{"code":"path-resource","value":"input/models"},{"code":"path-resource","value":"input/operations"},{"code":"path-resource","value":"input/profiles"},{"code":"path-resource","value":"input/resources"},{"code":"path-resource","value":"input/vocabulary"},{"code":"path-resource","value":"input/maps"},{"code":"path-resource","value":"input/testing"},{"code":"path-resource","value":"input/history"},{"code":"path-resource","value":"fsh-generated/resources"},{"code":"path-pages","value":"template/config"},{"code":"path-pages","value":"input/images"},{"code":"path-tx-cache","value":"input-cache/txcache"}]}}