{"resourceType":"ImplementationGuide","id":"hl7.fhir.be.medication","text":{"status":"extensions","div":"<div xmlns=\"http://www.w3.org/1999/xhtml\"><h2>BEMedicationIG</h2><p>The official URL for this implementation guide is: </p><pre>https://www.ehealth.fgov.be/standards/fhir/medication/ImplementationGuide/hl7.fhir.be.medication</pre><div><p>ImplementationGuide for HL7 Belgium Medication Work Group</p>\n</div></div>"},"url":"https://www.ehealth.fgov.be/standards/fhir/medication/ImplementationGuide/hl7.fhir.be.medication","version":"0.2.0","name":"BEMedicationIG","title":"HL7 Belgium Medication Implementation Guide","status":"draft","experimental":false,"date":"2022-03-29T15:24:43+00:00","publisher":"HL7 Belgium/eHealth Platform","contact":[{"telecom":[{"system":"url","value":"http://hl7belgium.org"}]}],"description":"ImplementationGuide for HL7 Belgium Medication Work Group","jurisdiction":[{"coding":[{"system":"urn:iso:std:iso:3166","code":"BE"}],"text":"Belgium"}],"packageId":"hl7.fhir.be.medication","license":"CC0-1.0","fhirVersion":["4.0.1"],"definition":{"extension":[{"extension":[{"url":"code","valueString":"copyrightyear"},{"url":"value","valueString":"2019+"}],"url":"http://hl7.org/fhir/tools/StructureDefinition/ig-parameter"},{"extension":[{"url":"code","valueString":"releaselabel"},{"url":"value","valueString":"ReleaseCandidate"}],"url":"http://hl7.org/fhir/tools/StructureDefinition/ig-parameter"},{"extension":[{"url":"code","valueString":"path-binary"},{"url":"value","valueString":"input\\cql"}],"url":"http://hl7.org/fhir/tools/StructureDefinition/ig-parameter"},{"extension":[{"url":"code","valueString":"excludettl"},{"url":"value","valueString":"true"}],"url":"http://hl7.org/fhir/tools/StructureDefinition/ig-parameter"},{"extension":[{"url":"code","valueString":"show-inherited-invariants"},{"url":"value","valueString":"false"}],"url":"http://hl7.org/fhir/tools/StructureDefinition/ig-parameter"},{"extension":[{"url":"code","valueString":"autoload-resources"},{"url":"value","valueString":"true"}],"url":"http://hl7.org/fhir/tools/StructureDefinition/ig-parameter"},{"extension":[{"url":"code","valueString":"path-liquid"},{"url":"value","valueString":"template/liquid"}],"url":"http://hl7.org/fhir/tools/StructureDefinition/ig-parameter"},{"extension":[{"url":"code","valueString":"path-liquid"},{"url":"value","valueString":"input/liquid"}],"url":"http://hl7.org/fhir/tools/StructureDefinition/ig-parameter"},{"extension":[{"url":"code","valueString":"path-qa"},{"url":"value","valueString":"temp/qa"}],"url":"http://hl7.org/fhir/tools/StructureDefinition/ig-parameter"},{"extension":[{"url":"code","valueString":"path-temp"},{"url":"value","valueString":"temp/pages"}],"url":"http://hl7.org/fhir/tools/StructureDefinition/ig-parameter"},{"extension":[{"url":"code","valueString":"path-output"},{"url":"value","valueString":"output"}],"url":"http://hl7.org/fhir/tools/StructureDefinition/ig-parameter"},{"extension":[{"url":"code","valueString":"path-suppressed-warnings"},{"url":"value","valueString":"input/ignoreWarnings.txt"}],"url":"http://hl7.org/fhir/tools/StructureDefinition/ig-parameter"},{"extension":[{"url":"code","valueString":"path-history"},{"url":"value","valueString":"https://www.ehealth.fgov.be/standards/fhir/medication/history.html"}],"url":"http://hl7.org/fhir/tools/StructureDefinition/ig-parameter"},{"extension":[{"url":"code","valueString":"template-html"},{"url":"value","valueString":"template-page.html"}],"url":"http://hl7.org/fhir/tools/StructureDefinition/ig-parameter"},{"extension":[{"url":"code","valueString":"template-md"},{"url":"value","valueString":"template-page-md.html"}],"url":"http://hl7.org/fhir/tools/StructureDefinition/ig-parameter"},{"extension":[{"url":"code","valueString":"apply-contact"},{"url":"value","valueString":"true"}],"url":"http://hl7.org/fhir/tools/StructureDefinition/ig-parameter"},{"extension":[{"url":"code","valueString":"apply-context"},{"url":"value","valueString":"true"}],"url":"http://hl7.org/fhir/tools/StructureDefinition/ig-parameter"},{"extension":[{"url":"code","valueString":"apply-copyright"},{"url":"value","valueString":"true"}],"url":"http://hl7.org/fhir/tools/StructureDefinition/ig-parameter"},{"extension":[{"url":"code","valueString":"apply-jurisdiction"},{"url":"value","valueString":"true"}],"url":"http://hl7.org/fhir/tools/StructureDefinition/ig-parameter"},{"extension":[{"url":"code","valueString":"apply-license"},{"url":"value","valueString":"true"}],"url":"http://hl7.org/fhir/tools/StructureDefinition/ig-parameter"},{"extension":[{"url":"code","valueString":"apply-publisher"},{"url":"value","valueString":"true"}],"url":"http://hl7.org/fhir/tools/StructureDefinition/ig-parameter"},{"extension":[{"url":"code","valueString":"apply-version"},{"url":"value","valueString":"true"}],"url":"http://hl7.org/fhir/tools/StructureDefinition/ig-parameter"},{"extension":[{"url":"code","valueString":"active-tables"},{"url":"value","valueString":"true"}],"url":"http://hl7.org/fhir/tools/StructureDefinition/ig-parameter"},{"extension":[{"url":"code","valueString":"fmm-definition"},{"url":"value","valueString":"http://hl7.org/fhir/versions.html#maturity"}],"url":"http://hl7.org/fhir/tools/StructureDefinition/ig-parameter"},{"extension":[{"url":"code","valueString":"propagate-status"},{"url":"value","valueString":"true"}],"url":"http://hl7.org/fhir/tools/StructureDefinition/ig-parameter"}],"grouping":[{"id":"medicationdispense","name":"Medication Dispense","description":"Artifacts related to Medication Dispense:   The registration of a Dispensation event, whether in a hospital or community setting. This applies principally to prescribed medications, but may also be used to capture other medications that are dispensed - OTCs, contrast or anesthesia products used in imaging procedures, etc."},{"id":"-term-valueset","name":"Terminology: Value Sets","description":"These define sets of codes used by systems conforming to this implementation guide"},{"id":"-term-namingsystem","name":"Terminology: Naming Systems","description":"These define identifier and/or code system identities used by systems conforming to this implementation guide"}],"resource":[{"extension":[{"url":"http://hl7.org/fhir/StructureDefinition/implementationguide-page","valueUri":"StructureDefinition-be-model-medication-dispense.html"}],"reference":{"reference":"StructureDefinition/be-model-medication-dispense"},"fhirVersion":["4.0.1"],"name":"Logical Model Medication Dispense","description":"Medication Dispense entry - information captured when dispensing medication e.g. in pharmacies and hospitals","groupingId":"medicationdispense"},{"extension":[{"url":"http://hl7.org/fhir/StructureDefinition/implementationguide-page","valueUri":"StructureDefinition-be-medicationdispense.html"}],"reference":{"reference":"StructureDefinition/be-medicationdispense"},"fhirVersion":["4.0.1"],"name":"Profile - Medication Dispense","description":"Medication Dispense entry - information captured when dispensing medication e.g. in pharmacies and hospitals","groupingId":"medicationdispense"},{"extension":[{"url":"http://hl7.org/fhir/StructureDefinition/implementationguide-page","valueUri":"MedicationDispense-medication-dispense-example-1.html"}],"reference":{"reference":"MedicationDispense/medication-dispense-example-1"},"fhirVersion":["4.0.1"],"name":"Medication Dispense Example 1","description":"Medication Dispense Example 1 - a simple example of a dispensation in a pharmacy","exampleCanonical":"https://www.ehealth.fgov.be/standards/fhir/medication/StructureDefinition/be-medicationdispense","groupingId":"medicationdispense"},{"extension":[{"url":"http://hl7.org/fhir/StructureDefinition/implementationguide-page","valueUri":"MedicationDispense-medication-dispense-example-2.html"},{"extension":[{"url":"type","valueCode":"Organization"},{"url":"id","valueId":"apotheek-onder-de-toren"},{"url":"title","valueString":"Organization"},{"url":"description"}],"url":"http://hl7.org/fhir/tools/StructureDefinition/contained-resource-information"}],"reference":{"reference":"MedicationDispense/medication-dispense-example-2"},"fhirVersion":["4.0.1"],"name":"Medication Dispense Example 2","description":"Medication Dispense Example 2 - a simple example of a dispensation in a pharmacy - with a geolocation","exampleCanonical":"https://www.ehealth.fgov.be/standards/fhir/medication/StructureDefinition/be-medicationdispense","groupingId":"medicationdispense"},{"extension":[{"url":"http://hl7.org/fhir/StructureDefinition/implementationguide-page","valueUri":"MedicationDispense-example-dispense-communitypharmacy-1med.html"}],"reference":{"reference":"MedicationDispense/example-dispense-communitypharmacy-1med"},"fhirVersion":["4.0.1"],"name":"Medication Dispense Example 3","description":"Medication Dispense Example 3 - a simple example of a dispensation in a pharmacy - with a geolocation","exampleCanonical":"https://www.ehealth.fgov.be/standards/fhir/medication/StructureDefinition/be-medicationdispense","groupingId":"medicationdispense"},{"extension":[{"url":"http://hl7.org/fhir/StructureDefinition/implementationguide-page","valueUri":"MedicationDispense-example-minimal-dispense.html"}],"reference":{"reference":"MedicationDispense/example-minimal-dispense"},"fhirVersion":["4.0.1"],"name":"Medication Dispense - minimal example","description":"An example of a medication dispense with the minimal amount of necessary information","exampleCanonical":"https://www.ehealth.fgov.be/standards/fhir/medication/StructureDefinition/be-medicationdispense","groupingId":"medicationdispense"},{"extension":[{"url":"http://hl7.org/fhir/StructureDefinition/implementationguide-page","valueUri":"MedicationDispense-example-dispense-hospital.html"}],"reference":{"reference":"MedicationDispense/example-dispense-hospital"},"fhirVersion":["4.0.1"],"name":"Hospital Medication Dispense","description":"A dispense from a hospital pharmacy, with a hospital nihdi and based on a prescription","exampleCanonical":"https://www.ehealth.fgov.be/standards/fhir/medication/StructureDefinition/be-medicationdispense","groupingId":"medicationdispense"},{"extension":[{"url":"http://hl7.org/fhir/StructureDefinition/implementationguide-page","valueUri":"NamingSystem-be-ns-cnk-codes.html"}],"reference":{"reference":"NamingSystem/be-ns-cnk-codes"},"description":"Naming System - CNK Product Codes","groupingId":"-term-namingsystem"},{"extension":[{"url":"http://hl7.org/fhir/StructureDefinition/implementationguide-page","valueUri":"NamingSystem-be-ns-product-package-type.html"}],"reference":{"reference":"NamingSystem/be-ns-product-package-type"},"description":"Naming System - Product Package Types","groupingId":"-term-namingsystem"},{"extension":[{"url":"http://hl7.org/fhir/StructureDefinition/implementationguide-page","valueUri":"NamingSystem-be-ns-prescription-ids.html"}],"reference":{"reference":"NamingSystem/be-ns-prescription-ids"},"description":"Naming System - Prescription IDs","groupingId":"-term-namingsystem"},{"extension":[{"url":"http://hl7.org/fhir/StructureDefinition/implementationguide-page","valueUri":"ValueSet-be-vs-dispenser-types.html"}],"reference":{"reference":"ValueSet/be-vs-dispenser-types"},"name":"Dispenser Types","description":"Dispenser Types - from hcparty","groupingId":"-term-valueset"}],"page":{"nameUrl":"toc.html","title":"Table of Contents","generation":"html","page":[{"nameUrl":"index.html","title":"Belgium Medication Implementation Guide Home Page","generation":"html"},{"nameUrl":"howto.html","title":"How to read this document","generation":"html"},{"nameUrl":"usecases-dispense.html","title":"Use Cases - Dispense","generation":"markdown"},{"nameUrl":"logical-models.html","title":"Logical Models","generation":"markdown"},{"nameUrl":"downloads.html","title":"Downloads","generation":"html"},{"nameUrl":"artifacts.html","title":"Artifacts Summary","generation":"html","page":[{"nameUrl":"StructureDefinition-be-model-medication-dispense.html","title":"Logical Model Medication Dispense","generation":"generated"},{"nameUrl":"StructureDefinition-be-medicationdispense.html","title":"Profile - Medication Dispense","generation":"generated"},{"nameUrl":"MedicationDispense-medication-dispense-example-1.html","title":"Medication Dispense Example 1","generation":"generated"},{"nameUrl":"MedicationDispense-medication-dispense-example-2.html","title":"Medication Dispense Example 2","generation":"generated","page":[{"nameUrl":"Organization-medication-dispense-example-2_apotheek-onder-de-toren.html","title":"Organization","generation":"generated"}]},{"nameUrl":"MedicationDispense-example-dispense-communitypharmacy-1med.html","title":"Medication Dispense Example 3","generation":"generated"},{"nameUrl":"MedicationDispense-example-minimal-dispense.html","title":"Medication Dispense - minimal example","generation":"generated"},{"nameUrl":"MedicationDispense-example-dispense-hospital.html","title":"Hospital Medication Dispense","generation":"generated"},{"nameUrl":"ValueSet-be-vs-dispenser-types.html","title":"Dispenser Types","generation":"generated"},{"nameUrl":"NamingSystem-be-ns-cnk-codes.html","generation":"generated"},{"nameUrl":"NamingSystem-be-ns-product-package-type.html","generation":"generated"},{"nameUrl":"NamingSystem-be-ns-prescription-ids.html","generation":"generated"}]}]},"parameter":[{"code":"path-resource","value":"input/capabilities"},{"code":"path-resource","value":"input/examples"},{"code":"path-resource","value":"input/extensions"},{"code":"path-resource","value":"input/models"},{"code":"path-resource","value":"input/operations"},{"code":"path-resource","value":"input/profiles"},{"code":"path-resource","value":"input/resources"},{"code":"path-resource","value":"input/vocabulary"},{"code":"path-resource","value":"input/maps"},{"code":"path-resource","value":"input/testing"},{"code":"path-resource","value":"input/history"},{"code":"path-resource","value":"fsh-generated/resources"},{"code":"path-pages","value":"template/config"},{"code":"path-pages","value":"input/images"},{"code":"path-tx-cache","value":"input-cache/txcache"}]}}