{"resourceType":"ImplementationGuide","id":"hl7.fhir.be.medication","text":{"status":"extensions","div":"<div xmlns=\"http://www.w3.org/1999/xhtml\"><h2>BEMedicationIG</h2><p>The official URL for this implementation guide is: </p><pre>https://www.ehealth.fgov.be/standards/fhir/medication/ImplementationGuide/hl7.fhir.be.medication</pre><div><p>ImplementationGuide for HL7 Belgium Medication Work Group</p>\n</div></div>"},"url":"https://www.ehealth.fgov.be/standards/fhir/medication/ImplementationGuide/hl7.fhir.be.medication","version":"0.2.0","name":"BEMedicationIG","title":"HL7 Belgium Medication Implementation Guide","status":"draft","experimental":false,"date":"2022-03-29T15:40:06+00:00","publisher":"HL7 Belgium/eHealth Platform","contact":[{"telecom":[{"system":"url","value":"http://hl7belgium.org"}]}],"description":"ImplementationGuide for HL7 Belgium Medication Work Group","jurisdiction":[{"coding":[{"system":"urn:iso:std:iso:3166","code":"BE"}],"text":"Belgium"}],"packageId":"hl7.fhir.be.medication","license":"CC0-1.0","fhirVersion":["4.0.1"],"definition":{"extension":[{"extension":[{"url":"code","valueString":"copyrightyear"},{"url":"value","valueString":"2019+"}],"url":"http://hl7.org/fhir/tools/StructureDefinition/ig-parameter"},{"extension":[{"url":"code","valueString":"releaselabel"},{"url":"value","valueString":"ReleaseCandidate"}],"url":"http://hl7.org/fhir/tools/StructureDefinition/ig-parameter"},{"extension":[{"url":"code","valueString":"path-binary"},{"url":"value","valueString":"input\\cql"}],"url":"http://hl7.org/fhir/tools/StructureDefinition/ig-parameter"},{"extension":[{"url":"code","valueString":"excludettl"},{"url":"value","valueString":"true"}],"url":"http://hl7.org/fhir/tools/StructureDefinition/ig-parameter"},{"extension":[{"url":"code","valueString":"show-inherited-invariants"},{"url":"value","valueString":"false"}],"url":"http://hl7.org/fhir/tools/StructureDefinition/ig-parameter"},{"extension":[{"url":"code","valueString":"autoload-resources"},{"url":"value","valueString":"true"}],"url":"http://hl7.org/fhir/tools/StructureDefinition/ig-parameter"},{"extension":[{"url":"code","valueString":"path-liquid"},{"url":"value","valueString":"template/liquid"}],"url":"http://hl7.org/fhir/tools/StructureDefinition/ig-parameter"},{"extension":[{"url":"code","valueString":"path-liquid"},{"url":"value","valueString":"input/liquid"}],"url":"http://hl7.org/fhir/tools/StructureDefinition/ig-parameter"},{"extension":[{"url":"code","valueString":"path-qa"},{"url":"value","valueString":"temp/qa"}],"url":"http://hl7.org/fhir/tools/StructureDefinition/ig-parameter"},{"extension":[{"url":"code","valueString":"path-temp"},{"url":"value","valueString":"temp/pages"}],"url":"http://hl7.org/fhir/tools/StructureDefinition/ig-parameter"},{"extension":[{"url":"code","valueString":"path-output"},{"url":"value","valueString":"output"}],"url":"http://hl7.org/fhir/tools/StructureDefinition/ig-parameter"},{"extension":[{"url":"code","valueString":"path-suppressed-warnings"},{"url":"value","valueString":"input/ignoreWarnings.txt"}],"url":"http://hl7.org/fhir/tools/StructureDefinition/ig-parameter"},{"extension":[{"url":"code","valueString":"path-history"},{"url":"value","valueString":"https://www.ehealth.fgov.be/standards/fhir/medication/history.html"}],"url":"http://hl7.org/fhir/tools/StructureDefinition/ig-parameter"},{"extension":[{"url":"code","valueString":"template-html"},{"url":"value","valueString":"template-page.html"}],"url":"http://hl7.org/fhir/tools/StructureDefinition/ig-parameter"},{"extension":[{"url":"code","valueString":"template-md"},{"url":"value","valueString":"template-page-md.html"}],"url":"http://hl7.org/fhir/tools/StructureDefinition/ig-parameter"},{"extension":[{"url":"code","valueString":"apply-contact"},{"url":"value","valueString":"true"}],"url":"http://hl7.org/fhir/tools/StructureDefinition/ig-parameter"},{"extension":[{"url":"code","valueString":"apply-context"},{"url":"value","valueString":"true"}],"url":"http://hl7.org/fhir/tools/StructureDefinition/ig-parameter"},{"extension":[{"url":"code","valueString":"apply-copyright"},{"url":"value","valueString":"true"}],"url":"http://hl7.org/fhir/tools/StructureDefinition/ig-parameter"},{"extension":[{"url":"code","valueString":"apply-jurisdiction"},{"url":"value","valueString":"true"}],"url":"http://hl7.org/fhir/tools/StructureDefinition/ig-parameter"},{"extension":[{"url":"code","valueString":"apply-license"},{"url":"value","valueString":"true"}],"url":"http://hl7.org/fhir/tools/StructureDefinition/ig-parameter"},{"extension":[{"url":"code","valueString":"apply-publisher"},{"url":"value","valueString":"true"}],"url":"http://hl7.org/fhir/tools/StructureDefinition/ig-parameter"},{"extension":[{"url":"code","valueString":"apply-version"},{"url":"value","valueString":"true"}],"url":"http://hl7.org/fhir/tools/StructureDefinition/ig-parameter"},{"extension":[{"url":"code","valueString":"active-tables"},{"url":"value","valueString":"true"}],"url":"http://hl7.org/fhir/tools/StructureDefinition/ig-parameter"},{"extension":[{"url":"code","valueString":"fmm-definition"},{"url":"value","valueString":"http://hl7.org/fhir/versions.html#maturity"}],"url":"http://hl7.org/fhir/tools/StructureDefinition/ig-parameter"},{"extension":[{"url":"code","valueString":"propagate-status"},{"url":"value","valueString":"true"}],"url":"http://hl7.org/fhir/tools/StructureDefinition/ig-parameter"}],"grouping":[{"id":"-str-logicalmodel","name":"Structures: Logical Models","description":"These define data models that represent the domain covered by this implementation guide in more business-friendly terms than the underlying FHIR resources."},{"id":"-str-profile","name":"Structures: Resource Profiles","description":"These define constraints on FHIR resources for systems conforming to this implementation guide"},{"id":"-term-valueset","name":"Terminology: Value Sets","description":"These define sets of codes used by systems conforming to this implementation guide"},{"id":"-term-namingsystem","name":"Terminology: Naming Systems","description":"These define identifier and/or code system identities used by systems conforming to this implementation guide"},{"id":"-ex-example","name":"Example: Example Instances","description":"These are example instances that show what data produced and consumed by systems conforming with this implementation guide might look like"}],"resource":[{"extension":[{"url":"http://hl7.org/fhir/StructureDefinition/implementationguide-page","valueUri":"MedicationDispense-medication-dispense-example-2.html"},{"extension":[{"url":"type","valueCode":"Organization"},{"url":"id","valueId":"apotheek-onder-de-toren"},{"url":"title","valueString":"Organization"},{"url":"description"}],"url":"http://hl7.org/fhir/tools/StructureDefinition/contained-resource-information"}],"reference":{"reference":"MedicationDispense/medication-dispense-example-2"},"name":"Example MedicationDispense - medication-dispense-example-2","exampleCanonical":"https://www.ehealth.fgov.be/standards/fhir/medication/StructureDefinition/be-medicationdispense","groupingId":"-ex-example"},{"extension":[{"url":"http://hl7.org/fhir/StructureDefinition/implementationguide-page","valueUri":"MedicationDispense-example-dispense-hospital.html"}],"reference":{"reference":"MedicationDispense/example-dispense-hospital"},"name":"Example MedicationDispense - example-dispense-hospital","exampleCanonical":"https://www.ehealth.fgov.be/standards/fhir/medication/StructureDefinition/be-medicationdispense","groupingId":"-ex-example"},{"extension":[{"url":"http://hl7.org/fhir/StructureDefinition/implementationguide-page","valueUri":"NamingSystem-be-ns-cnk-codes.html"}],"reference":{"reference":"NamingSystem/be-ns-cnk-codes"},"description":"Naming System - CNK Product Codes","groupingId":"-term-namingsystem"},{"extension":[{"url":"http://hl7.org/fhir/StructureDefinition/implementationguide-page","valueUri":"MedicationDispense-example-dispense-communitypharmacy-1med.html"}],"reference":{"reference":"MedicationDispense/example-dispense-communitypharmacy-1med"},"name":"Example MedicationDispense - example-dispense-communitypharmacy-1med","exampleCanonical":"https://www.ehealth.fgov.be/standards/fhir/medication/StructureDefinition/be-medicationdispense","groupingId":"-ex-example"},{"extension":[{"url":"http://hl7.org/fhir/StructureDefinition/implementationguide-page","valueUri":"StructureDefinition-be-medicationdispense.html"}],"reference":{"reference":"StructureDefinition/be-medicationdispense"},"name":"BeMedicationDispense","description":"Defines constraints and extensions on the Medication Dispense resource for a record of a dispensation in Belgium.","groupingId":"-str-profile"},{"extension":[{"url":"http://hl7.org/fhir/StructureDefinition/implementationguide-page","valueUri":"MedicationDispense-example-minimal-dispense.html"}],"reference":{"reference":"MedicationDispense/example-minimal-dispense"},"name":"Example MedicationDispense - example-minimal-dispense","exampleCanonical":"https://www.ehealth.fgov.be/standards/fhir/medication/StructureDefinition/be-medicationdispense","groupingId":"-ex-example"},{"extension":[{"url":"http://hl7.org/fhir/StructureDefinition/implementationguide-page","valueUri":"NamingSystem-be-ns-product-package-type.html"}],"reference":{"reference":"NamingSystem/be-ns-product-package-type"},"description":"Naming System - Product Package Types","groupingId":"-term-namingsystem"},{"extension":[{"url":"http://hl7.org/fhir/StructureDefinition/implementationguide-page","valueUri":"NamingSystem-be-ns-prescription-ids.html"}],"reference":{"reference":"NamingSystem/be-ns-prescription-ids"},"description":"Naming System - Prescription IDs","groupingId":"-term-namingsystem"},{"extension":[{"url":"http://hl7.org/fhir/StructureDefinition/implementationguide-page","valueUri":"StructureDefinition-be-model-medication-dispense.html"}],"reference":{"reference":"StructureDefinition/be-model-medication-dispense"},"description":"This is the logical model for the Dispense Record entry - the information that can be captured upon the act of dispensing - in a hospital pharmacy, or a community pharmacy. This is not for a future dispense, rather a record of an actual dispense.","groupingId":"-str-logicalmodel"},{"extension":[{"url":"http://hl7.org/fhir/StructureDefinition/implementationguide-page","valueUri":"ValueSet-be-vs-dispenser-types.html"}],"reference":{"reference":"ValueSet/be-vs-dispenser-types"},"name":"Dispenser Types","description":"Dispenser Types - from hcparty","groupingId":"-term-valueset"}],"page":{"nameUrl":"toc.html","title":"Table of Contents","generation":"html","page":[{"nameUrl":"index.html","title":"Belgium Medication Implementation Guide Home Page","generation":"html"},{"nameUrl":"howto.html","title":"How to read this document","generation":"html"},{"nameUrl":"usecases-dispense.html","title":"Use Cases - Dispense","generation":"markdown"},{"nameUrl":"logical-models.html","title":"Logical Models","generation":"markdown"},{"nameUrl":"downloads.html","title":"Downloads","generation":"html"},{"nameUrl":"artifacts.html","title":"Artifacts Summary","generation":"html","page":[{"nameUrl":"StructureDefinition-be-model-medication-dispense.html","generation":"generated"},{"nameUrl":"StructureDefinition-be-medicationdispense.html","title":"BeMedicationDispense","generation":"generated"},{"nameUrl":"ValueSet-be-vs-dispenser-types.html","title":"Dispenser Types","generation":"generated"},{"nameUrl":"NamingSystem-be-ns-cnk-codes.html","generation":"generated"},{"nameUrl":"NamingSystem-be-ns-product-package-type.html","generation":"generated"},{"nameUrl":"NamingSystem-be-ns-prescription-ids.html","generation":"generated"},{"nameUrl":"MedicationDispense-medication-dispense-example-2.html","title":"Example MedicationDispense - medication-dispense-example-2","generation":"generated","page":[{"nameUrl":"Organization-medication-dispense-example-2_apotheek-onder-de-toren.html","title":"Organization","generation":"generated"}]},{"nameUrl":"MedicationDispense-example-dispense-hospital.html","title":"Example MedicationDispense - example-dispense-hospital","generation":"generated"},{"nameUrl":"MedicationDispense-example-dispense-communitypharmacy-1med.html","title":"Example MedicationDispense - example-dispense-communitypharmacy-1med","generation":"generated"},{"nameUrl":"MedicationDispense-example-minimal-dispense.html","title":"Example MedicationDispense - example-minimal-dispense","generation":"generated"}]}]},"parameter":[{"code":"path-resource","value":"input/capabilities"},{"code":"path-resource","value":"input/examples"},{"code":"path-resource","value":"input/extensions"},{"code":"path-resource","value":"input/models"},{"code":"path-resource","value":"input/operations"},{"code":"path-resource","value":"input/profiles"},{"code":"path-resource","value":"input/resources"},{"code":"path-resource","value":"input/vocabulary"},{"code":"path-resource","value":"input/maps"},{"code":"path-resource","value":"input/testing"},{"code":"path-resource","value":"input/history"},{"code":"path-resource","value":"fsh-generated/resources"},{"code":"path-pages","value":"template/config"},{"code":"path-pages","value":"input/images"},{"code":"path-tx-cache","value":"input-cache/txcache"}]}}