{"resourceType":"ValueSet","id":"medication-exposure-category-vs","text":{"status":"generated","div":"<div xmlns=\"http://www.w3.org/1999/xhtml\"><ul><li>Include these codes as defined in <a href=\"http://www.snomed.org/\"><code>http://snomed.info/sct</code></a><table class=\"none\"><tr><td style=\"white-space:nowrap\"><b>Code</b></td><td><b>Display</b></td></tr><tr><td><a href=\"http://snomed.info/id/360271000\">360271000</a></td><td>Prophylaxis</td></tr><tr><td><a href=\"http://snomed.info/id/360270004\">360270004</a></td><td>Therapy - action</td></tr></table></li></ul></div>"},"url":"https://www.ehealth.fgov.be/standards/fhir/medication/ValueSet/medication-exposure-category-vs","version":"1.1.0","name":"MedicationExposureCategoryVS","title":"Medication exposure intent","status":"draft","experimental":false,"date":"2024-04-07T12:14:10+00:00","publisher":"eHealth Platform","contact":[{"name":"eHealth Platform","telecom":[{"system":"url","value":"https://www.ehealth.fgov.be/standards/fhir"},{"system":"email","value":"message-structure@ehealth.fgov.be"}]},{"name":"Message Structure eHealth","telecom":[{"system":"email","value":"message-structure@ehealth.fgov.be","use":"work"}]}],"description":"The exposure purpose of a medication - whether the medication is given for therapeutic or prophylactic purposes.","jurisdiction":[{"coding":[{"system":"urn:iso:std:iso:3166","code":"BE","display":"Belgium"}]}],"copyright":"This value set includes content from SNOMED CT, which is copyright © 2002+ International Health Terminology Standards Development Organisation (IHTSDO), and distributed by agreement between IHTSDO and HL7. Implementer use of SNOMED CT is not covered by this agreement","compose":{"include":[{"system":"http://snomed.info/sct","concept":[{"code":"360271000","display":"Prophylaxis"},{"code":"360270004","display":"Therapy - action"}]}]}}